age,income,budget,credit_score,income_confidence,pages_viewed,time_on_site,return_visits,session_count,days_since_first_visit,contact_form_submitted,downloaded_brochure,property_saved,chat_with_agent,traffic_source,converted
59,81158,298001,584,0.66,7,452,8,10,2,0,0,0,0,facebook_ads,0
49,54782,164607,522,0.47,6,364,8,11,14,1,0,0,0,organic_search,0
35,105709,346965,565,0.67,15,52,5,2,12,1,0,0,0,referral,0
28,98533,250265,672,0.48,6,300,6,14,20,1,1,0,1,organic_search,1
41,128939,410632,532,0.71,7,169,9,4,24,0,0,1,0,facebook_ads,0
59,78255,335646,535,0.84,20,495,7,5,24,0,0,1,0,organic_search,1
39,131952,497117,613,0.73,22,483,8,9,24,1,0,0,0,facebook_ads,1
43,92684,313909,679,0.55,3,413,5,5,8,0,0,0,0,organic_search,0
31,76918,383498,719,0.61,21,623,7,9,23,0,0,1,0,organic_search,1
31,146093,814328,351,0.78,13,406,1,9,22,1,1,0,0,facebook_ads,1
44,104284,524252,808,0.75,2,467,9,8,28,1,0,1,0,referral,1
56,99558,331329,504,0.48,3,885,7,5,7,1,0,0,0,referral,1
44,105549,525398,556,0.91,13,451,1,14,13,0,0,0,1,organic_search,0
23,124223,323963,484,0.69,9,185,7,12,15,0,0,0,1,facebook_ads,0
42,101422,255712,444,0.5,22,364,1,2,14,0,0,0,0,google_ads,0
22,140363,474778,313,0.47,19,560,2,5,5,1,1,0,0,organic_search,1
44,146352,765539,545,0.98,18,610,6,11,8,0,1,1,1,google_ads,1
50,45256,135106,486,0.57,5,161,8,1,18,0,0,0,1,facebook_ads,0
58,50005,112661,636,0.95,10,797,2,8,5,1,0,0,0,referral,0
22,26638,67309,558,0.65,14,750,4,2,23,0,0,0,0,referral,0
41,57419,312071,339,0.63,21,530,8,7,9,1,0,0,1,facebook_ads,0
53,53377,242071,717,0.82,17,551,6,11,10,0,0,0,0,organic_search,0
32,126244,380348,650,0.41,3,169,1,2,17,0,0,1,0,referral,0
42,63116,266424,308,0.6,7,164,4,12,27,0,0,0,0,organic_search,0
45,56634,232783,649,0.58,9,796,4,11,25,0,0,1,0,referral,0
47,102291,472762,383,0.92,5,841,8,14,3,0,0,0,0,referral,0
48,43382,127228,832,0.72,4,436,1,14,1,0,0,0,0,organic_search,0
36,135303,738431,657,0.62,3,799,0,5,7,0,0,0,0,facebook_ads,0
35,76063,246252,677,0.56,13,123,3,10,15,0,0,1,0,organic_search,0
23,42394,202496,471,0.75,9,270,3,7,19,0,0,0,0,google_ads,0
57,87789,181240,324,0.49,23,778,0,6,8,1,0,1,0,referral,1
27,123246,430206,692,0.55,7,194,9,14,11,1,0,0,0,referral,1
41,130634,445049,402,0.58,8,354,6,13,2,0,0,1,1,organic_search,1
29,20864,87085,535,0.76,10,689,1,5,20,0,0,0,0,facebook_ads,0
59,119572,273932,709,0.62,1,247,8,6,28,1,1,0,1,referral,1
38,60222,310777,848,0.7,20,649,6,2,2,0,1,0,0,google_ads,1
24,33666,96659,631,0.79,21,260,6,10,11,1,1,0,1,google_ads,1
45,143664,676391,831,0.97,21,611,0,1,20,0,0,0,1,organic_search,1
34,40955,213492,328,0.86,1,762,8,1,28,0,1,0,1,referral,0
29,130674,555038,842,0.64,19,615,9,8,17,1,0,0,0,facebook_ads,1
46,123533,613160,318,0.85,2,208,8,3,29,0,0,0,0,facebook_ads,0
22,101845,473318,447,0.97,12,109,1,11,10,0,0,0,0,organic_search,0
40,136925,468573,770,0.7,23,383,9,3,5,0,0,1,1,referral,1
48,89590,469042,790,0.65,13,700,8,9,3,0,0,0,0,facebook_ads,0
27,147775,469747,582,0.45,14,897,1,13,9,1,1,1,1,organic_search,1
28,86471,370515,412,0.94,5,710,1,6,20,0,0,1,0,referral,0
55,130476,649978,754,0.55,3,855,7,4,22,0,0,0,0,facebook_ads,0
34,108314,380812,629,0.44,24,190,2,4,25,1,0,0,0,google_ads,0
37,142579,457831,554,0.72,17,456,2,7,2,0,1,0,0,referral,1
56,63298,242898,698,0.91,1,432,6,6,23,0,0,1,0,organic_search,0
24,83108,438133,807,0.64,14,61,9,2,19,0,1,0,0,facebook_ads,0
22,133864,765660,765,0.87,6,150,5,9,17,1,0,1,0,facebook_ads,1
26,68924,288125,706,0.9,17,756,6,2,25,0,0,1,1,organic_search,1
24,36709,170545,397,0.67,4,544,5,8,25,1,0,1,0,referral,0
49,29726,166854,589,0.75,6,414,8,4,12,0,0,0,0,referral,0
38,80824,193507,455,0.72,1,769,1,10,27,0,1,1,0,google_ads,0
46,60542,177286,461,0.96,9,454,7,1,20,1,0,0,1,facebook_ads,0
54,40245,194608,396,0.84,4,505,5,1,9,0,0,1,0,organic_search,0
30,54753,289915,676,0.96,9,589,3,9,23,0,0,0,0,google_ads,0
56,99788,541660,749,0.53,9,196,5,4,4,1,0,0,0,facebook_ads,0
34,41316,151234,416,0.59,22,418,5,1,28,0,0,0,0,facebook_ads,0
51,122907,289735,805,0.44,13,362,9,3,18,1,0,0,0,facebook_ads,1
35,104698,392735,488,0.7,23,552,2,3,16,0,1,0,1,organic_search,1
28,35960,105108,775,0.92,17,779,7,7,29,0,1,1,0,organic_search,1
34,50791,160742,622,0.6,21,819,4,6,21,0,1,0,0,organic_search,1
43,127766,650210,479,0.48,3,782,9,8,24,1,0,0,0,google_ads,1
41,45216,104092,480,0.44,6,500,3,7,10,0,0,0,1,facebook_ads,0
36,52467,278616,586,0.67,20,733,1,1,26,0,0,0,0,facebook_ads,0
38,84427,313281,774,0.5,15,553,9,3,22,0,0,0,0,google_ads,0
44,132470,580782,561,0.61,14,82,0,9,12,1,0,1,0,google_ads,1
46,82047,193516,822,0.89,13,596,6,4,28,1,0,0,0,organic_search,1
45,93290,312468,461,0.63,9,850,9,11,11,1,1,1,0,facebook_ads,1
49,67014,158072,786,0.77,23,50,2,12,5,1,0,0,1,referral,1
35,24078,140764,480,0.7,15,48,2,11,20,0,1,1,0,referral,0
21,98389,514480,768,0.83,14,885,2,13,11,1,0,0,0,google_ads,1
45,70519,270689,320,0.49,4,891,9,13,16,0,0,1,1,google_ads,0
27,24042,69587,574,0.95,11,485,2,14,15,1,1,1,0,google_ads,1
29,69052,395931,559,0.79,22,351,1,14,6,0,0,0,0,referral,0
44,34389,116179,632,0.56,2,856,5,14,13,0,0,0,0,referral,0
21,115961,306593,765,0.47,16,462,9,12,16,0,1,0,0,organic_search,1
28,88111,374705,415,0.49,19,88,2,3,27,1,0,1,0,organic_search,0
44,125058,722222,712,0.87,16,180,0,5,3,1,1,0,1,facebook_ads,1
31,113715,229172,836,0.75,7,800,9,8,18,0,0,0,1,organic_search,1
37,70733,208839,556,0.63,11,469,8,1,1,0,1,0,0,facebook_ads,0
28,54754,315043,467,0.6,12,87,5,2,25,1,0,1,1,organic_search,0
55,38624,103680,832,0.91,4,757,5,13,17,0,0,0,0,organic_search,0
55,105886,259735,314,0.92,16,603,9,7,27,0,0,1,0,organic_search,1
53,46681,199829,349,0.75,16,687,8,13,20,1,0,0,0,referral,1
25,109524,596618,603,0.71,7,780,1,1,6,1,0,1,0,referral,1
59,101006,394775,786,0.89,13,322,9,13,9,0,1,0,0,google_ads,1
48,44704,267252,715,0.85,5,211,8,13,4,0,1,0,0,organic_search,0
27,124272,586152,604,0.64,1,636,2,13,7,0,0,1,0,referral,0
29,114913,263874,495,0.45,5,107,2,14,23,0,0,0,0,facebook_ads,0
28,114108,681376,687,0.86,22,683,2,14,29,0,0,0,0,organic_search,1
32,143731,521970,754,0.5,14,134,0,11,22,1,0,1,1,referral,1
54,27493,86592,609,0.41,11,290,9,14,25,0,0,0,1,google_ads,0
53,89639,379308,426,0.91,2,636,6,5,11,0,0,1,0,google_ads,0
43,120380,387290,474,0.75,24,252,9,10,26,0,1,0,0,facebook_ads,1
44,74383,174489,433,0.93,18,513,6,8,23,0,0,0,0,facebook_ads,0
57,22994,46119,365,0.69,15,731,1,6,3,0,0,0,0,referral,0
55,89280,339115,692,0.96,14,158,5,3,16,1,1,0,0,google_ads,1
42,67234,359530,664,0.61,13,348,3,7,6,0,0,0,0,referral,0
47,67291,288628,578,0.83,2,736,6,3,7,1,0,0,1,organic_search,0
55,148674,891572,662,0.58,19,538,6,12,12,0,0,0,0,facebook_ads,1
21,112868,355239,470,0.4,8,49,3,5,7,0,0,1,1,facebook_ads,0
55,25594,79899,350,0.63,22,840,2,7,29,0,0,0,0,organic_search,0
57,125835,332078,627,0.84,17,781,6,2,22,0,0,0,0,organic_search,1
34,27371,72704,444,0.49,15,264,8,10,19,0,0,0,1,organic_search,0
23,67315,211419,573,0.7,20,626,3,4,22,0,0,0,0,google_ads,0
21,103564,535566,454,0.53,21,635,5,2,16,0,0,1,1,google_ads,0
25,147251,827996,807,0.44,14,583,6,7,18,0,1,0,0,organic_search,1
46,121448,716585,662,0.77,3,379,9,3,10,0,0,0,1,facebook_ads,0
34,99526,291527,624,0.97,17,482,2,9,29,0,0,0,0,facebook_ads,0
59,132387,731463,597,0.59,3,615,4,11,1,0,0,1,0,google_ads,0
47,36626,121342,793,0.75,13,538,0,6,8,0,0,0,0,google_ads,0
29,106005,259856,845,0.97,18,656,5,1,3,0,0,0,0,facebook_ads,0
35,126258,691906,603,0.79,1,452,4,10,16,0,1,1,0,referral,1
35,125573,570656,766,0.8,7,219,6,8,24,0,0,0,0,google_ads,0
46,27130,72136,538,0.51,23,154,8,13,3,1,0,0,0,google_ads,0
33,26828,99782,816,0.7,5,35,3,7,2,0,0,0,0,facebook_ads,0
52,77514,244093,475,0.62,2,487,8,1,12,0,0,1,0,organic_search,0
59,127148,629023,709,0.68,17,583,5,3,8,1,0,1,1,facebook_ads,1
52,132524,505402,663,0.88,21,599,4,3,19,0,0,0,0,google_ads,1
24,124635,742465,322,0.68,10,551,1,14,24,0,1,1,0,organic_search,1
50,72664,161239,617,0.44,4,118,0,3,18,1,0,0,0,referral,0
57,131701,450425,824,0.94,9,875,7,7,20,0,0,0,0,organic_search,1
43,37883,148789,575,0.73,21,140,5,6,25,0,1,1,0,referral,0
59,63059,253026,528,0.95,11,580,6,11,15,1,1,1,0,facebook_ads,1
35,104078,339683,407,0.74,12,426,5,12,17,0,0,1,0,organic_search,0
49,62932,309434,475,0.44,12,708,9,2,18,0,1,1,0,organic_search,0
56,149900,824298,619,0.73,18,40,6,5,18,0,1,1,0,facebook_ads,1
33,81269,467693,585,0.75,4,651,8,6,9,1,0,0,0,referral,0
52,139850,730069,628,0.53,9,526,4,12,26,0,0,0,1,referral,1
27,95986,518547,655,0.68,8,45,0,2,5,1,0,0,0,referral,0
42,105959,445258,313,0.68,19,62,0,14,11,0,0,0,0,organic_search,0
48,22035,116863,574,0.77,24,774,8,1,29,0,0,0,0,organic_search,0
22,129767,417073,370,0.56,13,518,4,4,4,0,1,1,0,referral,1
26,60745,218312,494,0.75,2,217,1,14,26,0,0,1,0,referral,0
48,37241,121690,822,0.54,19,765,2,12,10,1,1,0,0,facebook_ads,1
48,72975,282380,405,0.67,14,600,0,4,4,0,0,0,0,referral,0
40,43154,135603,495,0.47,5,487,5,4,23,0,0,1,1,facebook_ads,0
50,45625,266744,444,0.42,10,80,5,1,3,0,1,1,0,referral,0
31,64950,211177,649,0.59,24,300,2,3,25,1,1,0,0,referral,1
48,118602,283717,723,0.56,17,493,2,7,16,0,0,0,0,referral,0
45,76396,313778,770,0.64,20,72,6,4,21,0,1,1,0,google_ads,0
59,119227,265685,515,0.98,16,568,0,2,11,1,0,0,0,google_ads,1
53,138920,339266,392,0.71,17,597,4,8,9,0,0,1,0,facebook_ads,1
21,33331,95911,559,0.73,1,150,2,11,1,0,0,0,0,referral,0
47,83927,323740,840,0.96,21,654,4,1,10,1,1,1,0,google_ads,1
33,106226,396542,584,0.95,22,345,3,13,12,0,0,0,1,referral,1
23,104719,544409,783,0.93,15,144,5,9,24,1,0,1,1,facebook_ads,1
59,83014,411574,671,0.46,17,650,8,5,2,0,0,0,1,referral,0
26,59346,219893,369,0.78,11,483,1,2,15,0,0,0,0,referral,0
28,90411,301504,678,0.88,22,716,9,13,24,0,0,0,0,google_ads,1
47,74478,243235,578,0.9,5,653,7,14,20,0,0,0,0,referral,0
29,32254,164365,601,0.75,4,641,1,4,16,0,1,0,0,google_ads,0
57,75734,167242,554,0.41,21,549,3,3,2,0,1,1,0,organic_search,1
53,48621,99735,563,0.98,24,676,8,7,13,0,0,0,1,google_ads,0
44,136490,707315,723,0.68,9,792,3,6,18,0,0,0,0,organic_search,1
35,96441,376947,512,0.64,16,366,6,11,29,0,1,0,0,google_ads,0
52,66121,166857,399,0.64,12,269,4,12,22,0,1,0,0,organic_search,0
52,147386,433648,411,0.65,18,763,1,11,19,0,0,1,0,google_ads,1
44,101418,581126,607,0.55,22,415,7,9,11,0,0,0,0,referral,0
32,80197,436112,774,0.6,3,174,9,4,14,1,1,0,1,google_ads,1
59,104577,506062,847,0.99,15,406,9,12,26,0,0,0,0,organic_search,1
22,114634,450385,411,0.62,18,33,1,3,3,1,1,0,0,organic_search,0
23,138034,563357,386,0.72,12,823,2,7,9,0,1,0,0,facebook_ads,1
57,62431,368403,482,0.91,13,875,9,6,5,0,0,1,0,referral,1
37,137637,806976,464,0.72,1,357,6,5,14,0,1,0,1,referral,0
22,119245,341169,389,0.59,4,226,4,10,7,0,0,1,0,facebook_ads,0
22,120211,630436,754,0.71,8,418,9,7,12,1,0,0,0,organic_search,1
48,24837,69269,537,0.47,19,669,2,5,21,0,0,0,0,google_ads,0
43,131984,376702,833,0.48,21,290,1,9,18,0,0,0,1,facebook_ads,0
57,110025,517598,357,0.82,21,632,5,12,11,0,0,0,0,facebook_ads,0
52,103163,373450,841,0.95,5,866,9,4,27,1,0,1,0,facebook_ads,1
53,91232,522410,701,0.84,11,800,0,1,24,0,0,0,1,facebook_ads,0
21,68994,162552,818,0.44,24,123,7,10,9,0,0,0,1,facebook_ads,0
39,99079,400883,496,0.64,24,286,4,12,11,1,1,0,0,organic_search,1
22,32615,185060,345,0.4,17,165,4,5,18,1,0,1,1,facebook_ads,0
46,21466,120562,829,0.71,17,554,1,1,2,0,1,0,0,organic_search,0
52,50771,133330,696,0.52,2,739,6,12,20,0,0,0,0,organic_search,0
26,138645,480619,373,0.92,24,527,4,13,13,0,0,0,0,google_ads,1
52,103886,465044,715,0.46,1,207,7,1,15,0,0,0,0,facebook_ads,0
24,85911,226597,634,0.4,4,141,4,1,8,0,0,0,0,facebook_ads,0
31,118566,696230,595,0.67,9,293,8,1,5,1,0,1,0,google_ads,1
37,40746,230581,383,0.49,2,443,4,8,5,0,0,1,0,referral,0
58,108422,289248,314,0.84,3,398,2,2,7,1,0,0,1,referral,0
44,129884,322712,433,0.95,6,620,1,9,12,0,0,1,0,facebook_ads,0
25,80739,189061,777,0.43,13,407,4,7,20,1,0,1,0,referral,1
54,128440,724115,618,0.64,15,797,9,14,12,0,1,0,0,facebook_ads,1
26,118187,327909,691,1.0,11,615,9,11,9,1,0,0,0,referral,1
42,93369,342210,778,0.84,10,412,4,3,4,0,0,0,1,organic_search,0
31,21893,83092,667,0.97,3,702,5,9,8,0,0,0,0,referral,0
36,50573,222321,666,0.5,20,540,1,4,19,0,1,0,0,referral,0
53,116907,267359,587,0.53,9,742,4,7,22,1,0,0,0,organic_search,1
29,60874,176962,677,0.49,10,849,0,3,1,0,0,1,0,google_ads,0
26,97362,557491,762,0.58,21,406,2,5,23,1,0,0,1,organic_search,1
36,119956,675788,312,0.83,23,574,2,13,11,0,0,0,0,referral,0
49,107460,550749,835,0.5,24,102,2,4,23,1,1,1,0,facebook_ads,1
23,147021,305451,467,0.71,23,533,2,13,13,1,0,0,0,facebook_ads,1
40,138580,458426,569,0.56,12,381,7,6,18,0,0,0,0,referral,0
56,53367,240783,369,0.9,8,834,0,12,21,0,1,0,0,google_ads,0
39,41199,127748,617,0.4,21,739,5,13,20,0,0,0,1,facebook_ads,0
46,136600,770198,675,0.53,21,354,5,9,10,0,1,1,1,google_ads,1
23,111404,505279,388,0.76,21,417,0,5,13,0,0,0,0,facebook_ads,0
39,94328,215787,556,0.46,17,857,0,1,25,0,1,0,0,google_ads,0
40,77724,438054,516,0.68,22,269,2,13,12,0,0,1,0,facebook_ads,0
52,106133,618868,749,0.66,5,103,7,5,13,0,0,1,1,facebook_ads,0
27,56405,130343,843,0.91,24,60,5,5,2,0,0,0,1,facebook_ads,0
53,118232,488232,440,0.78,8,508,3,9,3,0,0,0,0,facebook_ads,0
59,128659,413440,460,0.78,18,43,4,8,29,0,0,0,0,referral,0
38,35989,128529,331,0.97,11,746,9,5,17,1,0,0,1,facebook_ads,0
21,48931,133024,451,0.99,22,345,2,5,26,0,0,0,0,google_ads,0
31,29290,126306,559,0.79,10,97,5,14,21,0,0,0,0,google_ads,0
48,58367,340391,578,0.71,15,669,5,2,19,0,0,0,0,organic_search,0
45,141136,566278,584,0.76,6,567,5,9,12,0,0,0,0,google_ads,0
43,99878,232881,841,0.63,19,725,8,14,16,0,1,0,0,facebook_ads,1
51,110477,494937,447,0.99,17,678,9,11,20,0,0,1,0,google_ads,1
50,99481,334344,366,0.82,23,320,7,4,20,0,0,0,0,facebook_ads,0
55,96298,522291,578,0.57,10,647,5,7,22,0,0,0,0,facebook_ads,0
27,146299,546969,742,0.43,5,53,1,10,10,0,0,0,1,organic_search,0
36,50133,138936,698,0.43,16,444,3,6,23,0,1,1,0,referral,0
46,132616,366606,427,0.52,12,880,5,14,23,1,0,0,0,google_ads,1
22,125686,637863,636,0.54,21,735,8,5,15,0,0,0,0,google_ads,1
21,47052,144089,781,0.65,24,710,1,11,27,0,1,1,0,facebook_ads,1
32,127286,645204,485,0.53,5,65,5,11,8,0,0,0,1,google_ads,0
25,105489,297853,468,0.78,21,130,9,5,19,1,0,1,1,google_ads,1
57,60475,198765,559,0.53,1,575,9,14,5,0,0,0,0,referral,0
52,102666,396490,806,0.51,2,68,9,7,12,0,0,0,0,google_ads,0
29,116622,673233,820,0.68,5,240,6,14,10,0,1,0,0,facebook_ads,1
55,77656,444730,770,0.93,23,771,7,13,22,1,1,1,1,referral,1
39,24633,69649,460,0.68,19,820,8,2,14,0,1,0,0,google_ads,0
36,37304,128060,588,0.65,15,621,4,9,28,0,0,0,0,facebook_ads,0
23,127573,331383,639,0.75,1,779,8,2,22,0,1,1,0,facebook_ads,1
40,117820,475985,801,0.55,11,201,8,9,12,0,1,1,1,google_ads,1
44,66546,255691,405,0.61,18,867,6,11,24,0,0,0,0,referral,0
53,27008,151326,774,0.53,3,471,1,4,13,0,0,0,0,organic_search,0
44,68291,390625,762,0.74,9,88,7,13,21,1,0,0,0,facebook_ads,0
31,47405,167542,782,0.82,24,439,4,10,21,0,0,1,0,google_ads,0
28,137069,543746,452,0.8,4,563,7,11,17,1,0,1,0,organic_search,1
56,56386,314912,448,0.55,24,394,1,10,1,0,0,0,0,facebook_ads,0
58,110909,579702,487,0.87,13,396,6,6,22,0,0,0,1,referral,0
40,40827,82251,430,0.55,9,373,4,1,10,0,0,1,0,organic_search,0
55,53040,173983,751,0.49,3,779,3,5,26,0,0,0,0,google_ads,0
45,80354,296272,815,0.61,16,325,9,6,5,1,0,0,0,organic_search,1
55,98543,287633,790,0.76,22,370,5,9,11,0,0,0,1,organic_search,1
45,38157,106774,775,0.49,8,635,4,14,10,1,0,1,0,facebook_ads,0
49,117693,253173,562,0.79,7,785,5,9,6,0,0,0,0,facebook_ads,0
38,55315,252981,837,0.92,23,552,8,9,15,0,1,1,0,google_ads,1
38,55932,170594,758,0.58,17,658,0,14,9,0,0,0,0,referral,0
22,41164,90947,835,0.67,16,294,0,3,8,1,0,0,0,facebook_ads,0
55,34414,100623,594,0.54,21,553,5,13,23,0,1,0,0,organic_search,0
36,147597,768634,734,0.62,22,695,1,4,23,1,0,0,0,organic_search,1
56,34327,185570,574,0.41,18,67,7,8,6,1,0,1,0,google_ads,0
53,133880,526451,607,0.97,16,160,6,8,6,0,0,0,0,facebook_ads,0
24,20946,76752,675,0.65,15,411,5,2,17,1,0,0,0,referral,0
53,34693,205084,457,0.87,2,254,3,8,12,0,1,1,1,facebook_ads,0
34,47241,132381,503,0.49,20,172,8,7,7,1,0,1,0,google_ads,0
41,135194,386849,374,0.89,4,460,6,9,5,1,0,1,0,referral,1
40,115790,366761,679,0.92,5,418,6,5,16,0,0,0,0,facebook_ads,0
28,35540,95639,603,0.83,7,83,4,2,23,0,1,0,0,organic_search,0
27,92255,324503,361,0.94,15,53,0,5,6,1,0,1,0,google_ads,0
23,84757,478312,407,0.5,17,424,1,14,8,0,0,1,1,referral,0
37,61203,273050,486,0.69,10,662,7,2,3,0,0,0,1,referral,0
53,45081,164445,528,0.77,20,148,4,13,8,0,1,0,0,facebook_ads,0
32,81861,469689,347,0.76,9,702,1,12,29,0,1,0,0,referral,0
42,31350,68777,567,0.92,16,615,4,5,7,1,1,0,0,organic_search,1
42,75512,214537,553,0.53,24,214,7,13,17,0,0,0,0,referral,0
50,76809,327479,386,0.51,3,221,3,9,19,1,0,0,0,google_ads,0
58,121894,543916,480,0.55,22,761,2,7,26,0,1,0,0,organic_search,1
58,117557,253715,324,0.93,9,516,4,7,20,0,1,0,0,organic_search,0
28,62832,226958,687,0.96,8,662,6,1,14,0,0,0,0,facebook_ads,0
47,48369,222333,521,0.74,23,750,1,9,25,1,0,0,0,organic_search,1
47,51728,247895,696,0.7,7,413,0,6,28,0,0,0,0,referral,0
54,37576,171066,810,0.76,17,841,4,7,6,0,0,0,0,referral,0
41,49001,160833,739,0.77,5,375,6,13,7,1,1,1,1,facebook_ads,1
50,147625,350473,474,0.5,7,502,7,12,5,1,0,0,0,referral,1
53,103384,383394,610,0.81,13,705,7,2,19,1,0,0,0,referral,1
48,20390,51281,573,0.67,18,809,9,1,21,1,0,1,0,organic_search,1
53,107535,622680,334,0.71,22,32,8,11,28,1,0,1,1,facebook_ads,1
25,65436,255245,516,0.42,14,79,0,13,7,1,0,0,0,facebook_ads,0
39,31569,103200,707,0.86,18,533,6,4,9,0,0,0,0,referral,0
24,33029,167299,818,0.9,3,240,9,12,12,0,1,0,1,referral,0
55,42490,169611,568,0.77,17,557,7,9,25,0,0,0,1,google_ads,0
37,65875,213443,774,0.85,19,709,5,14,15,1,0,1,1,facebook_ads,1
48,143552,753342,624,0.71,7,312,9,9,15,0,0,0,0,organic_search,0
50,120864,660957,655,0.77,21,408,3,14,28,1,0,0,0,referral,1
49,25867,121368,389,0.64,4,355,6,11,24,0,0,0,0,google_ads,0
26,100820,220579,341,0.88,15,327,2,3,21,1,0,0,1,google_ads,0
55,119515,509766,664,0.68,24,726,1,1,16,0,0,1,0,organic_search,1
57,29121,147153,501,0.81,8,167,5,2,23,1,0,1,0,referral,0
44,21539,54838,665,0.77,16,154,1,9,20,0,0,1,0,organic_search,0
49,111024,323599,587,0.82,1,421,5,9,26,1,0,0,0,referral,0
51,37027,204758,780,0.87,16,431,9,12,15,0,0,0,0,google_ads,0
55,147402,306667,800,0.71,2,509,2,1,5,0,1,0,0,referral,0
53,94229,472172,351,0.89,2,430,1,9,12,0,0,1,0,google_ads,0
41,28921,112649,402,0.7,8,599,7,1,4,0,0,0,0,facebook_ads,0
52,70435,266743,660,0.97,12,391,3,10,3,0,0,1,0,google_ads,0
43,142368,288777,723,0.85,11,95,3,4,29,1,0,1,1,organic_search,1
53,30310,159963,504,0.5,6,457,6,5,27,0,0,0,0,google_ads,0
23,83965,288780,313,0.9,19,881,7,8,29,0,1,0,0,referral,1
38,142033,591292,769,0.73,18,743,8,13,1,0,0,1,0,organic_search,1
45,131048,617131,765,0.99,5,550,9,5,13,0,0,1,0,organic_search,1
51,116444,560155,603,0.83,15,461,7,5,5,1,0,0,0,facebook_ads,1
23,89922,523698,726,0.45,8,134,3,4,12,0,0,0,0,facebook_ads,0
44,117799,485963,409,0.64,6,118,1,9,2,1,1,0,0,facebook_ads,0
52,113948,410084,814,0.71,12,630,9,13,6,1,0,0,0,organic_search,1
42,102839,597989,367,0.9,19,885,4,8,5,1,0,1,0,organic_search,1
43,32242,147295,545,0.84,12,35,6,9,27,0,0,1,0,referral,0
22,137027,437472,688,0.62,12,187,1,7,18,1,1,0,1,organic_search,1
47,132561,332178,607,0.79,9,408,3,7,24,0,1,1,0,facebook_ads,1
22,28947,155451,651,0.75,24,359,5,5,5,0,1,0,0,google_ads,0
46,132250,456094,365,0.48,10,132,7,10,18,0,0,0,1,referral,0
37,91466,424574,759,0.54,22,252,9,1,16,0,0,0,1,referral,0
53,123706,480383,646,0.6,17,431,5,12,17,1,0,1,0,google_ads,1
29,140351,392381,624,0.52,18,712,5,6,2,0,0,0,0,referral,1
59,144749,637872,332,0.49,16,574,5,10,17,1,0,0,1,facebook_ads,1
49,81816,183491,367,0.43,4,538,3,6,10,0,1,1,0,facebook_ads,0
46,68785,251297,486,0.92,18,722,2,10,26,1,0,1,1,referral,1
55,139963,585949,491,0.57,3,213,0,4,3,0,1,0,0,referral,0
45,20507,76782,512,0.57,16,116,1,2,14,1,0,0,0,referral,0
44,86972,434398,727,0.52,14,610,1,1,19,1,0,1,0,organic_search,1
33,47151,250451,650,0.69,24,409,9,3,12,0,0,1,1,organic_search,0
27,31618,160776,407,0.71,9,567,6,11,26,0,1,1,1,organic_search,0
56,94286,203210,539,0.52,6,442,5,13,1,1,0,0,0,google_ads,0
40,36122,100293,515,0.77,4,547,7,13,7,0,0,0,0,google_ads,0
21,27354,113421,476,0.83,2,797,8,9,26,0,0,0,0,facebook_ads,0
28,129598,743800,629,0.62,23,723,4,12,7,1,0,0,1,referral,1
36,50979,272219,749,0.75,10,324,2,1,13,0,0,1,0,referral,0
34,106436,571576,746,0.7,11,289,3,5,9,0,0,0,0,referral,0
32,99376,319278,836,0.52,7,413,7,10,5,0,0,0,1,facebook_ads,0
43,72774,270558,478,0.84,5,855,2,6,4,0,0,0,0,organic_search,0
35,122703,476434,694,0.88,4,333,1,9,5,0,0,0,0,google_ads,0
48,25037,65834,444,0.79,6,345,6,1,24,1,0,0,0,google_ads,0
54,48633,103309,497,0.59,2,775,3,12,24,1,0,1,0,facebook_ads,0
22,44495,257519,383,0.96,2,823,7,5,28,0,1,0,0,referral,0
52,84550,250508,384,0.67,16,748,0,1,20,0,1,0,0,referral,0
43,101384,300075,756,0.56,23,106,7,2,12,0,0,1,0,google_ads,0
42,56483,131803,775,0.64,23,709,4,14,8,1,1,0,0,organic_search,1
45,133181,761000,552,0.82,13,883,1,2,13,0,0,0,0,google_ads,0
42,93373,403273,371,0.91,21,408,0,11,4,1,0,0,0,organic_search,1
42,54069,252402,522,0.61,7,490,5,5,20,0,0,1,0,organic_search,0
26,27370,154539,575,0.54,5,85,8,10,11,0,1,0,0,organic_search,0
35,139873,473117,545,0.78,17,836,8,4,15,0,1,0,1,organic_search,1
57,136843,613881,640,0.95,13,110,8,6,24,0,1,0,0,referral,1
53,91947,198163,770,0.51,15,708,3,5,14,0,0,0,0,google_ads,0
28,59133,162443,753,0.88,3,205,5,2,18,1,0,1,0,google_ads,0
25,116035,617884,306,0.69,23,822,9,9,20,1,0,1,0,organic_search,1
59,115761,586569,487,0.88,4,412,5,13,1,1,0,1,0,facebook_ads,1
24,133753,455104,303,0.7,15,178,4,10,1,0,0,0,0,referral,0
26,20692,72571,424,0.63,18,797,1,8,11,0,0,0,0,facebook_ads,0
52,48926,202270,314,0.82,3,310,6,9,29,0,0,1,0,organic_search,0
50,119782,239679,824,0.94,7,374,0,11,29,0,0,0,1,organic_search,0
55,124700,369732,539,0.59,8,819,5,6,29,0,0,0,0,facebook_ads,0
36,93984,266249,659,0.68,11,820,4,5,24,0,1,0,1,google_ads,1
33,63390,190292,817,0.54,22,438,4,5,20,1,0,0,0,google_ads,0
50,69593,363527,619,0.51,9,747,7,2,6,0,0,0,0,facebook_ads,0
39,95609,298175,530,0.87,20,59,8,11,5,1,0,0,0,organic_search,1
37,120950,334558,329,0.52,12,759,6,4,13,1,0,0,0,referral,1
39,25209,101265,833,0.88,5,451,9,2,10,0,0,0,0,organic_search,0
48,146700,801360,455,0.66,1,260,7,2,6,1,0,1,0,google_ads,0
46,26533,78680,698,1.0,14,388,1,12,4,0,0,0,0,google_ads,0
57,106597,246680,645,0.52,3,191,1,8,4,0,0,0,0,organic_search,0
46,27211,93214,494,0.46,15,758,7,4,7,0,1,1,0,google_ads,0
43,29927,149353,467,0.45,10,257,5,12,16,0,1,0,0,facebook_ads,0
29,97463,409613,676,0.9,10,874,7,14,1,0,0,0,1,facebook_ads,1
32,137333,723356,788,0.66,24,250,8,4,9,0,1,0,0,google_ads,1
21,44594,260356,661,0.4,3,775,8,7,26,1,1,1,0,organic_search,1
21,94852,490446,781,0.92,6,102,5,4,19,1,0,0,0,facebook_ads,0
54,97713,431423,543,0.93,5,428,7,9,20,0,0,0,0,google_ads,0
52,96382,382960,470,0.88,24,124,1,9,15,0,0,0,0,google_ads,0
45,27933,60342,812,0.55,19,504,7,12,9,0,1,1,0,referral,1
21,123780,734917,705,0.62,14,124,2,14,21,0,0,0,0,organic_search,0
36,132157,467032,506,0.85,17,784,0,14,28,0,0,1,0,google_ads,1
59,60696,158350,453,0.69,12,834,6,3,20,0,0,0,0,facebook_ads,0
25,85449,398776,347,0.49,9,804,0,6,28,0,0,0,1,google_ads,0
42,87616,274864,300,0.55,3,153,0,7,22,0,1,0,0,organic_search,0
49,26089,113307,706,0.98,18,829,0,3,1,0,1,1,0,google_ads,0
23,76548,332759,406,0.49,4,529,3,4,26,0,0,1,0,facebook_ads,0
32,46123,174479,472,0.84,14,808,3,14,1,0,0,0,0,facebook_ads,0
46,27797,148560,805,0.69,24,650,9,1,16,1,0,0,0,google_ads,1
36,70013,214230,429,0.85,6,889,5,11,5,1,0,0,1,referral,1
57,28346,107559,697,0.8,15,77,9,9,21,0,0,0,0,organic_search,0
42,105414,437549,593,0.66,17,842,2,7,27,0,1,0,1,facebook_ads,1
49,53672,249816,746,0.61,24,124,9,10,9,0,0,0,0,organic_search,0
34,37653,193381,315,0.85,5,506,5,7,1,0,0,1,0,organic_search,0
48,69556,248956,648,0.59,6,62,6,9,19,1,0,0,1,facebook_ads,0
25,143723,658853,502,0.87,21,147,0,12,16,0,0,0,0,google_ads,0
50,128278,333836,433,0.81,5,673,5,14,3,1,0,0,0,organic_search,1
25,46140,264409,825,0.75,19,280,9,6,4,0,0,1,0,google_ads,0
32,21184,74826,807,0.62,14,332,0,8,12,1,0,0,0,referral,0
36,143626,706364,365,0.52,4,151,6,5,29,0,1,0,0,referral,0
46,54493,113419,779,0.83,5,247,9,8,7,0,0,1,1,organic_search,0
46,64148,180945,758,0.45,11,82,4,12,15,0,0,1,1,facebook_ads,0
41,44846,177066,641,0.98,2,155,9,10,23,1,1,1,1,organic_search,1
59,131361,724194,458,0.99,22,188,3,14,15,0,0,1,0,google_ads,1
56,42195,173380,460,0.48,2,700,0,1,26,0,0,0,0,google_ads,0
53,25606,146453,553,0.46,20,824,8,3,5,1,0,0,0,organic_search,0
50,23956,94271,826,0.65,12,630,6,4,25,0,1,1,0,organic_search,0
57,36555,144823,848,0.98,16,205,1,14,23,0,0,1,0,organic_search,0
43,110385,273642,454,0.64,17,321,3,11,2,1,0,0,0,referral,1
30,38690,201599,785,0.62,4,188,3,9,12,0,0,0,0,facebook_ads,0
25,78502,234553,731,0.82,14,520,7,8,19,0,0,0,0,google_ads,0
56,144586,809457,326,0.51,7,790,1,14,27,0,0,1,0,referral,0
54,68849,388535,311,0.62,15,386,4,8,23,0,0,0,1,referral,0
51,46347,267572,366,0.57,16,663,9,2,5,0,0,1,0,organic_search,0
30,118725,484507,841,0.76,8,266,7,7,23,0,0,0,0,google_ads,0
39,123844,583104,395,0.5,2,457,5,12,25,0,0,0,0,google_ads,0
52,111321,569302,514,0.73,19,154,3,3,25,0,0,1,0,google_ads,0
21,69056,174301,493,0.91,1,344,4,6,3,1,0,1,0,google_ads,0
25,83851,369265,589,0.71,23,308,1,4,24,1,0,0,0,organic_search,0
24,118234,252688,843,0.81,4,896,4,6,29,1,1,0,1,referral,1
36,101502,405019,338,0.45,24,865,2,4,6,0,1,0,0,referral,1
44,116633,305505,505,0.67,21,633,2,3,13,1,0,0,0,referral,1
36,101418,277042,783,0.46,22,134,6,2,20,0,0,0,0,referral,0
22,90211,312147,636,0.76,11,71,2,4,15,0,0,1,1,google_ads,0
48,61850,230684,795,0.57,10,426,3,10,4,0,1,0,0,google_ads,0
52,98545,442732,548,0.57,18,670,6,2,20,1,1,0,0,facebook_ads,1
47,47843,109929,373,0.45,1,489,2,7,7,0,0,0,0,organic_search,0
40,82320,330495,672,0.59,17,520,9,1,22,0,0,1,0,google_ads,0
44,49793,135959,437,0.7,16,594,9,14,18,1,0,0,0,google_ads,1
32,59516,255674,756,0.75,12,197,1,11,21,1,0,0,0,organic_search,0
55,124407,566004,743,0.44,16,631,9,1,21,0,1,1,0,organic_search,1
53,149045,629988,652,0.79,9,788,6,5,22,0,1,0,1,google_ads,1
53,37857,187512,710,0.69,17,203,4,7,7,0,1,1,0,referral,0
57,39627,132450,837,0.72,3,401,0,14,12,0,0,1,1,facebook_ads,0
32,81822,414054,752,0.9,18,628,9,1,11,1,0,1,0,facebook_ads,1
23,104101,388407,718,0.61,15,179,7,12,24,1,0,0,0,organic_search,1
21,111561,439186,749,0.5,15,278,2,12,12,0,1,1,0,referral,1
53,72248,331792,414,0.73,16,656,6,4,26,0,0,1,1,organic_search,0
30,75798,157162,350,0.97,20,209,5,5,15,0,0,0,0,facebook_ads,0
49,113368,523304,668,0.71,1,149,9,2,8,0,0,1,0,facebook_ads,0
33,64116,286876,814,0.9,1,57,5,7,11,0,0,0,0,referral,0
32,95318,308772,509,0.85,4,850,7,4,21,0,1,0,0,facebook_ads,0
51,124186,290989,734,0.71,13,146,3,8,18,0,1,0,0,facebook_ads,0
22,147119,347751,526,0.79,4,732,3,14,10,0,1,0,1,referral,1
55,107902,614274,567,0.64,23,686,2,14,8,1,1,0,1,facebook_ads,1
43,48557,230991,415,0.72,8,861,0,1,6,0,0,1,0,organic_search,0
37,91334,229103,659,0.7,13,291,9,10,3,0,0,0,0,organic_search,0
46,95163,326113,628,0.83,24,683,2,1,20,0,0,1,0,organic_search,1
28,126719,553753,339,0.65,8,655,0,1,12,0,0,0,0,organic_search,0
49,143099,764475,481,0.46,14,814,5,4,17,1,0,1,0,google_ads,1
46,98002,213119,789,0.87,1,67,7,1,3,0,1,0,0,facebook_ads,0
30,62614,184494,508,0.81,9,226,2,5,20,1,0,0,0,facebook_ads,0
46,32720,181890,572,0.97,24,554,3,14,18,0,0,1,0,organic_search,0
54,77608,158061,418,0.66,1,653,4,14,12,0,0,0,0,facebook_ads,0
27,127449,357570,681,0.45,7,466,6,6,22,0,0,1,1,google_ads,0
24,122828,716836,835,0.47,20,678,5,7,24,1,0,0,0,google_ads,1
31,146613,652956,557,0.86,13,713,1,8,16,1,1,0,1,google_ads,1
49,92095,280584,782,0.44,15,668,6,8,28,0,0,1,0,referral,1
56,125924,285591,808,0.94,9,439,7,2,22,0,1,0,1,organic_search,1
45,104694,221193,391,0.57,16,362,0,12,10,0,0,0,0,facebook_ads,0
41,116452,346908,460,0.94,17,560,5,4,19,1,1,0,0,google_ads,1
56,107593,594552,448,0.86,9,494,8,7,9,0,1,0,0,google_ads,0
30,55892,204768,416,0.92,6,749,6,9,14,0,0,1,0,facebook_ads,0
57,126975,619807,757,0.53,20,187,4,9,20,1,0,0,1,facebook_ads,1
29,97242,551667,344,0.76,12,189,9,11,14,0,0,0,0,referral,0
44,136041,494122,533,0.46,16,363,9,3,22,1,0,0,0,google_ads,1
55,146202,404264,674,0.52,21,781,8,12,4,1,0,0,0,google_ads,1
55,97606,397107,846,0.59,15,405,1,7,15,1,0,0,0,referral,1
56,143769,809755,496,0.84,7,108,6,4,20,1,1,1,0,referral,1
38,138542,722842,324,0.41,10,873,8,9,27,0,1,0,1,facebook_ads,1
59,126438,286169,694,0.94,4,898,1,7,2,0,0,0,0,organic_search,0
52,20924,99813,335,0.44,24,872,9,13,26,0,0,0,0,facebook_ads,0
44,71322,305799,773,0.63,3,226,5,13,18,1,0,0,0,referral,0
43,46478,261664,522,0.45,18,149,8,6,2,0,1,1,0,organic_search,0
52,91042,226687,829,0.86,1,789,2,9,18,0,1,1,0,referral,1
57,66418,274714,487,0.48,13,680,7,7,8,1,0,1,1,google_ads,1
32,82217,453661,701,0.93,22,255,4,11,10,1,0,1,0,referral,1
33,120699,439355,556,0.72,18,624,6,8,20,0,0,0,0,organic_search,1
43,110140,432627,435,0.97,8,439,2,11,4,0,1,0,0,organic_search,0
45,100846,230114,743,0.57,11,567,7,5,10,0,0,0,1,google_ads,0
55,93762,291841,717,0.67,10,669,1,4,10,0,0,0,0,google_ads,0
50,31781,104814,591,0.82,4,764,7,1,27,0,0,0,1,organic_search,0
37,25515,147489,428,0.9,4,368,1,14,3,0,0,0,0,facebook_ads,0
40,137358,430022,640,0.65,4,585,6,8,21,0,0,1,0,referral,1
45,56133,215745,556,0.94,12,625,1,6,4,0,1,1,0,facebook_ads,0
42,102508,480272,399,0.47,8,566,6,4,23,0,1,0,0,google_ads,0
33,117628,311565,338,0.83,13,249,0,3,10,1,0,0,0,referral,0
39,96946,382526,562,0.61,8,322,5,5,7,0,0,0,0,referral,0
56,105058,520473,449,0.46,21,233,9,4,22,0,1,0,0,google_ads,0
32,29095,159074,629,0.63,3,734,6,11,23,0,1,0,0,facebook_ads,0
39,108583,489170,419,0.93,12,543,3,11,12,1,0,0,0,facebook_ads,1
32,40470,189246,518,0.99,18,231,0,7,7,1,0,0,0,google_ads,0
29,63129,158146,422,0.64,15,895,5,6,13,0,0,0,0,facebook_ads,0
27,28531,164997,543,0.93,14,61,3,3,8,1,0,0,0,organic_search,0
48,57038,144323,817,0.71,9,118,2,12,27,0,0,0,1,google_ads,0
34,107939,550347,320,0.83,5,231,3,10,13,0,0,0,0,organic_search,0
51,62674,191736,489,0.43,15,719,5,13,1,0,0,0,0,organic_search,0
39,147572,846232,524,0.73,8,734,4,11,16,0,1,1,0,organic_search,1
36,114658,559512,765,0.44,23,701,1,12,19,0,0,0,0,referral,1
25,102476,513943,398,0.56,3,322,1,14,28,0,0,0,1,organic_search,0
55,49831,143325,662,0.74,12,745,2,1,19,0,0,1,0,facebook_ads,0
32,77174,291112,382,0.88,5,782,5,14,21,0,1,0,0,google_ads,0
45,31279,139856,355,0.74,9,144,0,7,26,0,0,0,0,facebook_ads,0
41,58220,295751,321,0.96,20,751,6,5,13,0,1,1,0,organic_search,1
56,80610,194740,484,0.89,3,251,7,1,29,0,0,1,0,organic_search,0
43,72719,425366,821,0.49,23,211,6,1,7,1,0,0,0,organic_search,0
36,144936,805972,563,0.63,8,800,2,6,15,1,1,1,0,organic_search,1
59,73051,225098,524,0.8,21,498,5,4,26,0,0,1,0,google_ads,0
59,92013,486844,337,0.96,13,455,3,14,6,0,0,1,1,google_ads,0
34,76652,312226,422,0.99,8,581,4,8,4,0,1,0,0,referral,0
51,85524,329030,455,0.86,5,871,2,2,22,1,1,1,0,google_ads,1
25,102936,335338,600,0.74,7,863,4,4,23,0,1,0,0,organic_search,1
55,26470,114452,366,0.85,5,89,5,12,20,0,1,0,0,referral,0
43,87598,430943,693,0.56,9,514,7,13,11,0,0,1,0,organic_search,1
49,61798,225175,704,0.57,5,40,5,8,24,0,0,0,1,referral,0
31,144517,652765,748,0.79,8,661,8,12,21,1,1,0,1,google_ads,1
38,73473,352468,430,0.92,12,414,9,8,19,0,0,1,1,google_ads,0
32,39880,193198,368,0.98,4,439,9,5,2,1,0,1,0,google_ads,0
29,120117,265202,644,0.6,9,71,9,3,17,1,0,1,0,referral,1
30,64439,350483,619,0.88,22,731,9,13,15,1,0,1,0,facebook_ads,1
37,140944,540240,476,0.91,22,152,3,4,20,1,0,0,0,organic_search,1
58,34308,104627,828,0.77,14,730,1,3,18,0,0,0,1,google_ads,0
27,111563,331013,459,0.61,19,281,8,11,12,0,0,1,0,google_ads,0
33,116256,457125,832,0.77,13,633,2,2,3,0,0,0,0,organic_search,0
29,55081,305552,434,0.75,3,513,6,14,17,0,0,1,0,facebook_ads,0
47,95242,334622,410,0.76,4,242,3,4,14,0,0,0,0,organic_search,0
22,70383,351837,582,0.77,1,859,0,9,29,0,0,1,0,google_ads,0
25,29837,71229,819,0.91,22,743,7,6,6,0,0,0,0,google_ads,0
49,124135,484651,493,0.5,1,297,3,4,4,0,1,0,0,facebook_ads,0
57,72151,430506,346,0.62,11,696,5,1,21,0,1,1,0,referral,0
58,138128,701932,641,0.75,16,736,6,14,8,1,0,1,0,facebook_ads,1
39,56824,161500,541,0.57,4,569,7,7,27,1,1,0,0,organic_search,1
28,53073,212598,821,0.99,7,735,9,2,20,1,0,0,0,google_ads,1
21,132651,389264,669,0.56,12,764,1,12,22,0,0,0,0,facebook_ads,0
42,117624,427944,430,0.68,6,648,8,6,3,0,1,0,0,google_ads,0
37,113648,581915,569,0.93,24,690,9,10,8,0,1,1,0,referral,1
27,46299,235425,360,0.45,20,164,2,1,13,0,0,0,0,facebook_ads,0
45,119993,349467,463,0.89,9,527,0,13,19,0,0,1,0,facebook_ads,0
24,78861,448631,824,0.74,8,636,1,7,15,1,0,0,0,google_ads,0
56,50063,218788,571,0.42,14,811,7,4,23,0,0,0,0,referral,0
26,89453,314847,432,0.94,15,155,9,11,7,0,0,0,0,google_ads,0
51,141768,568169,543,0.42,21,388,5,3,3,1,0,0,1,organic_search,1
39,143299,633422,733,0.71,22,532,0,10,19,1,0,0,0,organic_search,1
59,88472,375082,337,0.43,5,870,8,7,26,1,0,0,1,referral,1
47,122166,482020,618,0.44,15,347,6,13,10,0,0,1,1,organic_search,1
30,34506,138704,809,0.93,6,41,9,3,28,1,0,1,0,google_ads,0
46,114341,309366,675,0.86,1,506,2,8,27,0,0,1,0,facebook_ads,0
39,99854,524326,773,0.52,20,323,6,11,16,0,0,0,0,organic_search,0
59,133604,556733,358,0.77,9,469,5,4,14,0,1,0,0,referral,0
23,46026,116184,798,0.88,4,836,2,3,8,0,0,0,1,referral,0
33,47672,241440,517,0.93,2,883,7,7,11,1,0,0,1,google_ads,0
48,58417,334716,428,0.68,6,545,0,7,19,1,0,0,1,organic_search,0
40,72413,419215,682,0.94,2,845,4,9,2,0,0,0,0,organic_search,0
48,144044,500707,687,0.7,3,420,7,10,5,0,0,1,0,organic_search,1
28,85066,216243,384,0.81,7,345,2,7,11,0,0,1,1,referral,0
59,79213,322681,809,0.99,20,709,9,6,7,0,0,1,0,referral,1
21,70971,173909,736,0.54,17,37,5,3,8,0,0,1,0,referral,0
23,47281,271201,592,0.5,9,537,9,4,17,0,0,1,1,facebook_ads,0
33,133978,366338,348,0.61,22,153,1,8,12,0,0,0,0,google_ads,0
48,48091,144805,366,0.5,9,401,8,6,18,1,1,0,1,facebook_ads,0
45,70494,255649,428,0.57,19,343,1,9,29,0,0,0,0,referral,0
53,123864,437569,328,0.85,5,214,4,8,7,1,1,1,0,organic_search,1
58,133755,692670,642,0.69,6,576,2,14,9,0,0,0,0,organic_search,0
26,38610,147693,844,0.63,18,614,9,8,19,0,0,0,0,facebook_ads,0
52,21079,56556,418,0.62,1,554,8,11,14,1,0,0,1,referral,0
41,115386,354101,432,0.52,17,68,8,10,24,0,0,0,1,referral,0
36,66751,269437,626,0.67,14,113,6,10,26,1,0,0,0,referral,0
41,106126,274846,484,0.77,15,50,9,7,19,1,0,0,0,organic_search,1
31,75432,335417,805,0.48,5,282,4,10,20,0,0,1,1,organic_search,0
57,50951,217203,833,0.98,17,332,8,11,18,0,0,0,0,referral,0
56,100863,490074,540,0.67,21,287,6,1,25,1,0,0,0,facebook_ads,0
55,98291,565253,815,0.97,21,841,1,5,15,0,0,0,0,google_ads,1
39,145659,822830,464,0.48,23,571,9,14,21,0,1,1,0,organic_search,1
40,79872,462003,517,0.86,23,669,0,7,21,1,1,0,0,organic_search,1
38,27235,81129,304,0.77,11,852,9,10,4,0,1,0,0,google_ads,0
34,102733,259530,380,0.89,10,581,9,9,13,0,0,1,0,referral,1
35,82712,265431,546,0.76,17,490,3,12,5,0,0,0,0,facebook_ads,0
51,41473,231433,792,0.98,1,638,9,4,12,0,0,0,1,facebook_ads,0
21,87567,515613,685,0.78,5,253,7,8,17,0,1,1,1,referral,1
23,126818,689547,606,0.87,16,121,5,1,10,0,1,0,0,organic_search,0
36,145849,355881,842,0.93,7,309,1,4,26,0,0,0,0,referral,0
43,127399,737603,306,0.83,12,199,4,4,12,0,0,0,0,organic_search,0
31,144421,533409,814,0.71,8,825,8,2,6,1,1,1,0,facebook_ads,1
32,99823,203363,372,0.56,18,763,5,11,27,0,0,0,1,organic_search,1
30,124215,468237,309,0.91,1,658,5,11,20,1,1,1,1,facebook_ads,1
52,129999,283953,421,0.69,20,277,6,3,28,0,0,0,0,facebook_ads,0
36,52230,218086,812,0.77,12,390,4,3,20,1,0,0,1,facebook_ads,0
28,104573,350760,740,0.45,4,378,2,9,12,0,0,0,0,organic_search,0
58,112588,438388,337,0.7,12,895,2,7,13,0,0,0,0,referral,0
32,88876,395736,644,0.82,22,464,4,2,21,1,1,0,0,facebook_ads,1
44,60644,332038,637,0.75,1,435,3,9,17,0,1,0,0,referral,0
48,68664,319123,483,0.67,1,630,4,8,20,1,0,0,0,google_ads,0
28,65203,243611,366,0.53,3,107,8,6,10,0,0,1,0,google_ads,0
48,86677,457456,316,0.59,21,487,4,6,19,1,0,0,0,facebook_ads,0
56,45425,255394,682,0.82,12,615,3,12,5,0,0,0,1,google_ads,0
46,143246,355112,667,0.53,22,421,3,2,26,0,0,1,0,facebook_ads,0
28,104817,432656,615,0.77,21,43,0,13,5,0,0,0,0,organic_search,0
48,127585,400367,796,0.75,13,74,9,3,8,0,0,0,0,organic_search,0
48,105961,231868,644,0.98,13,67,3,6,17,0,1,0,0,organic_search,0
57,120342,562500,772,0.44,21,445,3,14,3,0,0,0,0,referral,1
56,145740,794440,414,0.46,9,274,8,12,21,1,0,1,0,facebook_ads,1
47,117649,311959,399,0.7,18,91,3,3,16,0,0,0,0,facebook_ads,0
37,89806,471450,737,0.72,1,522,6,11,27,1,0,0,0,referral,1
29,62814,340048,644,0.42,6,637,0,11,19,1,0,0,0,referral,0
53,90219,510401,648,0.9,23,352,6,7,6,0,0,0,0,google_ads,0
40,69646,213196,438,0.7,24,281,1,14,10,0,0,0,1,google_ads,0
33,59884,336297,623,0.61,5,497,7,5,16,0,0,0,0,organic_search,0
48,115345,378637,601,0.59,4,90,0,4,13,0,0,0,0,referral,0
49,146062,614826,593,0.92,6,810,9,8,3,1,0,1,0,referral,1
33,120088,264437,828,0.52,3,148,2,11,22,0,0,1,0,referral,0
55,138198,300653,591,0.5,17,116,7,11,8,0,0,1,0,facebook_ads,0
26,89322,436024,373,0.53,11,624,9,2,20,0,1,0,0,google_ads,0
38,41650,157350,783,0.78,4,109,7,3,8,0,0,0,0,referral,0
25,114242,345601,315,0.89,20,257,4,10,7,0,0,0,0,organic_search,0
45,29190,80612,825,0.6,1,512,4,12,27,0,0,0,0,facebook_ads,0
22,58196,272346,635,0.5,4,844,7,4,11,1,0,0,0,referral,0
30,59449,118993,815,0.53,23,652,9,12,29,0,0,1,0,google_ads,1
50,59661,311643,426,0.77,3,339,4,10,20,0,0,1,1,referral,0
25,49709,115175,817,0.55,10,612,8,14,3,1,0,0,0,google_ads,1
53,130965,362243,428,0.93,22,514,0,6,21,0,1,0,0,google_ads,1
21,100428,356011,810,0.46,1,869,4,5,21,0,1,1,0,google_ads,1
38,95179,374951,722,0.42,4,54,2,5,7,0,0,0,0,organic_search,0
52,29943,102404,684,0.45,19,820,2,7,11,0,0,0,0,organic_search,0
31,63240,207607,531,0.91,1,231,1,8,17,0,0,0,1,google_ads,0
41,65760,385068,494,0.79,16,254,2,6,25,0,0,0,0,facebook_ads,0
46,41042,187410,364,0.97,19,808,6,14,18,0,1,1,1,referral,1
45,141770,296828,576,0.6,20,539,7,3,25,0,1,0,0,facebook_ads,1
42,63894,237730,523,0.53,21,824,7,4,9,0,0,1,0,facebook_ads,0
47,26869,147780,577,0.74,22,658,7,14,13,0,0,0,1,referral,0
33,81078,259921,665,0.72,18,608,0,1,29,1,0,1,0,organic_search,1
53,76759,182550,815,0.75,2,588,6,14,15,1,1,0,0,facebook_ads,1
54,125973,634090,514,0.61,6,782,1,11,19,1,0,1,1,facebook_ads,1
55,64306,284493,738,0.4,21,719,9,14,15,0,0,1,1,referral,1
21,128369,549579,727,0.42,1,549,3,5,7,0,0,0,0,facebook_ads,0
41,75371,166894,695,0.8,19,212,4,13,3,0,0,0,0,facebook_ads,0
26,40918,104831,508,0.71,5,106,0,12,24,1,0,1,0,organic_search,0
48,48379,217231,800,0.89,2,455,3,10,8,0,0,0,0,facebook_ads,0
37,140667,398269,762,0.58,1,96,3,8,13,1,0,1,1,google_ads,1
25,128475,515991,526,0.89,16,689,8,3,16,1,0,1,1,organic_search,1
51,110810,463133,674,0.66,21,523,8,10,3,0,0,0,1,referral,1
25,103232,323532,799,0.46,2,714,9,13,21,0,0,1,1,referral,1
58,22962,133034,392,0.99,4,576,0,4,23,0,0,0,0,referral,0
23,33851,181775,759,0.71,3,106,7,13,1,0,1,0,0,facebook_ads,0
43,137626,672921,620,0.78,23,821,3,4,3,0,0,1,0,referral,1
57,65747,152005,309,0.8,17,726,3,6,16,0,0,1,0,google_ads,0
57,145180,351991,602,0.62,15,84,4,9,1,0,0,0,0,organic_search,0
30,72349,287306,621,0.85,10,635,1,10,18,0,0,1,0,google_ads,0
30,90832,240055,755,0.92,12,502,0,3,14,1,1,0,0,referral,1
39,76356,451497,577,0.63,12,685,4,4,7,1,0,1,0,facebook_ads,1
37,34745,91521,837,0.79,20,276,6,6,23,1,0,0,0,facebook_ads,0
41,25730,101630,692,0.85,7,468,9,6,3,0,0,0,0,referral,0
34,33921,117247,394,0.51,10,741,8,7,29,0,1,0,0,referral,0
29,118430,539750,406,0.6,5,777,1,1,22,0,0,0,0,referral,0
21,91138,229316,689,0.47,20,343,7,14,16,0,0,0,1,facebook_ads,0
33,103111,383703,825,0.76,20,349,6,14,29,0,0,1,0,google_ads,1
24,39023,120925,370,0.88,11,249,1,9,6,0,0,1,0,organic_search,0
21,65349,362752,675,0.77,2,873,4,2,18,0,0,0,0,referral,0
52,146796,317423,667,0.51,24,400,6,14,29,0,0,0,0,google_ads,1
54,101533,574159,350,0.73,16,245,2,4,25,0,0,0,0,google_ads,0
48,103286,550718,442,0.9,12,78,1,3,13,1,0,1,0,google_ads,0
51,61979,197730,718,0.58,16,826,5,3,24,1,0,0,0,referral,1
28,42837,220917,847,0.9,4,492,9,11,2,1,0,0,0,facebook_ads,0
59,34997,74363,799,0.87,2,147,5,5,12,0,0,0,0,google_ads,0
46,124975,733286,466,0.41,10,111,3,7,4,1,0,0,0,google_ads,0
54,108603,445965,559,0.54,13,292,0,13,9,0,0,0,1,google_ads,0
23,65039,208978,491,0.73,23,618,4,12,20,0,1,0,0,organic_search,1
32,147394,508558,501,0.83,19,752,0,7,23,1,1,1,1,google_ads,1
21,40923,92716,484,0.93,15,525,7,14,5,0,1,1,0,google_ads,1
25,28876,172025,457,0.78,23,663,1,14,10,1,0,1,0,facebook_ads,1
50,80973,174672,398,0.63,1,866,8,7,6,0,0,0,0,google_ads,0
50,22887,105729,540,0.51,17,631,8,3,1,0,0,1,0,google_ads,0
37,83723,315714,790,0.86,20,799,2,9,20,0,1,1,0,referral,1
43,62422,361776,501,0.52,4,702,5,6,5,1,1,0,0,facebook_ads,0
35,122390,365211,808,0.82,20,205,8,11,6,0,0,1,0,google_ads,1
57,71413,294817,395,0.51,9,834,6,12,22,1,0,1,0,google_ads,1
41,122484,481291,789,0.45,6,118,3,11,21,0,0,1,0,organic_search,0
34,22841,109898,517,0.55,3,668,2,10,19,0,0,1,0,organic_search,0
22,144647,328643,826,0.57,22,388,1,11,11,1,0,1,0,google_ads,1
31,48756,135305,572,0.79,2,315,9,8,15,0,1,1,0,organic_search,0
59,91576,261747,518,0.5,18,326,9,14,2,0,1,0,0,google_ads,1
58,138248,684687,631,0.96,23,289,0,14,15,0,0,1,1,referral,1
54,30304,83534,752,0.73,19,880,9,1,7,0,1,1,0,organic_search,1
58,50341,216162,451,0.69,7,504,0,4,17,0,1,0,0,referral,0
54,24758,70832,646,0.66,3,785,3,7,12,0,1,0,0,google_ads,0
38,37010,201574,713,0.74,18,652,3,12,12,1,0,0,0,organic_search,1
50,147039,848230,826,0.41,20,565,8,9,5,0,0,1,1,google_ads,1
35,80758,329005,730,0.99,20,591,9,12,20,1,0,0,0,facebook_ads,1
47,51658,176114,678,0.73,19,66,0,3,7,0,0,0,0,referral,0
54,69002,202605,727,0.42,9,210,3,12,2,0,0,0,0,facebook_ads,0
58,123318,271191,383,0.75,16,794,2,11,27,0,0,1,0,referral,1
53,21375,65706,491,0.66,6,54,8,12,13,0,1,1,0,google_ads,0
44,119485,551655,340,0.41,21,378,4,6,24,0,0,0,0,organic_search,0
35,42092,174028,608,0.95,12,666,8,8,9,0,1,0,1,facebook_ads,0
50,20490,118353,677,0.41,6,572,9,11,29,0,0,1,1,organic_search,0
37,23729,85071,435,0.75,13,778,5,3,15,0,0,0,0,organic_search,0
25,25974,124037,405,0.98,24,256,8,6,28,0,0,0,0,facebook_ads,0
49,138222,546984,818,0.54,5,377,0,9,26,1,0,1,0,facebook_ads,1
24,105216,426156,841,0.55,13,67,3,9,15,1,1,0,0,organic_search,1
30,103860,318964,425,0.4,20,412,3,6,1,1,0,0,0,google_ads,0
37,147288,562611,656,0.44,7,599,9,5,21,0,0,1,0,facebook_ads,1
30,116870,453822,699,0.43,12,265,9,1,20,1,0,0,0,google_ads,0
37,41398,199810,378,0.89,21,210,5,3,21,1,1,0,0,google_ads,0
40,54650,314923,688,0.9,4,143,9,3,25,0,0,0,0,facebook_ads,0
44,41292,136977,834,0.84,5,335,0,12,28,1,1,1,1,google_ads,1
25,121291,263056,373,0.61,16,161,9,4,3,0,0,0,0,referral,0
54,123889,493720,304,0.89,4,377,4,5,1,0,1,1,1,google_ads,0
26,23159,96754,762,0.72,8,209,2,11,27,0,0,0,0,google_ads,0
22,118162,315937,381,0.58,16,444,0,8,19,0,0,0,0,google_ads,0
33,82766,417294,836,0.66,8,619,5,13,20,0,0,1,0,organic_search,1
31,114887,682396,704,0.44,17,761,2,11,13,1,0,1,0,google_ads,1
43,122834,710361,813,0.97,14,683,3,9,15,0,1,1,0,google_ads,1
36,37065,103352,577,0.77,12,414,8,12,13,0,0,0,1,google_ads,0
51,41638,229069,523,0.84,3,541,1,14,18,0,0,0,0,google_ads,0
31,21073,101529,367,0.81,20,72,0,14,17,0,0,1,0,organic_search,0
36,66511,253765,619,0.8,2,509,9,7,1,1,1,0,0,organic_search,1
28,104307,434172,318,0.41,13,147,5,13,15,0,1,0,0,organic_search,0
24,145274,784247,642,0.72,21,600,0,10,24,0,1,0,0,facebook_ads,1
24,120997,474373,642,0.89,11,90,0,6,4,1,0,1,1,facebook_ads,1
45,127866,446614,396,0.43,24,582,6,3,28,0,1,1,0,organic_search,1
23,49320,195947,351,0.97,12,815,1,9,2,1,0,0,0,facebook_ads,0
52,89876,387951,474,0.65,18,217,3,10,26,0,0,1,0,organic_search,0
23,54924,151387,637,0.57,9,482,3,1,19,0,0,1,0,google_ads,0
47,101720,570001,652,0.72,7,876,1,9,8,1,1,0,0,organic_search,1
49,60734,285252,690,0.88,6,216,5,3,22,0,0,0,0,organic_search,0
52,88116,399436,414,0.68,24,493,9,9,16,0,0,0,0,facebook_ads,0
39,60025,143939,647,0.79,14,769,1,13,8,1,0,1,0,organic_search,1
41,114503,505724,300,0.7,18,193,7,10,10,0,0,0,0,referral,0
25,22159,55039,362,0.78,14,453,3,1,16,0,0,0,0,google_ads,0
38,68940,159581,525,0.48,5,827,0,8,5,1,1,1,0,organic_search,1
48,99436,408606,722,0.42,20,131,6,6,19,0,0,0,0,organic_search,0
42,96976,350194,318,0.48,24,296,5,14,6,0,0,0,0,organic_search,0
41,34678,151031,330,0.57,13,665,5,9,10,0,1,1,1,organic_search,0
26,81075,191084,323,0.55,1,182,2,4,24,0,0,0,0,facebook_ads,0
21,67204,250263,510,0.77,12,458,9,12,5,1,1,0,1,facebook_ads,1
25,32021,86429,460,0.67,19,720,6,5,21,0,0,0,0,referral,0
32,26772,159250,554,0.42,10,456,5,6,19,0,0,1,0,facebook_ads,0
46,87163,369972,413,0.42,24,607,9,12,19,1,1,0,0,referral,1
54,129968,617315,803,0.45,5,640,9,9,13,1,0,0,0,referral,1
34,93755,309548,519,0.61,20,565,8,6,28,0,0,0,0,organic_search,0
46,43464,103398,656,0.4,6,362,2,9,15,0,1,0,0,referral,0
47,71137,419956,468,0.7,12,790,2,2,8,1,0,0,0,google_ads,0
29,50232,157981,823,0.62,21,706,3,14,11,0,0,0,1,facebook_ads,0
46,81497,301150,541,0.73,3,469,2,4,1,0,0,0,0,referral,0
42,128017,588808,674,0.83,14,635,3,3,4,0,0,0,0,google_ads,0
50,94024,197336,438,0.55,21,884,5,4,25,0,0,1,0,facebook_ads,0
37,120485,631466,396,0.49,4,153,0,1,22,1,1,1,0,google_ads,0
46,129898,538597,446,0.57,17,331,1,2,22,1,0,0,0,organic_search,0
56,71448,222408,481,0.4,17,697,9,4,26,0,1,0,0,organic_search,0
21,125468,281855,356,0.47,14,378,5,10,27,1,1,0,0,facebook_ads,1
28,104517,276969,341,0.85,15,278,5,4,27,0,0,1,0,referral,0
55,20901,116630,842,0.53,7,300,0,5,13,0,1,1,1,google_ads,0
35,107980,512267,301,1.0,4,458,5,9,7,1,1,1,0,organic_search,1
42,127594,382731,587,0.5,17,599,8,1,27,0,0,0,1,referral,0
34,103597,234378,437,0.87,6,736,7,8,7,1,1,1,1,organic_search,1
46,22881,108969,811,0.82,11,742,9,3,6,0,0,0,0,organic_search,0
48,49863,213893,521,0.59,12,613,4,9,25,0,1,0,0,referral,0
43,131362,475277,630,0.6,15,276,3,11,8,1,1,0,1,facebook_ads,1
34,25622,88509,703,0.74,12,510,5,8,12,0,0,1,0,referral,0
44,142740,409272,807,0.91,11,127,4,8,24,0,0,1,1,google_ads,1
22,21378,100015,426,0.63,17,358,5,9,18,0,0,1,0,facebook_ads,0
46,103168,606903,564,0.44,8,622,9,4,23,1,0,0,0,google_ads,0
34,113847,307712,314,0.62,12,454,2,12,15,0,0,1,0,facebook_ads,0
27,91186,400166,525,0.52,9,606,6,5,28,1,1,1,0,organic_search,1
23,65201,241031,404,0.96,11,453,7,12,16,0,0,0,0,referral,0
43,140767,533050,792,0.82,3,34,4,7,1,0,1,1,0,google_ads,1
38,127760,385399,618,0.43,7,488,4,2,10,1,0,0,0,facebook_ads,0
58,79251,420073,518,0.58,21,825,3,7,15,0,0,0,0,organic_search,0
55,92572,364828,576,0.43,3,835,9,12,24,0,0,1,0,organic_search,1
35,59255,247308,640,0.9,21,622,4,3,13,1,0,1,0,referral,1
45,83212,267863,751,0.94,16,527,9,6,19,0,0,1,1,referral,1
57,70210,191479,668,0.47,10,116,7,13,27,0,0,0,0,google_ads,0
48,145629,341302,773,0.66,23,431,4,6,13,1,1,0,0,facebook_ads,1
30,136736,664055,489,0.96,7,322,8,6,9,1,0,0,0,organic_search,1
59,42499,118357,718,0.49,24,310,0,10,21,0,0,0,1,google_ads,0
37,122552,583384,794,0.58,20,226,6,2,16,0,1,0,0,google_ads,1
59,71628,255103,338,0.58,15,793,4,9,23,1,0,0,0,organic_search,1
42,81360,298029,461,0.42,21,112,3,8,14,0,0,0,0,facebook_ads,0
46,24603,95378,420,0.42,21,56,2,7,23,0,1,1,0,google_ads,0
45,113309,393276,698,0.97,10,874,9,11,9,0,0,0,0,referral,1
37,147466,354284,561,0.74,12,723,6,14,18,0,0,0,0,organic_search,1
33,105473,341577,428,0.58,18,164,1,12,4,1,0,0,1,organic_search,1
40,32632,151899,839,0.63,23,119,4,12,12,0,0,1,0,organic_search,0
45,50607,235987,655,0.83,23,235,1,9,24,0,0,0,1,facebook_ads,0
24,111873,351829,731,0.62,9,56,6,4,5,1,0,0,0,facebook_ads,0
30,85756,329338,364,0.54,9,407,5,2,11,1,1,0,0,google_ads,0
23,66994,185827,517,0.46,4,600,9,4,5,0,0,0,0,google_ads,0
38,83382,236928,726,0.84,5,613,6,14,19,0,0,0,1,organic_search,0
56,90354,189037,373,0.51,7,444,8,12,21,1,1,0,0,google_ads,1
42,76344,426532,759,0.44,7,256,1,10,29,1,1,0,0,organic_search,0
54,73775,209729,724,0.66,11,632,8,11,7,0,0,1,0,referral,1
28,27349,79589,491,0.42,10,97,6,14,4,0,0,0,0,google_ads,0
39,91154,284255,488,0.98,11,391,1,3,8,0,0,0,0,facebook_ads,0
57,47464,119117,311,0.78,24,289,9,2,27,0,0,0,1,facebook_ads,0
26,62624,285380,538,0.49,24,687,1,2,6,0,1,0,0,organic_search,0
46,141897,326444,752,0.5,18,92,3,14,6,1,1,1,0,referral,1
54,146866,372571,682,0.74,12,884,1,8,22,0,0,0,0,google_ads,1
26,57344,262579,347,0.61,16,721,0,13,4,0,0,0,0,google_ads,0
57,145857,489881,616,0.86,4,652,5,5,14,0,0,0,1,referral,0
53,103791,501496,508,0.73,17,732,9,12,3,0,0,0,0,referral,1
42,44299,187371,846,0.66,17,421,4,14,10,0,0,1,1,google_ads,0
41,67975,205562,418,0.98,21,275,2,6,22,0,1,1,1,organic_search,1
26,21462,98796,614,0.63,23,307,0,8,6,0,0,0,1,google_ads,0
26,140209,345628,335,0.64,5,376,8,7,18,1,0,1,0,referral,1
24,101441,420538,762,0.8,13,401,7,7,10,1,0,0,1,facebook_ads,1
50,110456,414054,702,0.89,3,838,5,12,9,0,1,0,1,google_ads,1
31,101788,312641,406,0.78,23,878,5,13,16,1,1,0,0,referral,1
50,126540,558803,338,0.82,17,152,3,7,20,0,1,0,0,facebook_ads,0
51,60581,332307,479,0.62,11,86,1,12,4,1,0,0,0,google_ads,0
44,120372,721704,311,0.69,1,189,3,11,26,1,0,0,1,organic_search,0
29,91289,404506,638,0.52,18,156,1,11,29,0,0,1,0,organic_search,0
23,125541,454310,847,0.81,17,766,6,7,28,1,0,0,0,google_ads,1
51,34175,99135,425,0.53,9,636,8,8,11,0,0,0,0,google_ads,0
57,141704,429134,362,0.4,20,340,1,1,28,0,1,1,0,facebook_ads,0
56,26191,102611,381,0.96,7,547,8,13,12,0,1,1,0,organic_search,0
44,103434,358824,598,0.58,5,294,8,3,24,1,0,0,0,referral,0
51,104518,591076,333,0.52,16,775,7,1,19,0,0,0,0,google_ads,0
26,100158,347866,348,0.56,7,317,0,8,10,0,0,0,1,organic_search,0
22,86537,302341,356,0.6,13,449,4,2,7,0,0,0,0,organic_search,0
40,135721,479656,408,0.68,13,557,9,7,7,0,0,0,1,google_ads,1
48,67645,361662,816,0.44,15,169,3,6,18,1,0,0,0,google_ads,0
31,128536,591670,323,0.43,23,838,6,11,3,0,1,0,0,referral,1
24,43283,192898,520,0.58,17,736,7,1,12,0,1,1,1,google_ads,0
35,143153,477640,614,0.58,17,727,9,12,14,0,0,0,0,referral,1
26,106971,563910,593,0.47,19,504,7,6,20,0,1,1,0,google_ads,1
50,112759,242821,309,0.64,10,666,1,9,2,0,0,0,0,facebook_ads,0
58,79123,433846,780,0.57,2,558,2,3,9,1,0,0,0,google_ads,0
22,122780,497381,566,0.42,14,418,9,12,10,0,0,1,1,facebook_ads,1
35,50024,179736,387,0.93,23,540,9,7,27,0,1,0,0,google_ads,0
31,69630,277731,754,0.93,3,567,6,4,6,0,0,0,0,organic_search,0
28,50734,236910,832,0.53,7,242,3,1,17,0,0,1,0,google_ads,0
46,20515,42077,447,0.5,11,542,5,7,15,1,0,1,0,facebook_ads,0
25,130782,717497,730,0.73,17,832,7,1,1,0,0,1,0,google_ads,1
26,86727,328431,541,0.78,15,294,7,11,24,0,1,0,0,google_ads,0
46,117800,397205,365,0.97,19,372,6,4,27,0,0,0,0,organic_search,0
24,129164,329753,677,0.63,11,67,1,13,22,0,1,0,0,organic_search,0
39,66216,248830,687,0.77,15,262,1,9,13,0,0,0,0,facebook_ads,0
40,91833,365981,508,0.93,15,289,2,5,10,0,1,0,0,google_ads,0
53,78755,284666,714,0.67,6,337,3,7,12,0,0,0,0,google_ads,0
40,47856,225623,315,0.47,15,432,0,13,23,0,0,1,0,organic_search,0
32,134959,497133,596,0.63,9,290,4,7,22,1,1,1,0,facebook_ads,1
21,93870,548733,519,0.48,5,505,6,12,16,1,0,1,1,google_ads,1
46,44162,194185,666,0.41,19,779,9,3,2,0,0,0,0,facebook_ads,0
34,26008,136019,528,0.85,24,135,4,13,3,1,0,1,0,facebook_ads,0
58,27987,68216,739,0.54,5,276,6,11,8,1,0,1,0,facebook_ads,0
57,82532,296220,831,0.4,22,333,4,8,20,0,1,1,1,organic_search,1
31,116502,389977,749,0.92,13,372,9,1,29,1,1,0,0,referral,1
56,23332,99812,335,0.67,18,476,7,4,15,0,0,1,0,organic_search,0
33,86323,469981,721,0.54,20,67,6,10,24,1,0,1,1,google_ads,1
23,58990,136464,488,0.56,17,849,0,4,19,0,0,0,0,facebook_ads,0
53,29873,68418,477,0.54,15,884,0,2,18,0,0,0,0,facebook_ads,0
26,102542,553857,614,0.52,14,75,4,6,23,1,0,0,1,facebook_ads,0
30,105761,301566,319,0.9,16,751,1,1,1,0,0,1,0,google_ads,0
25,56444,263876,681,0.5,4,634,8,3,27,0,0,0,0,google_ads,0
43,55340,230851,442,0.74,17,249,1,9,19,1,1,0,0,facebook_ads,0
30,125219,667614,361,0.45,20,285,8,12,2,0,0,1,0,facebook_ads,0
22,25033,62591,541,0.97,14,166,9,10,5,1,1,1,0,facebook_ads,1
33,93324,235095,537,0.76,18,260,1,6,18,0,1,0,0,google_ads,0
22,35689,150867,430,0.94,6,847,3,2,16,0,0,1,0,facebook_ads,0
40,129756,750705,422,0.64,22,743,2,12,10,0,0,0,0,facebook_ads,0
21,107134,392109,739,0.89,8,607,5,12,21,0,0,1,0,organic_search,1
57,123016,406908,641,0.91,9,67,3,9,29,0,0,1,0,facebook_ads,0
29,115239,510135,718,0.82,24,184,8,13,3,0,0,1,1,organic_search,1
37,20066,114813,754,0.46,1,532,8,2,25,0,1,0,0,facebook_ads,0
29,134159,717443,497,0.41,13,134,9,12,10,0,1,0,0,organic_search,1
31,65246,390297,581,0.5,3,284,8,7,25,0,0,1,0,organic_search,0
35,27533,57551,300,0.47,6,433,2,1,24,0,0,1,0,google_ads,0
44,100639,246709,631,0.84,17,517,2,5,13,0,0,0,0,facebook_ads,0
58,90152,400082,511,0.73,8,487,3,7,21,0,0,1,0,facebook_ads,0
55,131581,695051,386,0.72,6,557,8,3,10,0,0,0,1,facebook_ads,0
50,135828,426632,360,0.55,16,620,5,4,11,0,0,0,0,organic_search,0
51,79658,235536,394,0.49,1,554,8,5,7,0,1,0,0,google_ads,0
25,58498,301142,446,0.52,10,399,7,3,2,0,1,1,0,referral,0
34,129028,287155,545,0.64,18,131,6,6,19,0,0,1,0,organic_search,0
31,31772,110488,596,0.84,22,693,4,3,28,0,0,0,0,referral,0
29,109385,440081,422,0.55,14,719,8,8,27,0,0,0,0,organic_search,0
54,69036,292808,755,0.82,24,628,3,7,18,0,0,0,0,organic_search,0
32,78531,385937,698,0.69,5,629,3,1,26,0,1,0,0,facebook_ads,0
55,139159,475837,530,0.93,17,570,7,2,11,0,0,0,0,organic_search,1
55,32940,146607,833,0.54,14,541,3,4,17,1,0,1,0,organic_search,0
21,138027,599244,701,0.67,18,418,6,5,3,0,0,1,0,google_ads,1
42,36932,154762,429,0.46,4,392,3,14,20,1,0,0,0,facebook_ads,0
49,115305,526013,591,0.6,20,862,0,14,12,0,0,0,0,google_ads,1
28,76827,233384,575,0.7,23,641,9,11,25,1,0,1,1,referral,1
31,81431,190434,675,0.84,2,144,8,14,28,0,1,0,0,facebook_ads,0
57,44648,110596,354,0.52,7,751,3,10,2,0,0,1,0,google_ads,0
34,132947,385324,325,0.53,7,372,2,11,25,0,0,1,0,facebook_ads,0
50,52966,211905,740,0.78,7,103,2,4,1,0,0,0,0,facebook_ads,0
55,47777,256169,496,0.63,13,164,8,4,9,0,0,1,0,referral,0
41,144661,695121,542,0.69,19,810,7,14,22,0,0,0,0,organic_search,1
57,52567,271043,489,0.9,22,891,9,9,24,0,0,0,0,referral,1
25,135259,460408,575,0.7,6,619,6,4,19,0,0,0,1,google_ads,0
39,37174,134518,708,0.79,20,409,6,4,8,0,0,1,1,facebook_ads,0
34,62598,223770,639,0.79,17,519,3,4,27,1,1,0,0,organic_search,1
46,144711,400486,452,0.88,18,154,2,2,9,0,1,1,0,google_ads,1
24,79199,177791,697,0.78,24,67,3,13,7,0,1,1,0,referral,1
45,33798,147483,743,0.44,1,810,5,8,4,0,0,1,0,facebook_ads,0
45,85364,508501,726,0.61,23,339,3,13,22,0,0,1,0,referral,1
38,37558,100179,786,0.99,13,135,3,14,16,0,0,0,0,facebook_ads,0
28,81084,177309,503,0.52,19,585,1,4,6,1,0,1,0,facebook_ads,0
59,64237,328773,411,0.75,16,254,6,5,18,0,1,1,0,organic_search,0
34,85497,257375,624,0.91,10,271,5,8,2,0,0,1,0,referral,0
52,20178,107318,557,0.75,13,426,1,14,11,1,1,0,0,google_ads,0
58,136932,659429,827,0.62,10,182,4,4,5,1,0,0,0,facebook_ads,0
53,106006,613000,649,0.45,14,565,5,5,17,1,0,1,0,facebook_ads,1
43,37118,134950,734,0.62,9,665,4,5,5,1,0,1,0,google_ads,0
35,42616,198074,725,0.51,21,826,3,6,26,0,1,0,0,google_ads,0
53,20798,80268,579,0.98,11,431,8,7,3,1,0,0,1,google_ads,0
45,27601,124821,670,0.83,3,889,2,3,19,1,0,0,0,google_ads,0
37,45363,172306,548,0.85,8,802,1,14,8,0,0,1,0,referral,0
53,22795,62789,480,0.66,12,175,8,10,11,0,0,1,1,facebook_ads,0
22,117462,473558,377,0.47,3,220,7,11,3,0,0,0,0,organic_search,0
34,65264,268518,635,0.56,7,706,8,3,3,0,0,1,0,google_ads,0
59,122892,644250,349,0.56,14,612,9,13,1,0,0,1,0,organic_search,1
26,92833,458788,384,0.69,7,230,2,9,24,1,0,0,0,organic_search,0
26,149688,696822,303,0.68,7,896,0,1,13,0,0,0,1,organic_search,0
23,23084,56637,616,0.66,14,41,0,10,10,1,0,0,0,referral,0
27,115865,565706,410,0.7,12,81,2,12,26,0,0,1,0,google_ads,0
28,96646,386701,633,0.99,1,797,3,13,6,0,0,1,0,organic_search,1
35,20731,115604,432,0.58,5,331,1,8,11,1,0,0,0,organic_search,0
49,21129,120001,418,0.77,11,329,7,10,8,0,0,0,0,facebook_ads,0
53,48022,106638,649,0.54,1,550,2,3,19,1,0,0,0,google_ads,0
50,21605,114129,841,0.68,23,169,3,5,11,0,1,1,0,referral,0
59,97506,209714,354,0.52,13,129,5,3,6,0,0,1,0,google_ads,0
47,129241,448295,660,0.73,24,514,9,10,12,1,1,0,0,google_ads,1
56,64130,267370,752,0.56,23,166,5,1,18,0,0,1,1,google_ads,0
49,49265,127714,629,0.42,17,395,1,10,3,0,0,1,1,google_ads,0
58,52330,260878,518,0.89,3,563,5,14,13,0,0,0,0,facebook_ads,0
53,88469,179894,507,0.48,10,536,3,5,4,1,0,0,0,organic_search,0
57,35187,94103,384,0.62,19,686,4,8,9,1,1,0,0,facebook_ads,0
47,45791,197963,544,0.69,7,190,6,5,16,0,0,0,0,referral,0
53,110436,536448,634,0.66,20,790,6,4,12,0,0,0,0,organic_search,1
24,90610,513448,511,0.84,3,204,5,9,20,0,1,1,0,google_ads,0
42,132341,638146,482,0.76,22,117,9,13,7,1,0,0,0,facebook_ads,1
22,111962,524779,432,0.58,12,428,5,1,12,0,0,0,0,google_ads,0
30,59867,214166,649,0.43,22,509,5,5,8,0,0,0,0,google_ads,0
25,136178,273055,581,0.86,10,574,3,1,21,0,0,1,0,referral,0
30,20893,51827,592,0.61,21,506,2,6,15,1,0,1,0,organic_search,0
53,119694,495319,568,0.93,12,812,0,10,2,0,1,0,0,referral,1
58,39773,186953,496,0.64,15,312,2,9,11,0,1,0,0,referral,0
33,24239,88952,836,0.83,6,767,2,11,24,0,0,0,1,organic_search,0
51,40863,201156,319,0.96,19,481,8,14,21,0,0,0,0,referral,0
56,71415,291905,704,0.79,5,653,2,2,5,0,0,0,0,organic_search,0
44,88968,204333,414,0.65,20,111,7,13,23,0,1,0,1,referral,1
35,120675,334036,325,0.74,2,242,7,13,6,0,0,0,0,facebook_ads,0
49,80430,431104,694,0.73,21,845,2,4,19,0,1,0,0,organic_search,1
28,139000,681051,680,0.75,19,549,9,8,14,1,0,1,0,google_ads,1
25,21515,120033,822,0.49,19,163,9,14,7,0,1,0,0,referral,0
49,117206,289525,838,0.82,4,476,5,3,12,0,1,0,0,referral,0
24,134210,800011,382,0.49,20,147,7,14,17,1,0,0,0,organic_search,1
32,124630,353653,849,0.41,5,625,7,7,4,1,0,1,0,referral,1
22,34605,70840,744,0.77,7,799,9,12,20,0,0,0,0,referral,0
47,76240,456654,386,0.47,4,272,9,7,22,0,0,1,0,organic_search,0
51,25586,79938,686,0.86,11,778,8,14,22,0,1,0,0,organic_search,1
56,121221,566353,697,0.92,23,179,8,2,10,0,0,1,0,referral,1
56,140419,380076,585,0.97,3,562,7,12,24,1,0,0,0,organic_search,1
46,142374,615185,668,0.8,5,675,6,10,28,0,0,0,0,referral,1
47,134205,753714,721,0.69,20,408,9,4,1,1,0,1,0,referral,1
25,51186,167927,742,0.61,15,637,2,1,29,1,1,0,0,referral,1
40,46928,219670,819,0.69,21,554,6,8,23,0,0,0,0,google_ads,0
31,118264,325416,587,0.51,18,542,3,10,4,0,0,0,0,organic_search,0
30,103087,463807,394,0.61,16,691,1,10,13,0,0,1,0,google_ads,0
58,142990,478416,340,0.83,16,146,7,9,6,1,1,0,0,facebook_ads,1
26,107029,304479,630,0.53,10,693,1,1,26,0,0,0,0,facebook_ads,0
28,40711,132421,454,0.56,1,605,0,11,15,0,1,0,1,referral,0
43,74962,203549,803,0.85,23,691,4,7,14,0,1,1,0,google_ads,1
46,40039,224525,574,0.51,11,346,9,1,25,0,0,1,0,referral,0
32,56561,202983,478,0.55,17,41,8,12,3,0,1,0,0,referral,0
46,95483,284646,436,0.41,24,119,4,1,24,0,0,0,1,referral,0
33,117871,447159,479,0.83,15,417,1,9,19,0,1,0,0,referral,0
38,101395,332793,481,0.77,7,112,9,10,6,1,0,1,0,referral,1
45,108658,540864,558,0.82,6,791,3,10,2,0,0,0,0,facebook_ads,0
53,21577,126978,542,0.53,15,425,7,6,9,0,0,0,0,organic_search,0
32,127792,479492,395,0.81,15,574,6,1,13,0,0,0,0,organic_search,0
56,48350,263223,496,0.76,7,690,4,7,18,1,0,0,0,organic_search,0
24,136908,583700,825,0.62,3,669,3,3,12,0,1,0,0,facebook_ads,0
25,127468,335106,686,0.66,14,129,4,10,21,0,0,1,0,google_ads,0
57,53798,256212,707,0.74,9,486,6,4,22,0,1,0,1,facebook_ads,0
28,117434,476046,568,0.7,3,357,4,14,4,0,0,1,0,facebook_ads,0
48,101417,466764,470,0.79,6,753,7,4,28,0,0,0,0,google_ads,0
51,30785,171126,469,0.51,20,103,6,8,23,0,1,0,0,referral,0
29,92227,346933,458,0.72,9,125,6,1,29,1,1,0,1,referral,0
49,138680,777261,808,0.67,1,121,8,8,7,0,0,0,0,referral,0
34,81957,410004,746,0.68,9,359,7,9,12,0,1,0,1,google_ads,0
42,85431,337830,381,0.68,12,869,7,11,23,0,0,1,1,facebook_ads,1
31,37297,164587,356,0.93,4,204,5,7,11,1,0,0,0,facebook_ads,0
43,91894,303463,818,0.89,16,766,6,1,7,0,1,1,1,google_ads,1
21,136869,812233,411,0.78,5,344,7,7,29,1,1,1,0,referral,1
57,83772,391165,347,0.83,17,716,4,6,26,0,0,0,0,google_ads,0
41,39581,86104,675,0.43,17,597,9,5,27,0,0,1,1,facebook_ads,0
46,75192,248621,332,0.85,6,526,1,5,10,0,0,1,0,organic_search,0
56,21462,96434,803,0.69,15,298,6,1,9,0,1,1,0,organic_search,0
43,148848,331236,302,0.59,1,457,9,6,2,0,0,0,1,organic_search,0
21,84173,176387,785,0.48,13,64,2,13,5,1,1,1,0,referral,1
35,35511,134945,815,0.45,16,148,9,4,10,1,0,0,0,referral,0
41,96106,320106,341,0.43,2,400,7,14,25,0,0,1,0,referral,0
29,68665,257713,308,0.5,19,597,5,14,28,0,0,0,0,referral,0
29,64414,196512,441,0.42,23,480,3,1,29,0,1,1,0,google_ads,0
30,101010,268572,735,0.84,2,338,1,12,14,0,0,0,0,organic_search,0
46,92573,440330,326,0.55,21,386,6,8,27,0,0,1,0,organic_search,0
55,113665,461284,342,0.62,12,405,0,8,16,0,0,1,0,referral,0
45,127803,357927,430,0.89,12,857,6,12,27,1,0,0,0,referral,1
46,139682,457927,515,0.47,8,134,9,13,2,1,0,0,0,google_ads,1
31,33386,145804,819,0.9,12,419,9,11,19,0,0,0,0,google_ads,0
58,144069,329762,644,0.78,24,205,6,4,23,0,0,0,0,google_ads,0
22,74460,192837,807,0.61,11,135,9,13,9,0,0,0,0,organic_search,0
27,26221,60124,712,0.47,2,621,2,7,14,0,0,0,0,organic_search,0
38,43474,228206,545,0.45,1,192,3,3,15,1,1,0,0,organic_search,0
47,126073,631579,748,0.6,4,296,3,8,19,1,0,1,0,organic_search,1
54,135375,678668,320,0.48,9,592,3,7,26,0,1,0,0,google_ads,0
47,132660,645430,707,0.56,7,308,8,14,8,0,0,1,0,referral,1
37,41045,191989,756,0.43,22,332,5,5,27,0,1,1,0,organic_search,0
44,111319,435031,743,0.76,10,616,9,5,15,0,0,1,0,google_ads,1
45,136582,624058,564,0.49,20,890,8,9,8,0,0,1,1,referral,1
27,125693,270673,483,0.85,14,156,3,6,28,0,0,1,0,facebook_ads,0
26,24922,111796,526,0.53,1,275,6,6,4,0,0,0,0,referral,0
44,131943,674428,847,0.88,5,853,9,2,27,0,0,1,0,facebook_ads,1
53,42706,170885,545,0.51,13,263,8,11,29,0,0,1,0,facebook_ads,0
49,62771,215307,372,0.83,6,696,9,5,6,0,1,0,0,organic_search,0
42,72335,224940,449,0.6,22,614,2,12,11,0,0,0,0,google_ads,0
46,118015,539471,812,0.75,17,468,2,4,12,0,0,0,0,referral,0
48,72949,348054,368,0.42,15,166,5,10,24,0,1,1,0,facebook_ads,0
41,90714,497463,529,0.7,7,815,7,3,28,0,0,1,0,google_ads,0
27,115558,389353,371,0.49,8,585,0,9,9,1,0,1,0,referral,0
37,35240,178987,696,0.69,21,788,3,11,18,0,1,1,0,organic_search,1
40,111756,474451,383,0.48,2,178,7,12,17,0,1,0,0,referral,0
40,122272,676328,598,0.66,18,85,5,7,21,0,0,0,0,organic_search,0
42,22716,93391,592,0.47,21,717,1,4,26,0,0,0,0,referral,0
48,36574,148875,522,0.53,23,385,7,9,3,0,0,0,1,referral,0
27,131815,568321,515,0.76,7,286,0,9,27,1,0,1,0,facebook_ads,0
21,103255,515992,530,0.99,20,842,0,12,13,0,0,1,0,facebook_ads,1
52,93717,549065,704,0.67,16,92,6,7,6,1,0,1,0,facebook_ads,1
33,131299,301233,468,0.81,19,855,9,5,28,1,0,1,0,organic_search,1
50,64066,141825,628,0.72,9,92,2,13,14,1,0,0,0,referral,0
43,135066,776656,725,0.7,12,835,7,9,27,0,0,0,0,referral,1
39,81826,337082,495,0.44,14,58,8,14,1,0,1,0,0,organic_search,0
52,40213,179334,825,0.49,7,581,7,13,28,0,1,0,0,referral,0
50,91916,361201,376,0.93,2,688,0,7,27,0,0,0,0,facebook_ads,0
49,86151,204576,576,0.65,17,629,0,9,4,0,0,0,0,organic_search,0
49,148518,753336,765,0.77,11,597,5,11,22,1,0,0,0,organic_search,1
50,137018,683568,747,0.72,18,329,0,3,18,1,0,0,0,referral,1
36,149024,483853,619,0.63,12,734,7,11,11,0,0,0,0,facebook_ads,1
39,70906,228668,459,0.63,3,641,5,9,11,0,0,0,0,referral,0
38,20463,109504,791,0.73,21,244,4,1,8,0,0,0,1,referral,0
21,51973,118988,612,0.48,14,170,5,5,4,0,0,0,0,organic_search,0
34,94694,523129,460,0.63,15,536,3,13,2,0,1,0,0,organic_search,1
22,40651,123036,607,0.67,19,590,0,13,1,1,1,1,0,google_ads,1
48,88694,387764,445,0.99,10,528,6,2,24,1,0,0,0,referral,0
50,40008,229805,695,0.61,9,656,9,1,10,1,0,0,0,google_ads,0
58,131738,620814,388,0.79,10,531,8,14,17,0,0,1,1,referral,1
24,90474,330928,607,0.48,20,770,3,3,7,0,0,0,0,google_ads,0
21,58185,276852,845,0.44,23,793,3,7,7,1,0,0,0,referral,1
28,107924,364342,670,0.92,4,616,8,3,13,1,0,1,0,organic_search,1
49,94417,293545,750,0.84,19,220,3,10,22,1,0,0,0,organic_search,1
59,145502,871081,466,0.59,10,740,9,10,24,0,0,0,1,google_ads,1
23,91139,455983,691,0.7,17,704,3,11,26,1,0,0,0,google_ads,1
52,54980,251746,790,0.48,12,680,7,9,1,0,1,0,0,google_ads,0
30,42504,145412,449,0.82,1,78,3,3,28,1,1,0,1,facebook_ads,0
30,74970,164682,767,0.44,11,392,8,11,1,1,0,0,1,google_ads,1
39,36766,78099,342,0.85,13,656,7,6,13,0,0,1,0,google_ads,0
54,136944,577455,328,0.73,1,709,4,2,1,1,0,0,0,google_ads,0
53,113922,575093,330,0.57,1,525,8,8,6,0,1,0,1,facebook_ads,0
43,31695,131518,427,0.92,21,306,7,10,23,1,0,0,0,facebook_ads,0
48,37796,202705,593,0.99,16,76,9,5,26,0,0,0,1,referral,0
52,62543,133448,740,0.55,7,800,3,2,25,0,0,0,0,organic_search,0
27,34559,119816,687,0.88,23,245,3,14,10,0,0,0,0,google_ads,0
49,124450,366913,823,0.85,10,259,0,14,21,0,1,1,0,google_ads,1
28,53139,201348,846,0.85,16,668,3,7,1,1,0,0,0,organic_search,1
21,140494,321661,409,0.97,1,352,7,3,25,0,1,0,0,referral,0
23,123869,720487,627,0.69,22,859,4,14,5,1,0,0,0,referral,1
44,28802,83324,704,0.8,9,450,5,5,22,1,0,1,0,google_ads,0
43,93843,533894,544,0.89,6,254,3,11,25,0,0,0,1,organic_search,0
28,60205,222973,462,0.69,15,691,4,9,2,0,1,1,0,google_ads,0
57,118750,705623,698,0.69,4,316,9,1,3,0,1,0,0,google_ads,0
23,54159,228346,698,0.59,15,75,7,2,23,0,0,1,0,google_ads,0
53,31516,180376,792,0.87,10,842,8,5,3,0,0,0,0,organic_search,0
48,70492,142492,538,0.81,16,43,2,14,18,1,0,0,0,organic_search,0
28,49086,245084,764,0.67,13,662,9,4,23,1,1,0,0,referral,1
54,133758,750676,331,0.65,19,404,3,1,8,0,0,0,0,organic_search,0
55,50480,129172,422,0.44,20,732,0,14,9,1,0,0,0,organic_search,0
52,72091,171901,833,0.4,4,362,4,7,2,0,0,0,0,organic_search,0
44,148023,547432,409,0.72,20,885,3,9,29,0,0,0,0,facebook_ads,1
34,130195,746631,570,0.65,22,195,5,1,2,1,0,0,0,referral,1
52,67766,282553,679,0.88,16,536,5,8,27,0,0,0,0,organic_search,0
36,58737,241398,599,0.73,11,146,9,9,16,1,1,1,0,google_ads,1
24,29265,75050,548,0.96,15,665,5,2,7,0,1,0,0,facebook_ads,0
57,134165,268753,820,0.52,11,595,2,13,4,0,0,1,0,facebook_ads,1
41,139501,731063,333,0.99,23,468,6,1,5,0,0,1,0,referral,1
34,138257,324945,527,0.58,11,333,2,6,1,0,0,1,0,facebook_ads,0
51,90990,412675,698,0.79,3,486,5,14,22,0,1,0,1,facebook_ads,0
38,121454,687243,519,0.7,24,898,9,7,10,0,0,0,0,referral,1
27,111717,316673,670,0.62,24,300,0,2,13,0,0,0,0,organic_search,0
30,35386,164937,827,0.48,17,740,7,5,24,1,1,0,1,referral,1
27,124718,288696,374,0.48,5,245,6,5,27,0,0,1,0,google_ads,0
53,57425,253532,435,0.83,13,142,8,7,15,0,0,0,0,organic_search,0
43,141635,376143,373,0.63,10,45,2,12,1,0,1,0,0,organic_search,0
41,63254,312716,553,0.98,5,245,7,11,18,0,1,0,0,facebook_ads,0
39,109863,352102,317,0.6,12,456,1,1,23,0,0,0,0,organic_search,0
39,138350,533140,342,0.99,8,164,8,10,14,1,0,0,0,facebook_ads,1
56,73634,323821,349,0.52,24,72,0,8,18,0,0,0,0,organic_search,0
49,106717,286545,814,0.46,12,793,9,5,25,0,1,0,0,referral,1
38,67662,336046,602,0.59,16,313,6,12,22,0,0,0,0,facebook_ads,0
22,106988,343491,441,0.93,2,863,9,3,12,0,0,0,0,referral,0
21,123784,575532,501,0.71,3,127,0,13,12,1,0,1,0,facebook_ads,0
25,126337,332662,506,0.48,18,89,5,13,5,1,0,0,0,facebook_ads,1
40,119287,566907,714,0.52,17,259,0,9,7,0,1,1,0,facebook_ads,1
31,107527,270188,520,0.59,2,672,3,11,26,0,1,0,0,organic_search,0
22,126847,469514,661,0.75,22,414,6,3,24,0,1,0,1,organic_search,1
23,95452,285289,380,0.6,12,188,1,7,13,1,0,0,0,referral,0
43,30143,150519,584,0.85,17,853,2,10,9,0,1,0,0,google_ads,0
32,111391,339535,668,0.77,6,500,3,12,6,1,0,0,0,referral,1
40,35581,196651,791,0.92,17,625,5,7,21,0,0,1,0,google_ads,0
25,87443,486819,645,0.7,2,237,8,14,7,0,0,1,0,facebook_ads,0
57,49424,137683,503,0.6,8,203,3,10,18,0,1,0,0,google_ads,0
58,108844,484941,324,1.0,14,829,5,12,15,0,0,1,0,google_ads,1
50,61984,145716,368,0.61,6,110,6,8,8,0,0,0,0,facebook_ads,0
29,61505,219335,815,0.66,9,47,3,10,28,0,0,0,0,referral,0
54,132061,640929,791,0.89,1,737,5,8,20,0,0,1,0,facebook_ads,1
55,122478,568015,539,0.45,5,320,2,4,16,1,1,0,0,facebook_ads,0
42,82699,372046,660,0.63,7,389,4,14,17,1,0,1,0,google_ads,1
44,46957,146983,740,0.45,9,897,9,1,3,1,0,1,0,facebook_ads,1
37,45464,159674,330,0.48,14,308,3,4,13,0,1,1,1,referral,0
30,134012,323208,621,0.4,9,426,6,6,9,0,0,0,0,google_ads,0
50,43649,212836,643,0.41,4,795,5,10,20,0,0,0,0,referral,0
43,62065,249225,835,0.63,20,171,6,11,15,1,0,1,0,facebook_ads,1
52,112661,544722,654,0.89,15,706,5,13,26,0,0,1,0,referral,1
37,54758,164042,770,0.75,4,546,1,6,26,0,0,1,0,referral,0
37,25596,84409,404,0.78,3,280,6,6,27,0,0,1,0,facebook_ads,0
34,36374,121374,621,0.71,24,691,7,14,16,0,0,1,0,organic_search,1
29,138686,291652,826,0.89,21,569,6,12,16,0,1,0,1,referral,1
22,23775,79983,803,0.93,23,266,3,7,19,0,1,1,1,organic_search,1
45,47388,247043,384,0.91,22,161,3,12,4,0,1,0,0,facebook_ads,0
59,143800,803726,534,0.89,14,335,4,11,19,0,0,1,0,organic_search,1
29,41029,167105,562,0.51,9,387,8,1,19,0,0,0,0,organic_search,0
42,103981,397416,305,0.76,19,314,4,10,2,0,0,1,0,organic_search,0
24,73639,156357,793,0.75,6,322,1,1,6,0,0,1,0,organic_search,0
46,134010,739308,588,0.72,3,192,4,7,13,0,0,0,0,referral,0
49,34645,71092,649,0.69,18,448,2,12,15,0,0,1,0,referral,0
54,51105,295335,499,0.45,16,768,9,4,10,0,0,1,0,google_ads,0
43,33668,133219,634,0.46,3,497,7,6,22,1,1,0,1,organic_search,0
57,147949,498253,516,0.94,2,671,9,6,10,0,0,1,1,facebook_ads,1
31,35960,204859,652,0.78,2,599,9,9,4,0,1,0,0,referral,0
26,146519,307332,624,0.56,23,536,1,2,14,0,0,0,0,organic_search,0
38,31357,135640,527,0.57,10,687,3,4,8,1,1,1,0,facebook_ads,0
41,84604,354975,444,0.77,15,507,4,4,6,0,0,1,0,google_ads,0
56,122739,353154,607,0.64,3,391,3,7,12,0,0,0,0,facebook_ads,0
58,71796,266761,584,0.66,8,341,4,1,8,0,0,1,0,facebook_ads,0
54,35804,165022,691,0.44,18,663,9,5,6,0,0,0,0,organic_search,0
37,147732,725146,659,0.48,11,733,3,14,15,0,0,0,1,referral,1
57,135733,271855,464,0.64,7,274,2,11,29,0,0,0,0,facebook_ads,0
45,34626,199009,523,0.82,19,506,0,4,25,1,0,0,0,facebook_ads,0
58,48132,127939,423,0.43,7,644,3,2,19,0,0,1,0,google_ads,0
32,27951,82017,643,0.6,2,465,8,5,14,1,0,1,0,referral,0
43,26449,80772,823,0.82,6,279,0,9,3,0,0,1,0,referral,0
42,39065,84039,351,0.88,5,51,6,8,18,0,1,0,1,referral,0
41,121503,302810,428,0.51,14,506,2,9,10,1,0,0,1,referral,1
47,125072,743603,434,0.84,18,601,7,7,14,1,1,0,0,referral,1
51,29130,94989,426,0.97,4,779,5,10,14,0,0,1,1,google_ads,0
26,109360,269157,370,0.94,4,881,0,7,22,0,0,0,0,referral,0
47,82287,199789,572,0.87,24,540,9,14,7,1,0,0,0,referral,1
54,126937,619178,486,0.83,13,365,4,14,7,1,1,1,0,organic_search,1
32,71702,388501,302,0.54,23,675,7,13,21,1,0,0,0,google_ads,1
27,56993,172563,584,0.78,21,878,2,2,22,1,1,0,0,google_ads,1
30,51875,108088,321,0.79,1,803,3,12,23,0,0,0,0,referral,0
37,135284,391290,465,0.64,20,371,6,13,11,1,0,0,0,facebook_ads,1
46,26054,57997,609,0.7,5,367,5,3,18,0,0,0,0,organic_search,0
41,119809,289168,776,0.82,24,509,6,11,10,0,1,1,1,organic_search,1
48,127357,474536,797,0.97,3,71,8,10,15,1,0,1,1,facebook_ads,1
22,68517,200047,733,0.58,21,103,8,8,12,0,0,0,0,referral,0
21,96368,391618,533,0.55,19,838,1,11,23,0,0,0,0,referral,0
56,49670,149704,675,0.76,13,860,2,2,17,0,0,0,0,google_ads,0
46,69112,398233,545,0.48,7,51,3,7,22,1,1,0,0,referral,0
49,108388,609549,602,0.75,10,249,5,12,24,0,0,0,0,google_ads,0
41,109156,465793,704,0.45,3,108,4,6,29,0,0,0,0,google_ads,0
31,48307,165098,320,0.69,23,264,5,12,17,0,0,1,0,organic_search,0
31,133087,469076,556,0.77,2,186,7,10,1,0,0,0,1,facebook_ads,0
56,87087,317641,698,0.44,7,356,1,4,6,1,0,1,0,facebook_ads,0
59,67922,333518,828,0.52,9,143,5,11,21,0,0,1,1,google_ads,0
55,83080,316248,350,0.6,21,831,8,4,15,0,0,0,1,organic_search,0
54,113348,615130,746,0.62,12,637,4,3,19,0,0,0,0,facebook_ads,0
44,99335,573796,569,0.81,22,671,0,14,14,0,0,1,0,google_ads,1
42,46312,154857,561,0.72,10,650,7,6,10,0,0,0,0,google_ads,0
25,125156,531009,664,0.63,19,616,3,3,29,0,0,1,0,facebook_ads,0
53,86985,207043,348,0.67,13,304,7,9,10,0,0,0,0,facebook_ads,0
56,140641,394058,817,0.41,10,410,3,4,23,0,0,0,0,facebook_ads,0
40,77608,283569,417,0.86,5,49,7,4,7,1,0,0,0,organic_search,0
39,109962,310621,752,0.42,15,702,8,2,7,0,1,0,1,google_ads,1
55,120963,666051,696,0.9,21,238,4,2,14,0,0,0,0,referral,0
37,60277,158718,326,0.72,3,635,4,7,15,0,0,1,0,facebook_ads,0
54,51551,197061,671,0.72,8,623,1,5,22,0,0,0,0,organic_search,0
29,109813,485680,396,0.82,6,893,8,3,20,1,0,0,0,organic_search,1
46,76597,365172,828,0.92,19,645,3,6,9,0,0,0,1,facebook_ads,0
22,121025,427493,485,0.97,17,778,2,6,28,0,1,1,1,facebook_ads,1
29,144342,790473,514,0.73,10,801,1,1,15,1,0,1,0,facebook_ads,1
29,65212,278668,550,0.49,1,189,2,3,9,0,0,1,0,facebook_ads,0
37,29637,111376,515,0.93,13,889,3,12,23,0,0,0,0,organic_search,0
21,63258,143530,328,0.42,10,602,8,5,7,0,1,0,0,facebook_ads,0
45,55693,214905,401,0.88,12,67,5,11,24,0,0,1,0,google_ads,0
45,29824,157558,422,0.81,2,147,9,13,11,0,0,1,0,google_ads,0
59,149553,666731,353,0.94,10,419,4,11,5,1,0,0,0,facebook_ads,1
55,46950,250180,582,0.94,21,853,8,7,27,0,0,1,0,facebook_ads,1
23,43488,172910,416,0.43,23,709,7,4,9,1,0,0,1,organic_search,1
57,147870,365807,413,0.77,1,406,5,12,6,1,0,0,0,google_ads,1
50,124544,255883,842,0.47,1,878,2,8,7,0,1,1,1,google_ads,1
58,135200,434381,592,0.45,20,405,6,3,28,0,0,1,0,organic_search,1
54,20215,96869,494,0.67,15,610,9,6,23,1,1,1,0,facebook_ads,1
32,125603,648242,591,0.46,22,624,5,6,25,0,0,1,0,referral,1
39,31523,100338,560,0.84,1,776,7,9,23,0,0,1,0,organic_search,0
57,95900,381932,506,0.98,21,71,5,4,14,1,0,0,0,organic_search,1
37,88689,326772,348,0.74,9,640,9,7,19,0,0,0,0,referral,0
30,43834,159647,305,0.54,24,499,3,10,22,0,0,0,0,google_ads,0
32,54474,159357,678,0.91,7,487,9,1,22,0,0,0,0,organic_search,0
36,63066,160533,693,0.91,16,159,6,11,11,1,1,0,0,google_ads,1
44,119871,334051,523,0.84,16,57,6,1,28,1,0,1,0,google_ads,1
39,30400,67528,322,0.77,13,774,7,2,7,0,1,0,0,organic_search,0
28,145211,405505,409,0.92,10,770,1,4,6,0,0,1,0,organic_search,1
51,30345,61806,698,0.5,18,658,5,12,4,0,0,1,0,facebook_ads,0
41,53896,243018,471,0.96,9,355,2,6,14,0,0,1,0,google_ads,0
37,105430,344281,605,0.97,12,538,7,4,22,0,0,0,0,organic_search,0
43,48899,288141,450,0.92,24,648,3,6,3,0,1,1,0,google_ads,1
57,126171,350107,727,0.55,13,354,3,2,17,0,0,0,1,organic_search,0
36,48229,163173,766,0.91,11,836,1,9,15,1,1,0,0,organic_search,1
26,137053,470278,366,0.7,15,189,5,11,1,0,0,0,0,facebook_ads,0
28,25583,52030,455,0.76,10,545,5,3,21,0,0,1,0,facebook_ads,0
45,24897,133369,505,0.9,10,690,0,7,11,0,0,1,1,facebook_ads,0
38,140406,298780,454,0.42,9,775,7,1,13,0,0,0,0,organic_search,0
45,91537,527318,808,0.62,3,283,2,8,24,0,0,1,0,facebook_ads,0
32,129417,720632,373,0.89,23,277,0,4,3,0,0,0,1,google_ads,0
35,24567,101758,348,0.89,16,879,9,14,13,0,1,0,0,google_ads,1
46,94807,395760,766,0.91,12,382,0,11,18,0,0,0,1,organic_search,0
46,149648,690642,478,0.5,17,427,0,12,24,0,0,1,0,facebook_ads,0
52,132652,470675,347,0.82,15,611,4,13,9,0,0,0,0,referral,0
30,97239,446218,371,0.49,3,232,4,5,25,0,0,0,0,organic_search,0
36,33329,72626,412,0.87,5,331,0,7,2,0,1,0,0,referral,0
27,121045,268258,458,0.55,13,177,4,3,28,0,0,0,0,organic_search,0
37,137708,527273,329,0.84,24,250,6,9,8,0,0,0,0,referral,0
43,91792,385387,396,0.67,6,727,4,9,2,1,0,0,1,google_ads,0
46,20228,112291,550,0.99,9,896,8,8,23,0,0,0,0,referral,0
41,110282,266732,818,0.75,19,877,3,1,24,0,0,1,0,facebook_ads,1
42,102214,540772,391,0.78,7,589,8,12,1,0,0,0,1,referral,0
27,57052,162038,412,0.62,13,292,7,13,24,1,0,0,0,referral,0
34,77769,278127,558,0.84,22,325,0,12,3,0,0,0,0,google_ads,0
35,66032,215687,406,0.7,5,344,3,2,29,0,1,0,0,facebook_ads,0
27,131694,474180,689,0.41,16,321,6,2,17,0,0,0,0,facebook_ads,0
29,108721,282890,657,0.77,4,713,0,3,7,0,0,0,0,referral,0
28,53686,215510,498,0.9,5,60,7,2,10,0,0,0,0,organic_search,0
43,96981,504938,726,0.54,20,711,1,1,19,1,0,0,0,facebook_ads,0
49,118802,447424,777,0.53,19,73,7,11,24,1,0,1,0,facebook_ads,1
38,83261,329917,802,0.77,23,584,3,5,9,0,0,0,0,organic_search,0
51,22809,123056,419,0.89,6,163,7,6,18,0,0,0,0,google_ads,0
50,123265,594659,608,0.55,4,378,0,13,15,1,0,0,0,google_ads,0
59,61785,244780,837,0.96,1,248,4,7,17,0,0,1,0,google_ads,0
55,56547,171381,774,0.96,17,479,8,10,24,1,0,0,0,facebook_ads,1
38,62818,347993,643,0.52,9,533,6,7,26,0,0,0,1,facebook_ads,0
59,120422,518787,435,0.56,16,115,2,2,22,0,0,1,1,organic_search,0
37,91927,265171,576,0.82,23,280,3,13,26,0,0,0,1,organic_search,0
34,85681,263595,832,0.97,2,294,9,7,17,1,1,1,0,organic_search,1
51,99465,518464,330,0.83,11,552,6,2,19,1,0,1,0,referral,1
44,109862,239123,546,0.67,5,109,5,2,9,1,1,1,1,google_ads,1
55,115527,689507,710,0.5,13,650,3,12,25,1,0,0,0,facebook_ads,1
54,133221,335904,326,0.68,20,490,2,6,6,0,0,0,0,organic_search,0
23,57333,297229,372,0.76,17,659,1,6,19,0,0,0,0,facebook_ads,0
57,146457,524184,396,0.6,15,281,9,8,8,0,0,0,0,referral,0
46,36576,145165,645,0.71,22,47,8,5,6,0,0,0,0,organic_search,0
43,139875,772473,775,0.48,12,285,2,5,17,1,1,0,0,organic_search,1
59,59405,216925,599,0.67,6,274,6,10,6,1,0,0,1,referral,0
35,114000,473097,598,0.45,20,182,0,1,13,1,0,0,0,google_ads,0
24,93779,206051,586,0.43,13,638,7,4,21,0,0,0,0,google_ads,0
49,51601,103686,748,0.91,18,529,0,1,24,0,0,1,1,facebook_ads,0
42,87946,262008,511,0.52,24,487,1,10,29,0,0,1,0,facebook_ads,0
45,87356,412524,375,0.75,15,727,0,5,2,0,1,0,0,organic_search,0
33,72116,179212,700,0.49,15,571,3,8,12,0,1,0,0,google_ads,0
38,120825,296631,333,0.56,8,144,1,1,7,0,0,1,0,facebook_ads,0
53,144749,527442,797,0.62,19,782,0,14,6,1,0,0,0,google_ads,1
36,137256,630190,815,0.49,23,798,0,3,17,0,0,0,1,facebook_ads,1
22,124186,602089,627,0.43,14,476,1,1,28,1,0,0,0,referral,0
55,82894,224957,397,0.93,7,382,5,13,8,0,0,0,0,referral,0
54,54635,126663,665,0.41,14,654,1,6,6,1,0,0,0,facebook_ads,0
50,27465,158242,762,0.44,5,876,1,10,29,0,1,1,0,referral,0
33,76754,233536,327,0.88,15,570,7,1,19,0,0,0,0,google_ads,0
33,117975,638644,685,0.57,21,351,4,10,21,1,0,1,1,facebook_ads,1
38,112850,615480,572,0.83,15,488,7,12,23,0,1,0,1,referral,1
52,129765,660515,426,0.49,24,255,7,3,9,0,0,1,0,facebook_ads,0
52,105119,281228,501,0.54,4,785,1,5,20,1,0,0,0,google_ads,0
55,112691,595820,820,0.74,1,390,6,5,28,0,0,0,0,google_ads,0
59,58871,298888,586,0.99,17,560,8,2,16,0,0,0,0,facebook_ads,0
49,82874,363559,749,0.44,20,863,7,3,18,0,0,1,0,facebook_ads,1
49,97733,327289,387,0.64,1,141,8,14,19,0,1,1,0,google_ads,0
36,49511,151010,617,0.43,16,241,7,13,7,0,0,0,0,facebook_ads,0
30,100960,251143,318,0.52,13,262,3,9,8,0,0,0,0,facebook_ads,0
50,68821,277969,406,0.94,18,188,9,13,21,1,0,1,1,facebook_ads,1
45,85776,372357,757,0.46,10,601,6,1,19,0,0,1,0,organic_search,0
59,138128,474795,610,0.91,23,353,8,13,1,1,1,0,1,google_ads,1
40,90167,351780,711,0.51,18,122,8,1,26,0,1,0,0,organic_search,0
25,95135,328601,797,0.92,17,277,3,12,13,1,0,0,0,organic_search,1
21,64462,294206,543,0.72,9,699,6,2,1,1,0,0,0,organic_search,0
50,81382,456149,679,0.93,14,170,5,8,11,1,1,0,0,referral,1
23,110194,292640,814,0.49,21,433,2,6,2,0,0,0,1,organic_search,0
34,123381,434996,506,0.86,13,761,9,14,21,0,0,0,0,facebook_ads,1
50,52574,134772,693,0.81,20,433,5,4,3,0,0,0,0,organic_search,0
24,122072,549296,320,0.73,20,847,7,7,13,0,0,1,0,referral,1
38,61910,304317,826,0.89,14,630,1,6,7,0,0,1,0,referral,0
57,93531,535712,642,0.79,11,696,2,9,2,1,0,0,0,organic_search,1
45,45186,140776,501,0.93,13,443,7,6,2,1,0,0,0,google_ads,0
21,114781,665826,419,0.63,17,469,3,2,3,0,0,0,0,facebook_ads,0
35,42813,96459,688,0.75,3,262,3,3,13,0,0,1,0,facebook_ads,0
29,98812,435964,836,0.92,1,222,1,9,12,1,0,0,1,google_ads,0
35,105525,235165,533,0.53,21,128,9,7,1,0,1,0,1,facebook_ads,1
44,98282,547931,619,0.69,5,142,0,6,18,0,1,0,0,referral,0
24,129779,534590,479,0.98,13,648,6,13,5,1,0,0,0,referral,1
32,38557,180346,667,0.68,24,565,3,5,19,0,0,0,0,facebook_ads,0
57,48060,255981,375,0.55,5,310,5,3,27,1,1,0,0,google_ads,0
57,78866,205149,795,0.61,5,745,7,4,10,1,0,0,0,facebook_ads,0
26,92104,198425,821,0.93,23,552,6,1,6,0,1,0,0,organic_search,1
59,120905,666854,500,0.97,12,379,6,5,18,0,1,0,0,referral,1
44,104577,340893,645,0.97,2,345,5,7,15,1,0,0,1,referral,1
31,26080,65615,782,0.82,23,746,3,2,14,0,0,0,0,organic_search,0
33,33854,131145,518,0.71,16,529,3,11,24,0,1,0,0,referral,0
54,142013,623894,359,0.51,17,566,8,12,16,0,0,0,0,organic_search,1
45,87695,186253,849,0.47,5,681,4,8,4,0,0,0,0,referral,0
27,47025,145757,520,0.44,12,664,8,12,19,1,0,1,0,google_ads,1
24,72982,155539,801,0.41,15,465,8,10,21,0,0,0,1,referral,0
28,61081,224860,432,0.93,6,552,3,6,8,0,1,0,0,facebook_ads,0
40,24368,135983,352,0.89,13,807,1,10,25,1,0,1,0,facebook_ads,0
49,119621,709425,749,0.74,11,622,1,14,1,0,0,0,0,facebook_ads,0
30,139181,633021,361,1.0,17,473,8,3,20,0,1,1,1,facebook_ads,1
54,47094,124636,322,0.97,9,851,8,2,22,1,1,0,0,google_ads,1
46,66040,371369,343,0.79,16,650,2,8,22,0,1,0,0,referral,0
23,86766,352703,346,0.68,17,237,4,13,13,1,0,0,0,facebook_ads,0
26,103053,269483,323,0.49,20,860,4,4,9,0,1,1,1,referral,1
25,43991,250172,388,0.71,24,785,1,7,1,0,0,0,0,google_ads,0
25,21301,107141,473,0.49,18,305,1,7,15,0,1,0,1,organic_search,0
43,48610,239492,418,0.64,13,526,9,14,29,1,0,1,0,google_ads,1
29,101463,490748,477,0.97,11,802,0,10,15,0,1,1,0,facebook_ads,1
55,54678,153172,641,0.61,13,326,1,9,14,0,0,1,0,google_ads,0
40,44466,126462,358,0.49,24,403,6,10,5,0,0,1,0,facebook_ads,0
55,100440,477408,737,0.75,13,604,0,14,26,0,0,1,0,google_ads,1
38,60875,175252,727,0.76,12,213,0,8,17,0,1,0,0,facebook_ads,0
37,46081,173019,725,0.52,14,61,8,12,6,0,1,0,1,organic_search,0
44,44354,227447,680,0.52,13,312,1,13,9,1,0,0,1,organic_search,0
23,113297,581871,785,0.99,9,865,3,8,20,1,0,0,1,referral,1
52,38300,146039,484,0.55,14,461,2,7,26,0,1,0,1,referral,0
55,84384,436160,759,0.9,1,548,3,10,26,0,0,0,0,google_ads,0
58,115027,615910,401,0.68,9,715,6,5,25,0,0,0,0,organic_search,0
33,141684,654452,314,0.66,4,491,9,9,19,1,0,1,1,facebook_ads,1
45,80892,235695,350,0.58,12,397,1,14,27,0,0,1,0,organic_search,0
29,55525,171908,608,0.86,24,687,1,12,23,0,0,0,0,organic_search,0
24,46532,151664,333,0.93,14,281,8,11,21,0,0,0,0,organic_search,0
34,26464,65292,504,0.56,9,195,5,7,26,1,1,1,1,organic_search,0
57,36562,113073,369,0.46,3,644,6,12,17,0,0,0,0,facebook_ads,0
54,127392,361548,529,0.48,6,734,4,14,7,1,0,0,0,organic_search,1
31,75514,288562,779,0.88,3,558,4,11,8,0,0,1,0,organic_search,0
23,133428,751700,832,0.66,1,631,3,3,15,0,0,0,0,google_ads,0
48,132564,320529,407,0.48,22,400,7,12,6,0,0,1,1,referral,1
49,128047,625006,540,0.6,21,627,6,6,1,1,0,0,1,referral,1
29,94219,447458,550,0.71,3,132,9,3,9,0,0,1,0,referral,0
23,52634,125427,434,0.91,14,623,1,6,7,0,0,0,0,referral,0
45,20060,114147,389,0.79,20,155,1,13,22,0,0,0,0,facebook_ads,0
54,29269,125092,739,0.51,2,67,5,8,20,0,0,0,0,google_ads,0
32,83143,287250,597,0.5,12,377,0,9,19,0,1,0,0,google_ads,0
29,43065,216451,706,0.65,10,242,6,2,4,0,0,0,0,google_ads,0
35,22895,69359,607,0.45,13,348,7,6,1,0,1,0,0,organic_search,0
45,100859,481504,401,0.85,20,766,9,14,9,0,1,0,0,organic_search,1
25,32352,69842,660,0.64,4,763,7,3,2,0,0,1,0,google_ads,0
31,130179,697451,827,0.61,19,455,2,14,16,0,0,0,0,facebook_ads,1
54,69737,264490,592,0.71,22,276,6,14,2,0,0,0,0,referral,0
44,124127,564377,445,0.83,1,677,0,7,3,0,0,1,1,facebook_ads,0
35,116426,335883,703,0.74,11,315,2,11,14,0,0,0,0,google_ads,0
58,52016,244906,301,0.88,16,260,5,4,13,1,0,0,0,referral,0
28,81304,413752,418,0.78,19,349,8,14,17,0,1,0,1,referral,1
25,31962,124423,490,0.87,19,541,4,5,10,0,1,0,1,referral,0
46,53302,238308,302,0.82,12,550,4,10,3,1,0,0,0,facebook_ads,0
38,105382,403118,786,0.52,3,254,8,6,4,0,0,0,0,google_ads,0
26,24011,133894,476,0.43,23,535,8,11,25,1,0,1,0,organic_search,1
57,149716,597587,556,0.94,24,854,5,13,5,0,0,1,0,referral,1
33,39782,213519,833,0.97,18,136,4,8,11,0,0,1,0,referral,0
48,87691,456467,776,0.84,17,728,9,2,6,0,0,1,0,referral,1
25,140654,512264,697,0.83,5,762,1,4,29,1,1,0,0,referral,1
33,142017,414737,795,0.56,16,636,7,14,1,0,0,0,0,referral,1
37,59725,216463,519,0.73,24,736,7,11,19,1,0,1,0,organic_search,1
52,29196,154880,472,1.0,14,783,6,4,7,0,1,0,0,referral,0
49,63459,184699,689,0.91,19,771,7,6,23,1,0,1,0,referral,1
23,107245,439462,801,0.58,6,360,2,4,10,0,0,1,0,organic_search,0
54,149613,781636,559,0.58,3,34,2,11,29,0,0,0,0,facebook_ads,0
47,98863,337509,430,0.69,6,892,1,5,12,1,0,0,0,google_ads,0
33,143206,654285,412,0.64,12,497,0,5,12,1,1,0,0,facebook_ads,1
53,139391,415737,319,0.62,20,545,2,8,29,0,0,1,1,referral,1
26,121010,294915,514,0.78,11,805,2,4,1,0,0,0,1,facebook_ads,0
44,52769,273213,609,0.41,7,794,6,12,9,0,0,1,1,organic_search,0
39,127529,305543,550,0.86,1,192,9,6,17,0,1,0,1,referral,0
36,145361,448515,787,0.84,16,682,8,7,23,1,0,0,1,facebook_ads,1
48,44700,242293,681,0.9,16,837,0,8,12,0,1,1,0,google_ads,1
53,135792,459775,708,0.9,17,560,7,9,28,0,0,0,0,facebook_ads,1
33,100356,591315,570,0.74,15,111,0,10,2,1,0,1,0,referral,1
45,96427,570745,706,0.87,21,510,2,8,9,0,0,1,1,referral,1
56,120165,369279,493,0.7,9,545,3,14,12,0,1,0,0,referral,1
47,25269,54679,740,0.97,5,669,7,4,28,0,0,0,0,organic_search,0
58,141631,682697,612,0.51,20,216,0,4,25,1,0,0,1,referral,1
27,63880,242996,378,0.95,8,175,1,10,25,0,0,1,0,facebook_ads,0
25,134003,322010,479,0.56,21,181,4,11,4,0,0,1,0,google_ads,0
51,28320,136788,313,0.46,1,392,5,5,22,1,0,0,0,facebook_ads,0
43,69589,147855,545,0.66,7,122,4,3,29,0,0,0,0,google_ads,0
30,139534,764756,313,0.77,11,60,2,2,12,0,0,1,0,referral,0
52,96276,245947,398,0.54,20,855,9,2,18,0,0,0,0,google_ads,0
50,55897,140259,332,0.73,21,569,6,9,3,1,1,0,0,organic_search,1
59,78565,212336,735,0.88,13,678,0,8,22,1,1,0,0,organic_search,1
51,50930,297485,556,0.55,22,631,1,6,1,0,0,0,1,organic_search,0
38,77233,368608,333,0.75,13,78,8,14,23,0,0,1,0,organic_search,0
56,102821,535233,318,0.6,7,287,3,14,18,0,0,0,0,organic_search,0
22,34380,123442,559,0.72,11,547,7,14,24,0,0,1,0,google_ads,0
34,96896,324141,715,0.8,18,570,8,9,21,1,1,0,0,google_ads,1
33,90934,267158,436,0.61,1,439,6,5,23,0,0,0,0,referral,0
49,75830,297450,658,1.0,12,185,0,14,8,0,1,0,0,google_ads,0
32,25529,107408,415,0.74,3,804,4,12,19,0,0,0,0,google_ads,0
59,141292,639642,703,0.89,1,575,5,10,22,0,0,0,1,facebook_ads,0
22,114598,347057,501,0.84,4,469,7,1,28,0,0,0,0,referral,0
52,122222,708229,675,0.91,6,266,9,8,25,1,0,1,0,google_ads,1
33,102987,275905,549,0.5,5,679,7,3,4,0,1,1,0,referral,1
47,69178,405563,745,0.53,11,397,8,14,26,0,1,1,1,organic_search,1
37,26937,55474,577,0.69,20,86,8,9,23,0,0,0,0,google_ads,0
51,141952,557091,411,0.91,23,204,3,11,16,0,0,1,1,facebook_ads,1
54,59886,199628,772,0.52,13,243,5,1,17,1,0,0,0,facebook_ads,0
44,69699,264611,691,0.98,11,56,2,3,28,0,0,0,0,organic_search,0
55,96396,412831,442,0.48,6,836,0,1,23,0,0,1,0,facebook_ads,0
26,110678,414196,331,0.51,19,148,5,1,9,0,0,0,0,facebook_ads,0
39,45279,165693,480,0.5,15,176,0,6,26,1,0,0,0,organic_search,0
50,58106,286514,815,0.75,21,897,8,13,8,1,1,1,0,google_ads,1
27,130776,620336,568,0.95,13,294,5,4,20,0,0,0,0,facebook_ads,0
30,121444,647671,535,0.55,10,432,0,10,19,1,0,0,0,facebook_ads,0
52,126300,378879,576,0.73,1,287,2,4,7,0,0,1,0,google_ads,0
54,133793,593788,574,0.51,13,889,0,5,29,0,1,0,0,organic_search,1
48,136278,591552,385,0.78,6,218,1,14,12,1,0,0,1,facebook_ads,0
35,99737,346980,362,0.47,21,856,5,3,1,0,1,0,0,facebook_ads,0
50,60544,238799,703,0.69,24,772,6,12,24,1,0,0,0,organic_search,1
57,123247,401184,491,0.79,20,528,0,2,28,0,1,1,0,facebook_ads,1
49,131190,336814,592,0.75,12,739,9,14,17,0,0,0,0,google_ads,1
42,28997,82792,330,0.48,17,268,4,10,23,0,0,0,1,facebook_ads,0
24,126102,305425,629,0.5,18,356,5,8,6,1,1,0,0,facebook_ads,1
40,105711,500253,406,0.8,24,99,3,11,26,0,1,0,0,facebook_ads,0
52,136045,631644,575,0.89,8,793,5,7,24,0,0,0,1,google_ads,1
56,60860,353135,381,0.94,14,734,4,10,22,1,0,0,0,google_ads,0
24,23225,114237,363,0.89,5,54,6,13,5,0,0,0,1,referral,0
47,130114,287315,428,0.98,22,611,3,4,25,0,0,0,0,facebook_ads,0
37,79470,440023,555,0.64,2,185,0,2,20,0,0,1,0,google_ads,0
32,133218,726131,530,0.6,22,687,1,12,7,0,0,1,0,facebook_ads,1
42,148854,561668,796,0.42,11,860,5,9,22,1,1,0,0,organic_search,1
37,120764,524532,436,0.67,3,248,9,8,26,1,0,0,1,organic_search,1
30,127041,750089,754,0.79,22,590,1,4,22,0,1,1,0,facebook_ads,1
21,132224,545981,654,0.89,16,408,4,11,27,1,1,0,1,organic_search,1
42,83656,470254,784,0.56,21,223,3,5,12,0,0,0,0,google_ads,0
46,71880,167635,445,0.71,16,69,6,14,5,0,0,0,0,facebook_ads,0
38,81078,224116,332,0.8,9,626,3,10,2,0,0,1,0,facebook_ads,0
34,108646,408837,559,0.73,13,372,6,6,4,1,0,0,0,facebook_ads,0
49,96290,417804,386,0.56,10,532,7,13,17,0,1,0,1,referral,1
32,76633,403465,564,0.88,17,479,6,4,25,0,0,1,0,referral,0
56,46655,277739,841,0.5,21,365,1,2,25,1,0,1,0,referral,0
55,141118,501731,691,0.94,17,33,0,5,8,0,1,0,0,facebook_ads,0
32,63601,139264,531,0.97,10,831,4,11,20,1,0,0,0,facebook_ads,1
27,23114,120301,746,0.62,8,788,6,1,5,1,0,1,0,referral,0
49,46502,205423,428,0.63,7,546,0,7,17,0,0,0,0,organic_search,0
31,69768,194943,570,0.85,14,526,7,9,20,1,1,1,1,google_ads,1
53,68128,271102,388,0.67,22,255,2,3,4,1,1,0,0,organic_search,0
26,40028,198908,765,0.42,18,179,6,6,21,0,0,1,0,referral,0
35,75565,383994,469,0.95,21,267,2,9,18,1,0,0,0,google_ads,0
52,103123,412334,427,0.66,19,689,3,11,18,0,1,0,0,referral,1
31,128255,413091,473,0.52,18,132,7,4,28,0,1,0,0,google_ads,0
43,55333,326186,325,0.73,14,204,1,6,18,0,0,0,0,google_ads,0
46,23174,107839,810,0.53,10,490,5,14,16,1,0,0,0,google_ads,0
54,137769,500507,787,0.52,1,777,9,3,11,0,0,1,0,referral,1
54,55398,172944,705,0.73,9,63,8,9,8,0,1,1,0,referral,0
49,55929,275417,325,0.63,18,713,9,7,29,1,0,0,1,google_ads,1
24,24321,72202,382,0.74,13,547,8,7,12,0,0,0,0,facebook_ads,0
37,143549,385693,663,1.0,17,469,4,4,18,0,0,1,0,facebook_ads,1
55,115971,477723,666,0.92,23,314,2,6,22,0,0,1,0,facebook_ads,0
33,131508,415558,359,0.4,22,254,5,11,18,0,0,0,0,facebook_ads,0
59,75421,340572,591,0.43,16,594,8,11,29,0,1,0,0,organic_search,1
35,92635,228970,490,0.77,24,286,5,8,8,0,0,0,0,organic_search,0
49,43760,202160,760,0.78,11,88,3,6,16,0,0,0,1,facebook_ads,0
49,31360,98256,532,0.93,23,275,4,6,17,0,0,0,0,referral,0
31,30313,60655,773,0.78,9,548,6,4,2,0,0,0,0,facebook_ads,0
52,131806,330535,704,0.54,7,243,9,8,21,0,0,0,1,google_ads,0
22,105998,607841,570,0.68,22,619,2,14,22,0,1,0,0,google_ads,1
34,25801,141116,433,0.89,1,730,8,10,15,1,0,1,0,referral,0
40,34130,100152,470,0.95,9,848,0,8,25,0,0,1,0,google_ads,0
42,34271,175244,714,0.54,10,245,7,9,22,0,0,1,0,facebook_ads,0
31,36075,159966,327,0.72,16,432,4,6,24,0,0,0,1,facebook_ads,0
47,122455,720478,435,0.5,21,312,9,2,28,0,0,0,1,referral,0
23,127215,444542,704,0.7,18,860,8,4,7,1,0,1,0,referral,1
37,38984,184232,804,0.45,14,602,1,4,1,0,0,0,0,referral,0
48,108095,243661,540,0.97,11,602,0,13,2,0,0,1,1,organic_search,1
49,80942,290176,743,0.78,24,244,9,8,4,0,0,0,0,google_ads,0
41,32861,192410,733,0.91,4,411,6,5,16,0,0,1,0,google_ads,0
36,118970,494430,527,1.0,19,74,9,4,12,0,0,0,0,organic_search,0
57,102203,322094,808,0.51,13,201,8,8,17,0,0,0,0,google_ads,0
40,91376,226711,602,0.82,1,250,4,13,24,0,1,0,0,referral,0
26,81247,391132,333,0.93,21,414,3,3,4,0,0,1,1,google_ads,0
39,89101,408031,301,0.75,19,124,3,2,16,0,1,0,0,facebook_ads,0
25,128730,450008,661,0.78,15,888,7,4,7,0,0,0,0,organic_search,1
23,40977,237820,494,0.64,20,73,0,11,23,1,0,1,0,organic_search,0
21,70617,147505,607,0.8,15,257,0,1,8,0,0,0,0,google_ads,0
58,77473,249067,549,0.64,11,603,7,1,25,0,0,1,0,organic_search,0
35,106654,606250,446,0.69,23,346,1,5,9,0,0,1,1,google_ads,0
54,108177,355225,645,0.46,5,760,9,13,14,1,0,0,0,google_ads,1
55,92902,279543,647,0.4,24,364,5,11,23,1,0,0,1,facebook_ads,1
45,112172,464042,553,0.43,22,630,1,1,9,0,0,0,0,facebook_ads,0
44,35630,188668,698,0.52,10,653,4,14,15,0,0,1,0,google_ads,0
32,40056,96638,633,0.67,18,748,2,4,21,1,1,1,0,organic_search,1
38,27382,158051,475,0.41,7,496,6,8,26,0,0,0,0,organic_search,0
35,75739,392350,424,0.49,1,847,8,14,4,1,0,0,0,facebook_ads,0
36,101685,277091,697,0.87,3,744,1,8,3,0,0,0,0,google_ads,0
47,68639,332764,430,0.86,1,326,6,2,22,0,0,0,0,google_ads,0
28,79838,282613,706,0.87,17,574,7,13,10,1,0,0,0,facebook_ads,1
45,66041,238353,633,0.95,15,518,9,3,27,1,0,1,0,google_ads,1
37,20992,107755,319,0.47,5,244,7,14,25,0,0,1,0,facebook_ads,0
49,92394,540610,504,0.5,22,553,6,13,4,1,1,1,0,google_ads,1
28,87657,219723,654,0.6,16,31,3,3,18,1,1,0,0,organic_search,1
35,47160,173667,472,0.95,12,690,3,1,11,0,1,0,1,facebook_ads,0
47,65156,255656,488,0.87,19,683,9,13,19,0,1,0,0,google_ads,1
27,71375,250187,301,0.59,14,831,8,14,19,0,0,1,0,google_ads,0
23,106442,367518,467,0.45,3,236,9,11,18,1,0,0,0,facebook_ads,0
49,39572,87417,667,0.77,19,370,8,3,13,0,0,0,0,referral,0
44,137925,654061,835,0.55,1,733,4,8,25,0,0,1,0,referral,1
23,24136,90385,669,0.72,21,436,6,6,4,0,0,1,0,google_ads,0
40,81868,227525,736,0.97,1,882,6,5,3,0,0,0,0,google_ads,0
35,102263,538326,506,0.74,10,335,8,10,16,0,0,0,0,google_ads,0
45,52167,271802,348,0.95,3,536,6,12,14,0,0,1,0,referral,0
50,130957,516699,843,0.64,13,498,7,9,10,1,0,1,0,facebook_ads,1
34,35479,113312,428,0.78,6,793,6,14,6,0,0,0,0,referral,0
27,139392,634564,746,0.94,11,745,3,7,8,0,0,0,0,organic_search,1
37,51376,161968,334,0.75,6,587,1,6,27,0,0,0,0,referral,0
40,24823,73079,498,0.77,3,524,2,5,24,0,1,0,0,referral,0
56,145156,714466,376,0.83,16,290,6,5,16,0,0,1,0,google_ads,0
29,90456,195502,668,0.93,9,607,8,10,10,0,1,0,0,facebook_ads,1
58,39585,94175,825,0.45,8,691,1,9,22,0,0,0,0,facebook_ads,0
42,123775,250910,648,0.6,3,611,6,13,21,0,0,1,0,referral,1
22,37272,97345,805,0.64,5,393,3,10,27,0,1,0,0,google_ads,0
44,46619,106102,537,0.95,21,543,6,6,7,0,0,0,0,facebook_ads,0
28,95069,568817,579,0.97,14,570,4,12,19,1,1,0,0,google_ads,1
31,59895,188983,731,0.47,5,797,6,11,28,0,0,1,0,referral,0
33,23720,61602,437,0.47,19,602,5,4,26,1,1,1,0,facebook_ads,0
37,39267,116386,568,0.96,5,641,1,4,18,1,1,0,0,organic_search,0
28,35696,205055,500,0.58,21,484,6,12,13,0,0,0,0,referral,0
41,49968,203901,441,0.55,20,173,4,4,8,1,1,0,0,referral,0
38,73364,253786,654,0.42,20,221,8,11,27,0,0,0,0,organic_search,0
50,43345,238118,628,0.57,2,894,0,6,28,0,0,0,0,referral,0
38,71567,256207,530,0.82,7,382,0,1,14,1,1,0,0,organic_search,0
51,111229,371508,607,0.66,1,811,1,9,9,0,1,0,0,organic_search,0
58,81607,230876,445,0.71,21,328,7,14,12,0,0,1,0,referral,1
52,39385,138288,451,0.95,18,489,8,2,6,1,1,0,0,organic_search,1
31,103658,338623,439,0.47,10,456,6,2,20,0,0,0,0,organic_search,0
45,86900,409230,320,0.44,6,867,0,5,22,0,0,0,1,referral,0
53,88244,278703,553,0.91,7,852,6,12,28,0,0,0,0,referral,0
58,85425,368079,363,0.86,12,745,7,12,23,0,1,0,1,organic_search,1
28,98518,223002,517,0.56,18,786,6,11,12,0,0,1,0,google_ads,1
31,102844,284379,371,0.59,11,60,4,4,24,1,0,0,0,referral,0
42,52919,192075,461,0.59,22,361,6,3,19,1,1,0,0,referral,1
44,110697,636263,429,0.79,19,440,9,5,12,0,1,0,0,google_ads,1
37,77196,270881,524,0.44,4,81,1,7,22,0,0,0,0,referral,0
32,135600,631393,753,0.69,19,413,8,10,26,1,0,0,0,google_ads,1
52,120625,364329,683,0.48,13,272,1,2,22,0,0,1,0,facebook_ads,0
35,99401,249311,406,0.89,19,804,1,13,26,0,0,0,1,referral,1
36,20495,45788,402,0.63,2,715,4,13,7,0,1,0,0,referral,0
42,64755,208618,440,0.72,9,641,7,6,15,0,0,0,0,facebook_ads,0
48,87684,230665,433,0.42,8,446,5,4,16,0,0,1,1,referral,0
40,53324,143763,498,0.43,21,504,8,2,4,0,1,0,1,organic_search,0
53,98929,498902,809,0.81,14,421,5,1,6,0,1,0,0,organic_search,1
30,21552,44469,378,0.86,9,418,4,8,16,0,0,0,1,facebook_ads,0
52,71272,301568,781,0.83,13,602,0,5,15,0,0,0,0,organic_search,0
53,55853,196482,811,0.84,18,729,7,10,2,0,1,0,1,facebook_ads,1
22,138192,556388,549,0.46,6,498,2,2,24,0,0,0,0,organic_search,0
53,52924,224996,782,0.82,23,437,1,8,3,0,0,0,0,referral,0
53,94462,307329,471,0.51,22,548,6,3,15,1,0,0,0,organic_search,1
33,116387,370161,316,0.46,3,218,1,7,25,0,0,0,0,referral,0
50,43889,216531,593,0.85,10,624,0,2,8,0,0,1,0,organic_search,0
53,125466,688194,693,0.93,10,380,1,13,12,0,0,1,1,facebook_ads,1
33,74675,206874,797,0.83,10,312,5,7,22,0,0,1,0,organic_search,0
46,142231,339999,518,0.88,9,665,1,4,26,0,1,0,1,referral,1
42,93591,523284,533,0.99,12,186,0,10,2,0,1,1,0,facebook_ads,0
59,90190,306608,689,0.48,24,628,0,1,15,1,0,1,0,organic_search,1
22,42634,179287,547,0.98,8,177,3,5,8,0,0,0,0,google_ads,0
58,52363,180033,351,0.76,24,99,7,12,27,1,0,0,0,google_ads,0
59,83752,209648,314,0.89,9,399,5,14,22,0,0,0,0,facebook_ads,0
46,97004,422678,623,0.79,17,617,3,12,11,1,1,1,1,google_ads,1
35,76398,313274,740,0.74,8,655,5,13,17,0,0,0,1,google_ads,0
54,118458,333100,411,0.82,18,544,5,14,22,1,0,0,0,organic_search,1
31,60718,231182,306,0.59,20,263,8,4,29,0,0,1,0,organic_search,0
23,133627,693228,544,0.95,17,708,3,8,21,0,0,1,0,referral,1
26,102916,448889,747,0.47,6,640,5,1,22,1,0,0,0,organic_search,0
29,46870,111910,664,0.59,10,665,9,2,29,0,0,0,0,facebook_ads,0
26,57394,240600,666,0.42,1,496,0,5,1,1,0,0,0,referral,0
29,72057,346662,586,0.56,21,586,6,10,20,0,0,1,0,referral,1
59,99795,516021,405,0.53,1,865,6,10,23,0,1,0,0,organic_search,0
51,100409,453494,312,0.43,9,316,0,12,29,0,1,0,0,referral,0
52,33016,86192,445,0.7,20,647,7,13,15,0,0,0,1,referral,0
32,62137,300786,777,0.68,3,323,4,2,21,0,0,0,0,organic_search,0
28,20153,94907,414,0.45,24,510,8,11,22,0,0,1,1,facebook_ads,0
28,27853,58427,808,0.56,6,163,7,1,2,0,0,0,0,organic_search,0
48,32379,118085,451,0.97,7,37,2,6,24,0,0,0,0,google_ads,0
40,35792,119251,356,0.47,9,57,0,12,10,1,0,0,0,referral,0
27,141169,660338,681,0.58,5,812,2,13,20,0,0,0,1,organic_search,1
31,58367,167194,456,0.42,16,764,1,13,6,0,0,1,0,facebook_ads,0
40,38100,166248,432,0.49,2,549,1,12,3,0,1,0,0,facebook_ads,0
36,146082,825775,462,0.82,3,339,3,10,25,1,0,0,0,referral,1
24,133089,690892,574,0.62,3,675,1,4,13,0,0,1,0,google_ads,0
26,83456,474516,376,0.67,20,570,7,5,24,0,0,0,0,organic_search,0
42,31049,183624,343,0.49,23,656,4,3,15,0,0,0,0,google_ads,0
46,20786,42459,849,0.81,10,523,0,10,6,1,1,0,0,organic_search,1
23,89904,403755,617,0.85,22,63,5,6,9,0,0,1,0,facebook_ads,0
34,50699,185120,833,0.51,3,36,6,4,10,0,0,0,0,facebook_ads,0
31,142784,776661,453,0.43,15,69,0,13,9,0,0,0,0,referral,0
38,67691,203564,536,0.45,14,359,2,6,18,0,1,0,1,google_ads,0
32,57040,337911,816,0.79,23,91,8,13,9,0,1,1,0,facebook_ads,1
43,138455,616793,520,0.48,4,115,6,5,24,0,1,1,1,referral,0
32,112990,584627,609,0.7,10,754,3,11,18,0,0,0,1,facebook_ads,0
33,77986,182674,476,0.49,11,145,5,2,9,0,1,1,0,organic_search,0
45,58762,160645,519,0.5,11,606,5,4,5,1,0,0,0,google_ads,0
39,43600,219465,337,0.4,8,326,2,2,13,0,0,0,1,google_ads,0
56,114774,239641,730,0.59,23,408,1,5,12,0,0,0,0,organic_search,0
28,110777,583519,502,0.45,23,711,4,3,9,0,0,0,0,organic_search,0
49,39810,81841,747,0.64,9,657,7,6,19,1,0,0,0,google_ads,0
52,105703,489243,794,0.76,8,351,2,11,20,0,0,1,1,referral,0
38,107347,371460,424,0.62,12,657,4,5,1,1,0,0,0,referral,0
26,125315,557147,364,0.82,17,762,2,2,11,0,0,1,0,facebook_ads,0
38,77204,369353,543,0.84,23,424,6,14,5,0,0,0,0,referral,0
39,40085,135082,826,0.82,15,386,5,10,7,0,0,1,0,google_ads,0
42,66854,162578,525,0.96,19,591,5,11,13,1,1,0,0,referral,1
57,94797,216002,764,0.54,20,868,0,8,23,1,1,0,0,organic_search,1
52,104269,454169,592,0.51,6,448,1,6,6,1,0,0,0,google_ads,0
23,59779,244055,680,0.77,5,507,5,9,13,1,1,0,0,facebook_ads,1
48,76207,378657,465,0.76,8,365,7,3,6,0,0,1,0,google_ads,0
30,114615,462923,517,0.71,18,620,4,14,15,0,0,0,0,google_ads,0
55,53980,199174,574,0.4,21,49,1,11,8,0,1,0,0,referral,0
49,76117,273438,351,0.73,21,441,4,4,11,1,0,0,0,referral,0
35,34141,71893,673,0.96,15,578,8,11,10,0,1,1,0,referral,1
53,29344,98074,662,0.6,3,288,5,8,9,0,1,0,0,facebook_ads,0
27,125008,738057,313,0.98,14,634,4,7,4,0,1,0,0,facebook_ads,1
32,35896,197220,639,0.61,15,728,9,8,14,1,0,1,1,facebook_ads,1
50,109353,362779,838,0.48,13,386,5,9,4,1,1,1,1,facebook_ads,1
41,49813,216745,388,0.64,21,230,8,14,24,0,0,1,0,organic_search,0
51,104431,562798,340,0.7,20,440,6,8,15,1,0,0,0,google_ads,1
44,85679,322589,603,0.78,21,317,9,8,21,0,1,0,1,referral,1
40,30681,63565,567,0.7,9,77,2,6,10,0,1,1,0,google_ads,0
57,92903,213494,437,0.72,23,794,9,11,14,1,0,1,0,google_ads,1
24,23228,93877,305,0.41,17,587,9,2,25,0,1,1,0,google_ads,0
48,24582,144487,541,0.55,19,399,4,12,6,0,1,0,0,referral,0
40,98683,470997,461,0.59,4,260,3,7,16,0,1,0,0,google_ads,0
44,31397,71700,817,0.99,20,124,4,4,25,0,0,1,0,organic_search,0
52,58799,162134,700,0.58,10,332,7,3,12,0,1,1,0,referral,0
56,57011,289917,455,0.94,22,247,5,4,28,0,0,0,0,organic_search,0
54,99183,532192,384,0.58,3,581,3,4,4,1,0,0,0,referral,0
56,113254,506333,309,0.46,19,416,4,3,1,1,1,0,0,google_ads,1
22,64264,294180,437,0.55,9,744,6,9,4,0,0,1,0,google_ads,0
35,62317,131697,455,0.56,5,657,7,14,25,0,0,0,0,google_ads,0
54,67914,360903,707,0.99,14,120,4,3,13,1,0,1,0,organic_search,1
56,104633,539184,524,0.8,7,87,1,2,7,0,0,0,0,google_ads,0
26,122489,371893,483,0.96,21,463,5,13,15,0,0,0,0,facebook_ads,1
59,144237,697343,494,0.9,6,551,8,1,6,0,1,0,0,organic_search,1
32,65254,186588,695,0.75,24,797,2,11,14,1,1,1,0,facebook_ads,1
23,60096,129886,433,0.81,8,858,6,1,18,0,0,0,0,referral,0
38,73785,206933,608,0.77,2,790,7,5,4,1,0,0,0,facebook_ads,0
41,72344,196378,841,0.8,14,512,5,12,1,0,0,0,0,facebook_ads,0
35,134988,452343,308,0.56,22,396,2,12,29,0,0,0,1,organic_search,0
53,102643,377089,469,0.64,7,858,0,5,3,0,1,0,0,referral,0
55,140382,566322,589,0.76,3,436,2,12,13,0,0,0,0,facebook_ads,0
46,88546,345950,467,0.42,20,547,5,9,18,0,0,0,0,google_ads,0
28,91091,280806,643,0.69,22,360,3,4,29,0,1,0,0,google_ads,0
56,85603,181194,796,0.92,23,729,0,5,4,0,0,0,0,referral,0
50,48412,214000,444,0.7,6,264,5,13,4,1,0,1,0,facebook_ads,0
43,130489,467539,712,0.73,21,440,0,6,11,0,1,0,0,organic_search,1
34,71658,228924,756,0.52,14,212,7,13,14,0,0,0,0,referral,0
34,119841,655262,601,0.88,12,316,2,10,25,0,1,1,1,referral,1
22,69549,346839,345,0.62,18,152,2,7,7,0,0,0,0,referral,0
57,147595,801597,316,0.97,12,187,0,9,29,1,1,0,1,referral,1
25,31549,125562,659,1.0,7,352,2,13,3,0,0,0,0,google_ads,0
58,91216,230204,560,0.95,5,42,6,6,7,0,0,1,0,organic_search,0
34,45739,218855,422,0.45,12,856,9,1,8,1,0,0,1,google_ads,0
59,41209,116386,530,0.6,9,595,7,8,12,0,0,0,0,referral,0
45,127051,478336,411,0.97,11,818,7,14,7,0,0,1,0,organic_search,1
40,107968,244008,545,0.88,4,584,2,2,24,1,0,0,0,google_ads,0
22,35116,186158,690,0.95,14,808,4,9,16,0,0,0,0,facebook_ads,0
59,40045,100263,691,0.74,12,650,0,11,25,0,0,0,0,facebook_ads,0
26,46327,260005,627,0.69,18,864,8,7,17,0,0,1,0,referral,1
37,55709,303999,514,0.46,7,707,7,7,26,0,0,0,0,facebook_ads,0
45,63617,245455,666,0.9,23,892,9,10,22,1,0,1,0,organic_search,1
48,80139,398889,381,0.85,1,647,1,10,4,1,1,1,0,referral,1
22,46905,210030,375,0.44,13,592,9,12,17,1,0,0,0,facebook_ads,0
55,84148,438604,826,0.53,16,233,0,5,18,0,0,0,0,organic_search,0
57,92603,345151,802,0.73,5,331,3,8,26,1,0,1,0,google_ads,1
25,118095,607390,778,0.81,19,72,8,10,4,0,0,1,0,google_ads,1
21,139779,538125,671,0.48,9,824,7,1,17,0,0,0,0,organic_search,0
32,62919,362656,564,0.55,23,626,2,3,15,1,1,1,1,facebook_ads,1
56,103521,408440,563,0.52,9,758,9,9,22,0,0,0,0,organic_search,0
43,112905,434738,409,0.53,12,699,5,1,17,0,0,0,1,organic_search,0
51,103400,531505,606,0.95,18,891,8,11,13,0,0,0,0,organic_search,1
31,108150,571714,499,0.83,24,535,9,8,25,1,0,0,1,google_ads,1
30,78446,330881,525,0.84,10,668,7,6,26,0,0,0,0,google_ads,0
23,72428,196945,484,0.88,17,220,9,12,3,0,0,0,1,google_ads,0
34,67894,262819,330,0.61,19,807,4,13,12,1,0,0,0,facebook_ads,1
36,101149,593976,398,0.86,24,89,8,10,27,0,0,0,1,referral,0
30,26447,132550,638,0.99,11,824,8,5,17,0,0,0,0,google_ads,0
49,25499,133733,565,0.82,16,495,2,12,22,1,0,1,0,google_ads,0
30,59041,125834,649,0.65,8,408,7,6,22,0,1,0,0,organic_search,0
32,51315,198662,843,0.83,24,458,3,11,7,0,0,1,0,facebook_ads,0
50,21299,97687,756,0.94,15,91,9,5,7,0,0,0,0,organic_search,0
21,140506,747510,387,0.48,11,331,6,9,26,0,0,1,0,organic_search,0
25,125005,274647,362,0.56,7,667,9,2,11,1,0,0,0,organic_search,1
40,24994,135211,686,0.95,2,201,7,10,16,0,0,0,0,organic_search,0
28,115414,484000,758,0.97,19,534,6,6,4,1,0,0,0,google_ads,1
32,101163,282169,568,0.69,9,92,4,12,16,0,0,0,0,facebook_ads,0
21,146759,479758,645,0.62,18,801,0,4,5,0,1,1,0,google_ads,1
40,27489,85977,377,0.57,13,45,7,3,19,0,0,0,0,referral,0
48,111647,460369,664,0.7,23,720,4,12,22,0,0,0,0,organic_search,1
57,52355,115534,313,0.96,1,871,2,5,29,0,0,0,0,google_ads,0
57,93805,247095,435,0.49,19,130,1,2,14,0,1,0,0,facebook_ads,0
32,88367,463994,603,0.65,13,205,2,3,7,1,1,0,1,referral,1
57,129906,328716,696,0.95,14,222,8,7,9,0,0,1,0,google_ads,1
48,137409,403100,378,0.61,17,842,1,12,25,0,1,1,0,google_ads,1
35,97355,371261,717,0.86,22,302,9,1,28,0,0,1,0,referral,1
26,136220,554208,541,0.63,20,496,0,2,13,0,1,1,0,facebook_ads,1
40,110349,557752,350,0.88,1,802,1,3,16,0,0,0,0,referral,0
34,107173,406113,683,0.99,5,204,1,10,21,0,0,0,0,referral,0
22,21996,113487,674,0.63,20,263,4,13,4,0,0,1,0,organic_search,0
29,139999,626269,505,0.91,14,841,0,14,7,1,0,0,0,organic_search,1
57,64387,157902,788,0.99,18,245,9,12,3,0,0,1,0,referral,1
40,134965,354327,680,0.99,13,520,7,14,20,0,0,0,0,organic_search,1
46,23089,86540,610,0.66,23,446,1,7,15,0,0,0,1,facebook_ads,0
49,118827,426298,674,0.69,12,788,5,4,25,0,0,0,0,google_ads,0
21,40659,202245,341,0.58,15,562,4,12,21,1,1,0,0,referral,1
55,65178,281761,832,0.59,24,480,1,8,26,0,1,0,0,organic_search,1
26,140053,497542,821,0.7,4,865,9,8,14,1,0,0,0,facebook_ads,1
57,115965,311138,452,0.52,9,784,0,1,7,0,0,0,0,facebook_ads,0
25,101268,294421,611,0.83,3,829,5,5,18,0,0,0,0,facebook_ads,0
53,105042,451891,593,0.72,22,309,5,1,25,1,0,0,0,referral,1
34,126471,467152,412,0.94,11,273,2,13,5,1,1,0,1,organic_search,1
32,90726,368321,411,0.89,15,704,7,13,21,0,0,1,1,facebook_ads,1
40,90111,241741,474,0.59,16,175,8,7,20,1,0,1,1,organic_search,1
44,126031,586248,601,0.7,7,96,2,13,8,0,1,1,0,google_ads,0
54,133682,723240,815,0.85,7,132,8,4,27,0,0,0,0,facebook_ads,0
45,54565,165427,520,0.52,22,339,7,12,20,0,1,0,0,facebook_ads,0
49,120435,477652,470,0.42,9,666,4,8,18,1,0,1,0,organic_search,1
59,109242,644758,617,0.91,17,146,5,12,21,0,0,0,0,organic_search,0
51,133204,443964,512,0.48,13,501,0,8,19,1,0,0,1,organic_search,1
43,149642,655459,552,0.93,9,792,4,9,20,0,1,0,0,google_ads,1
58,42884,101239,423,0.95,9,350,9,11,3,0,1,1,0,referral,0
40,37199,164570,512,0.68,20,464,9,6,23,0,0,0,0,organic_search,0
43,80038,188771,384,0.88,12,399,6,7,6,0,0,0,0,facebook_ads,0
36,77786,454032,815,0.62,21,767,0,7,18,0,0,1,0,google_ads,0
28,129636,630374,364,0.91,19,729,9,5,27,0,0,0,0,organic_search,1
41,124970,643925,617,0.89,23,216,8,7,15,1,1,1,0,organic_search,1
21,69294,333748,645,0.45,15,617,6,9,14,1,1,0,0,facebook_ads,1
28,98015,427239,542,0.75,18,814,3,12,24,0,1,1,0,facebook_ads,1
49,54178,205857,436,0.78,8,498,3,14,21,0,0,1,0,organic_search,0
52,32665,177485,546,0.4,6,690,9,12,22,0,0,0,0,google_ads,0
58,149604,871793,740,0.99,6,736,6,11,8,0,0,0,0,organic_search,1
25,20534,82056,344,0.64,3,825,5,4,11,0,0,0,1,referral,0
42,111828,640342,388,0.71,3,502,2,13,11,0,0,1,0,google_ads,0
54,56132,243238,527,0.52,2,585,8,2,12,1,0,0,0,facebook_ads,0
21,135720,563718,590,0.77,5,483,5,8,16,0,0,1,0,facebook_ads,0
46,56110,214224,721,0.89,20,475,1,7,7,1,0,1,1,google_ads,1
30,78754,223436,366,0.75,12,711,9,6,27,1,0,0,1,google_ads,1
50,83580,168403,550,0.87,6,123,1,7,3,0,0,1,0,facebook_ads,0
38,42469,125964,340,0.84,16,765,0,12,2,1,0,0,0,referral,0
37,84016,339331,398,0.54,5,819,4,3,3,0,0,1,0,google_ads,0
46,66233,233129,605,0.66,6,67,9,6,8,1,1,0,0,facebook_ads,0
28,122804,465911,755,0.49,4,811,5,10,20,0,0,0,0,organic_search,0
32,149863,887577,600,0.43,14,511,2,14,8,0,0,1,0,google_ads,1
47,86708,294901,498,0.44,3,776,3,7,4,0,0,1,0,referral,0
28,78232,297964,787,0.97,17,140,4,7,23,0,0,1,0,google_ads,0
45,113450,287489,405,0.99,5,439,3,13,13,0,0,0,1,referral,0
24,106437,233291,700,0.46,22,197,8,13,22,0,0,1,1,facebook_ads,1
53,126311,644393,776,0.6,21,595,2,5,26,0,1,0,1,google_ads,1
21,54409,233019,421,0.47,21,426,4,3,17,0,1,0,0,google_ads,0
39,135159,681582,376,0.9,6,156,6,2,29,0,0,1,0,referral,0
51,39324,102220,611,0.7,20,816,6,13,27,0,0,1,0,referral,1
36,28738,123208,411,0.77,4,71,5,7,24,0,0,0,0,organic_search,0
34,123030,370882,817,0.72,13,70,8,4,22,0,0,1,1,referral,1
25,130093,378862,496,0.83,8,591,6,2,18,1,0,0,0,facebook_ads,1
46,44054,90139,397,0.59,11,516,3,13,5,0,0,0,0,google_ads,0
48,49709,125334,758,0.48,24,700,9,8,12,0,0,0,0,referral,0
22,129321,418621,529,0.41,19,873,8,2,2,0,1,0,0,organic_search,1
26,105643,260675,467,0.67,23,428,5,6,10,1,0,1,0,organic_search,1
29,148805,884412,307,0.94,5,211,0,4,7,1,0,1,0,referral,0
53,20363,65864,471,0.58,5,210,8,9,15,0,0,1,0,organic_search,0
45,30358,76541,659,0.52,3,707,6,5,27,0,1,1,1,google_ads,0
33,121613,340069,494,0.96,2,773,5,4,26,0,0,0,1,facebook_ads,0
29,135233,588373,568,0.46,3,747,5,8,22,0,0,1,0,organic_search,1
33,23240,52433,318,0.43,15,896,3,3,7,0,0,0,0,referral,0
51,92201,502471,653,0.93,7,493,3,14,15,1,1,0,0,referral,1
31,65689,384017,348,0.82,3,79,2,13,16,0,1,0,1,google_ads,0
24,21936,65522,763,0.65,15,437,7,9,22,0,0,0,0,facebook_ads,0
54,132272,502684,655,0.85,11,430,7,8,26,1,0,1,1,referral,1
58,111074,231982,457,0.84,16,175,1,14,1,0,0,0,0,facebook_ads,0
24,63965,291862,365,0.42,13,327,4,12,15,1,1,0,1,organic_search,1
58,97534,356555,607,0.81,2,174,8,14,3,1,1,0,1,google_ads,1
39,20882,64321,636,0.78,20,45,8,12,10,0,0,1,1,organic_search,0
26,40224,113727,420,0.98,12,114,6,8,16,0,0,0,1,facebook_ads,0
54,125227,578059,703,0.98,21,245,3,10,2,1,0,0,0,referral,1
38,143750,526824,395,0.63,7,511,3,5,17,1,0,0,0,referral,0
33,139299,378703,413,0.75,1,81,9,1,1,0,0,0,0,google_ads,0
43,145865,693797,728,0.48,14,577,6,11,4,0,0,1,1,organic_search,1
39,132012,562409,839,0.44,24,136,2,10,11,1,0,0,0,facebook_ads,1
31,143745,781209,301,0.66,10,248,2,13,17,1,0,1,0,referral,1
21,50825,125532,511,0.81,3,366,4,9,2,0,1,0,0,referral,0
44,90740,466645,632,0.74,11,400,5,2,1,0,0,0,0,google_ads,0
27,48885,229469,323,0.66,22,839,7,1,29,0,0,1,1,google_ads,0
45,60056,147740,667,0.89,20,283,0,6,28,0,1,1,0,organic_search,0
41,23203,110893,805,0.88,21,434,6,1,28,0,0,0,0,referral,0
35,80241,302202,475,0.84,15,609,7,10,6,0,0,1,0,organic_search,1
21,22244,128568,728,0.45,6,728,4,10,11,0,0,1,1,facebook_ads,0
32,118322,303666,741,0.88,18,665,9,13,4,0,1,0,0,organic_search,1
27,135329,618633,847,0.95,13,59,1,10,24,0,0,0,1,google_ads,0
35,88619,312640,813,0.44,15,214,3,7,11,0,1,0,0,organic_search,0
41,41584,242320,660,0.64,3,318,5,14,5,0,0,1,0,google_ads,0
39,28521,94686,573,0.99,15,388,8,7,10,1,0,0,0,referral,0
49,70017,409511,476,0.76,24,503,1,13,5,0,0,0,0,facebook_ads,0
45,53541,300147,563,0.71,24,594,3,1,27,0,1,0,0,referral,0
53,49063,151189,485,0.51,1,429,9,10,27,1,0,0,0,organic_search,0
52,90268,470672,826,0.74,10,718,4,13,24,0,1,0,0,referral,1
55,145234,868850,578,0.66,24,162,7,5,27,0,0,1,1,google_ads,1
58,146218,440211,497,0.48,18,531,7,3,26,0,0,1,0,referral,1
46,138206,517872,648,0.68,8,532,1,13,22,0,0,1,0,facebook_ads,0
31,84952,346665,720,0.5,12,106,5,13,22,0,1,1,0,google_ads,0
55,113054,359480,604,0.84,5,379,5,11,3,0,0,0,0,facebook_ads,0
28,59563,122762,363,0.98,1,89,4,12,29,0,0,1,0,organic_search,0
34,59752,172116,589,0.68,8,484,7,14,6,0,0,0,0,facebook_ads,0
30,115233,360419,317,0.78,5,494,9,2,26,0,0,1,0,google_ads,0
22,22567,85176,363,0.66,17,340,1,11,13,0,0,1,0,google_ads,0
29,36121,96963,629,0.48,15,120,1,5,16,0,1,1,1,facebook_ads,0
23,21674,119055,316,0.98,4,327,6,5,7,1,1,0,0,referral,0
41,96411,464666,742,0.48,13,354,8,2,18,0,0,1,0,organic_search,0
46,129876,304013,440,0.47,17,309,2,6,3,1,1,0,0,google_ads,1
28,86275,396896,607,0.68,13,740,6,7,6,1,0,0,0,organic_search,1
22,87081,401846,743,0.8,2,147,2,1,10,0,0,1,0,referral,0
26,49140,286234,795,0.61,24,724,5,3,16,1,0,1,0,facebook_ads,1
48,145139,292031,725,0.52,4,596,2,4,25,1,0,0,0,facebook_ads,0
49,29327,87738,774,0.89,2,300,0,2,13,1,1,0,0,google_ads,0
46,90663,517791,544,0.62,12,546,5,10,25,0,0,0,0,google_ads,0
45,43331,248223,749,0.52,19,130,2,11,24,1,0,0,0,organic_search,0
32,43004,209960,650,0.62,18,417,0,5,24,0,0,1,1,referral,0
25,127369,644876,460,0.53,10,315,4,13,9,1,0,0,0,facebook_ads,0
54,139243,329439,439,0.71,5,82,7,4,27,0,0,0,0,organic_search,0
57,30492,123660,792,0.8,11,759,7,11,16,1,0,0,0,organic_search,1
35,74797,218880,830,0.88,1,870,7,2,11,0,0,1,0,organic_search,0
56,78095,212798,692,0.54,3,827,2,11,9,1,0,0,0,referral,0
35,33749,176885,700,0.5,17,269,7,1,10,1,0,0,0,facebook_ads,0
43,83217,211383,349,0.41,15,243,3,8,11,0,1,0,1,facebook_ads,0
26,109044,422502,594,0.54,14,645,7,2,29,0,0,0,0,referral,0
41,29045,167134,724,0.41,24,390,2,4,25,0,0,0,0,referral,0
43,40116,110051,311,0.61,15,393,2,12,21,1,1,0,0,organic_search,0
36,38667,228598,634,0.49,16,763,0,10,22,1,0,0,0,organic_search,0
35,95057,568170,314,0.75,4,881,7,5,15,0,1,1,0,organic_search,1
45,94205,397777,327,0.63,19,889,7,2,21,1,0,0,0,referral,1
56,47302,126796,687,0.46,24,730,8,10,13,0,1,0,0,facebook_ads,1
31,31283,102120,591,0.64,8,356,5,9,17,0,0,0,1,facebook_ads,0
35,50935,188356,549,0.53,6,865,1,2,4,0,0,1,0,facebook_ads,0
24,92534,299560,804,0.81,16,505,0,6,11,0,1,0,0,organic_search,1
41,114342,357037,397,0.62,3,852,7,7,29,0,1,1,1,facebook_ads,1
33,51624,304009,636,0.49,8,640,9,6,1,1,1,0,1,organic_search,1
42,33440,87394,338,0.61,5,126,3,11,28,0,0,1,0,referral,0
39,131001,646268,337,0.53,5,356,6,11,1,1,0,1,0,google_ads,1
54,66501,133111,599,0.88,12,102,9,12,3,0,1,0,0,referral,0
34,107333,470626,478,0.99,1,285,3,13,23,1,0,1,1,organic_search,1
24,21269,120462,768,0.42,7,772,0,4,15,1,0,0,0,facebook_ads,0
47,27868,87832,581,0.81,24,199,7,1,1,0,1,0,1,google_ads,0
49,50251,137793,463,0.56,11,362,9,2,23,0,0,0,0,google_ads,0
48,97909,451039,752,0.44,10,186,8,12,26,1,0,1,1,google_ads,1
55,104523,506978,396,0.41,3,448,9,10,26,0,0,0,0,referral,0
28,58729,279087,608,0.93,8,487,8,12,29,0,1,0,0,google_ads,0
36,35734,117109,561,0.61,1,763,8,10,16,0,0,0,0,organic_search,0
56,62429,187836,592,1.0,8,887,3,12,17,1,0,0,1,organic_search,1
50,61337,357206,548,0.67,23,128,8,14,9,1,0,0,1,referral,1
38,60325,343442,544,0.51,20,761,3,6,5,1,1,0,1,facebook_ads,1
22,103600,396712,550,0.87,11,273,1,8,29,1,0,0,0,facebook_ads,0
33,82514,444319,422,0.96,7,800,9,14,6,0,1,0,0,referral,1
24,28433,108309,624,0.89,16,506,2,3,15,1,0,1,1,facebook_ads,0
46,133957,495313,800,0.85,7,470,1,7,28,0,0,1,0,facebook_ads,0
45,29111,76476,365,0.6,13,223,0,9,9,0,0,0,0,google_ads,0
50,123986,459445,358,0.44,10,404,5,4,27,0,0,1,0,referral,0
31,83753,347547,797,0.52,17,691,3,11,3,0,0,0,0,referral,0
27,133783,279608,672,0.67,3,396,6,7,19,1,1,0,0,facebook_ads,1
51,100583,379846,565,0.97,7,184,6,7,21,0,0,0,0,facebook_ads,0
30,93620,479842,535,0.83,11,528,9,13,13,0,0,1,1,referral,1
59,41751,197072,517,0.9,13,563,0,12,13,0,0,0,1,organic_search,0
33,36453,165519,826,0.57,5,487,8,10,23,0,0,0,0,referral,0
51,105844,596771,740,0.81,23,657,7,9,3,0,0,1,0,google_ads,1
27,58968,122189,705,0.92,19,142,9,3,20,1,1,1,0,facebook_ads,1
56,50077,211735,768,0.69,15,752,0,11,14,0,0,0,0,google_ads,0
40,128582,662119,409,0.66,1,53,7,1,2,1,1,1,1,referral,1
24,54775,228156,652,0.83,5,312,4,8,25,0,0,0,0,facebook_ads,0
27,78144,257529,390,0.74,13,321,0,4,10,0,1,0,0,referral,0
21,68570,174510,713,1.0,10,392,3,2,9,0,0,0,0,referral,0
33,66097,366855,372,0.66,5,430,6,5,13,0,1,0,0,google_ads,0
42,44503,172807,846,0.51,23,597,4,4,11,0,0,0,0,google_ads,0
41,22779,125568,597,0.68,1,295,2,1,2,0,0,0,0,organic_search,0
42,106840,464049,582,0.54,10,83,3,12,16,0,0,0,1,facebook_ads,0
48,20755,97481,804,0.74,18,878,1,7,5,0,1,0,0,referral,0
29,59263,309177,497,0.48,22,649,7,4,1,0,0,0,0,facebook_ads,0
46,128491,595764,331,0.97,8,743,1,8,8,0,0,0,0,google_ads,0
29,75087,269728,640,0.92,20,743,5,9,22,1,0,1,0,facebook_ads,1
35,62281,252520,633,0.49,3,451,6,8,16,0,1,0,1,organic_search,0
30,71482,372577,442,0.5,19,878,6,1,14,0,1,1,0,referral,1
44,74857,261595,709,0.71,19,503,0,8,26,1,0,0,0,referral,1
28,142989,507966,343,0.86,2,759,7,5,26,1,0,0,0,referral,1
44,37400,89115,331,0.53,17,272,8,1,2,0,1,0,0,google_ads,0
36,60115,340150,327,0.44,16,383,6,9,18,0,1,1,0,referral,0
46,34249,80969,722,0.73,21,417,7,9,26,0,0,0,0,google_ads,0
47,133183,611687,790,0.81,10,207,3,7,21,0,0,1,0,organic_search,0
57,66825,244096,459,0.55,21,504,7,7,7,0,0,1,0,referral,0
24,130361,472229,506,0.84,16,602,2,11,25,0,0,1,0,facebook_ads,1
44,44600,210432,317,0.97,5,434,0,1,25,0,1,1,0,google_ads,0
39,57706,130898,402,0.48,20,65,7,9,12,0,1,1,0,google_ads,0
56,39222,171589,531,0.71,3,387,5,1,15,0,0,0,0,facebook_ads,0
59,119041,605695,723,0.43,3,587,8,13,27,0,1,0,0,facebook_ads,1
30,124504,661471,846,0.52,2,636,2,12,22,0,1,0,0,organic_search,1
45,61139,163982,538,0.45,21,356,7,7,2,0,0,1,0,google_ads,0
38,134919,754153,633,0.64,4,73,8,9,22,0,0,0,0,organic_search,0
39,136605,631741,448,0.89,22,349,8,9,17,0,0,0,0,facebook_ads,1
56,61302,338841,707,0.75,18,767,6,5,27,1,0,1,1,referral,1
30,114684,451983,316,0.53,2,687,9,12,11,1,0,0,0,facebook_ads,0
53,107838,449483,525,0.42,24,501,2,13,29,0,0,0,1,facebook_ads,0
25,88159,500403,559,0.73,6,298,2,6,2,0,1,0,0,organic_search,0
55,28646,160407,473,0.48,3,554,1,2,28,0,1,1,0,organic_search,0
54,33543,127216,504,0.61,21,54,0,2,19,0,0,0,0,facebook_ads,0
53,114496,354668,714,0.71,3,802,1,10,5,1,0,1,1,organic_search,1
41,148212,529514,807,0.94,2,669,4,9,26,0,0,1,0,google_ads,1
37,42785,151931,452,0.45,3,580,0,13,17,1,1,0,1,organic_search,0
42,98353,309562,402,0.8,17,186,9,1,16,0,1,0,0,organic_search,0
57,51406,158038,364,0.41,14,214,3,10,28,0,0,0,1,referral,0
35,108992,593379,416,0.78,7,203,9,12,26,0,1,1,0,referral,1
55,71428,162816,455,0.73,22,423,9,12,13,0,0,0,0,referral,0
48,43777,206209,381,0.89,21,215,0,14,13,1,0,0,0,google_ads,0
27,77939,209755,817,0.72,6,310,9,5,13,1,0,0,0,organic_search,0
52,73026,246683,366,0.61,8,615,7,14,5,0,0,0,1,organic_search,0
31,106450,239105,537,0.55,19,324,4,7,5,0,0,0,1,referral,0
30,49553,152618,625,0.45,19,557,9,12,20,0,0,0,0,google_ads,0
29,43548,220948,366,0.72,12,217,3,10,19,0,0,0,0,organic_search,0
34,83221,461049,475,0.93,5,441,2,6,7,0,0,0,0,organic_search,0
33,57265,165273,777,0.71,5,713,8,6,11,0,0,1,0,organic_search,0
45,145549,560973,554,0.84,14,215,5,6,23,1,0,1,0,organic_search,1
22,60701,235598,362,0.58,17,573,0,13,1,1,0,1,1,google_ads,1
55,71287,391672,702,0.67,16,604,7,8,7,0,0,0,0,referral,0
27,26727,135003,491,0.59,4,890,9,7,3,0,0,0,0,referral,0
41,130460,528664,628,0.47,8,330,1,5,13,1,0,0,0,google_ads,0
38,70717,331166,370,0.65,3,338,8,10,3,1,1,1,0,organic_search,1
23,52427,282551,362,0.86,21,218,6,2,6,0,0,0,1,organic_search,0
59,36692,74784,596,0.64,5,847,2,10,22,1,0,1,1,google_ads,0
31,51625,186446,544,0.79,23,440,3,6,27,1,1,1,0,google_ads,1
59,44918,252842,818,0.86,24,567,2,10,29,0,0,0,1,facebook_ads,0
44,126931,629736,692,0.59,7,416,5,5,15,1,0,0,0,google_ads,1
39,61136,255020,476,0.88,18,887,8,4,4,0,0,0,0,organic_search,0
24,134826,555291,503,0.6,24,580,9,10,5,1,0,1,1,google_ads,1
46,134881,457392,832,0.55,8,222,8,11,3,0,0,0,0,referral,0
58,72409,295579,427,0.53,11,192,0,5,19,0,0,0,0,organic_search,0
52,35577,164420,494,0.52,14,82,9,9,25,0,0,1,1,google_ads,0
59,105155,386281,493,0.84,18,504,5,12,21,0,1,0,0,google_ads,1
56,131776,639984,483,0.93,13,203,0,13,16,1,0,0,0,google_ads,1
57,119246,649285,546,0.54,6,225,3,2,17,0,0,0,0,organic_search,0
53,122924,321905,623,0.45,13,240,6,6,9,0,0,1,1,google_ads,0
56,146759,558592,459,0.59,1,819,3,11,26,1,0,0,1,google_ads,1
23,140408,509973,365,0.79,11,729,8,9,22,0,0,0,0,referral,1
29,101731,483207,553,0.62,7,419,9,12,9,1,0,0,1,facebook_ads,1
28,47689,143041,582,0.73,10,337,4,10,14,1,1,1,0,referral,1
53,31154,142093,359,0.85,2,486,8,13,27,0,0,0,0,facebook_ads,0
26,124657,686854,417,0.65,16,360,0,5,23,0,1,0,0,referral,0
59,114948,422149,722,1.0,5,755,3,12,11,0,0,1,0,google_ads,1
24,41341,233331,335,0.58,16,524,6,11,26,0,1,0,0,google_ads,0
33,117554,702109,830,0.99,23,358,1,6,10,0,0,1,0,organic_search,1
22,94681,229541,390,0.52,16,58,8,10,23,0,0,0,0,organic_search,0
25,127798,374730,600,0.47,15,712,2,12,5,0,0,0,1,referral,1
47,66330,384814,516,0.85,9,151,3,4,23,0,0,0,0,referral,0
52,138069,805399,397,0.82,1,487,3,5,26,1,1,1,0,facebook_ads,1
41,107759,257633,755,0.89,9,447,7,8,4,0,0,0,0,organic_search,0
28,88416,182136,830,0.61,11,188,1,12,11,0,1,0,0,referral,0
58,145067,383615,837,0.96,5,627,4,1,27,1,1,1,1,google_ads,1
28,106807,639138,327,0.47,6,843,1,1,6,0,0,1,0,referral,0
23,53313,145011,623,0.42,8,545,5,10,2,1,1,0,1,facebook_ads,1
23,66900,268281,522,0.58,15,31,8,4,26,0,0,0,1,organic_search,0
42,98840,533110,379,0.88,16,674,8,13,3,0,0,0,1,organic_search,1
26,54695,113853,757,0.8,18,331,0,14,18,1,1,1,0,google_ads,1
22,50225,221891,475,0.66,12,108,3,10,29,1,1,0,1,organic_search,0
43,106072,329682,821,0.55,23,688,3,3,26,0,0,1,0,organic_search,1
22,116367,634123,756,0.44,4,707,0,5,18,0,0,0,1,facebook_ads,0
58,69156,216724,722,0.6,22,344,9,11,7,1,0,0,0,organic_search,1
37,97209,461453,399,0.68,16,779,1,10,21,1,1,1,0,referral,1
55,107453,504693,702,0.81,23,357,5,8,13,0,0,0,0,google_ads,0
54,47829,138033,679,0.79,11,305,9,1,13,0,0,0,0,organic_search,0
43,100908,215862,830,0.97,22,745,2,5,6,1,0,1,0,referral,1
50,45938,167076,631,0.46,24,481,8,14,3,0,0,0,0,google_ads,0
28,79164,249902,617,0.6,22,594,2,5,10,1,0,1,0,google_ads,1
42,74530,390232,836,0.69,7,515,2,2,21,0,0,1,0,facebook_ads,0
56,140921,732994,388,0.8,24,136,8,13,5,0,0,0,0,organic_search,1
25,88199,337634,810,0.7,15,596,2,5,11,0,0,0,0,google_ads,0
33,80282,355332,341,0.95,17,275,5,8,4,0,0,1,0,google_ads,0
49,67801,299479,688,0.77,15,193,5,10,10,1,0,0,0,google_ads,0
51,29465,156418,380,0.42,10,556,0,7,4,0,0,0,0,google_ads,0
36,23326,86306,701,0.47,4,30,6,12,28,1,0,1,0,facebook_ads,0
50,23659,73385,406,0.85,22,892,8,2,13,1,0,0,0,google_ads,0
36,80289,245695,410,0.83,17,166,8,13,8,0,0,1,1,google_ads,0
32,47594,197266,576,0.49,4,180,8,14,6,0,0,0,1,facebook_ads,0
37,135819,515649,513,0.44,22,209,1,6,11,0,0,0,1,facebook_ads,0
36,24763,93120,805,0.75,23,773,0,10,2,0,0,1,0,facebook_ads,0
32,108657,256924,420,0.78,22,516,5,13,18,0,0,0,0,google_ads,0
28,30828,150268,433,0.48,11,729,5,11,18,0,0,1,0,referral,0
40,67588,192960,670,0.68,4,47,3,11,22,0,1,0,1,referral,0
23,31221,87038,556,0.58,12,254,7,1,12,0,0,1,0,google_ads,0
36,31211,113952,479,0.96,23,134,4,10,17,1,0,1,0,organic_search,0
50,33569,97723,347,0.53,10,747,6,10,19,0,1,0,0,organic_search,0
43,116894,506786,318,0.84,14,727,8,3,17,0,0,1,0,organic_search,1
48,57860,201691,345,0.71,18,94,0,11,4,1,0,0,0,facebook_ads,0
25,91558,347521,750,0.41,6,362,8,11,29,1,0,1,0,organic_search,1
40,65337,271062,355,0.71,5,401,3,6,17,0,1,0,0,organic_search,0
21,72311,203493,391,0.46,2,236,6,14,16,0,0,1,0,facebook_ads,0
50,33515,87910,381,0.8,13,258,3,9,9,1,0,0,0,referral,0
41,91695,506311,378,0.74,23,610,3,1,11,0,0,1,0,google_ads,0
40,142006,530377,582,0.41,14,171,3,12,12,1,0,0,0,referral,1
26,131527,479859,610,0.52,3,747,5,6,11,0,1,0,0,facebook_ads,0
42,126749,271553,459,0.87,23,715,4,2,13,0,1,0,1,organic_search,1
38,107227,428040,615,0.57,11,738,1,9,22,1,0,0,0,organic_search,1
28,44904,189345,455,0.7,22,360,8,13,8,0,0,0,1,referral,0
59,79935,338553,767,0.59,23,848,5,2,14,0,1,0,0,facebook_ads,1
52,63790,307986,761,0.95,4,738,9,12,18,0,0,1,1,facebook_ads,1
53,88580,240045,416,0.72,13,769,5,3,14,1,0,0,0,referral,0
36,95148,286290,663,0.82,8,300,8,12,16,1,0,0,0,organic_search,1
32,25636,134407,765,0.45,8,740,0,2,15,1,0,1,0,facebook_ads,0
58,97129,562248,483,0.42,23,354,6,11,22,0,0,0,0,referral,0
54,134483,342088,465,0.56,13,556,2,4,20,0,0,0,0,organic_search,0
34,22892,91352,374,0.59,23,827,3,4,7,1,0,1,0,organic_search,0
56,41672,119044,571,0.81,10,875,0,10,8,0,0,0,0,organic_search,0
53,25812,57826,802,0.74,13,757,2,1,6,0,0,0,0,google_ads,0
43,116621,385084,642,0.62,13,576,6,8,29,0,1,0,0,facebook_ads,1
22,148177,381518,550,0.79,24,98,5,5,13,1,1,0,1,facebook_ads,1
41,20654,99959,429,0.5,17,241,0,12,17,0,0,0,1,organic_search,0
22,74633,308600,657,0.44,6,587,8,8,8,0,0,0,0,google_ads,0
47,37143,95655,707,0.91,2,411,3,13,11,1,1,1,0,facebook_ads,1
29,75934,154675,794,0.74,17,789,6,6,17,0,1,1,0,facebook_ads,1
21,87334,456986,781,0.79,12,449,3,14,9,0,0,0,0,google_ads,0
31,123463,333939,377,0.58,23,626,6,2,2,1,0,0,0,facebook_ads,1
23,145851,645371,813,0.62,6,77,4,7,27,0,0,0,1,facebook_ads,0
43,49087,164327,620,0.45,5,260,0,10,10,0,0,0,1,referral,0
46,31618,137283,589,0.91,5,608,3,9,22,0,0,1,0,facebook_ads,0
24,28446,92808,596,0.76,9,506,2,7,24,0,0,0,1,google_ads,0
38,107182,251637,774,0.45,22,118,5,11,21,0,0,1,0,google_ads,0
26,122127,353166,322,0.88,3,760,5,5,14,0,0,0,0,organic_search,0
55,68867,189538,471,0.67,23,81,0,4,2,0,0,1,0,referral,0
42,71028,263661,617,0.86,20,563,1,11,5,0,1,1,0,organic_search,1
35,80101,371118,492,0.41,5,451,1,14,17,1,0,0,1,referral,0
42,47200,144206,417,0.42,7,640,9,8,24,1,0,0,1,referral,0
57,115107,235771,305,0.5,12,475,3,6,8,1,1,0,0,organic_search,1
32,108074,440482,782,0.53,7,160,8,13,18,0,0,0,1,facebook_ads,0
58,126091,557705,431,0.86,10,629,1,5,22,0,0,0,0,referral,0
38,81465,476690,392,0.82,8,677,7,7,27,1,0,0,0,organic_search,1
55,129500,564345,821,0.77,17,403,0,11,24,0,0,1,0,organic_search,1
50,106436,413470,593,0.93,5,580,7,3,26,1,0,0,1,organic_search,1
44,138422,594329,691,0.55,15,559,2,9,29,0,0,0,0,organic_search,0
50,144124,823179,548,0.94,9,134,4,4,8,0,0,1,1,organic_search,0
34,107892,573285,716,0.95,23,416,0,12,12,0,1,0,0,facebook_ads,1
26,108559,357366,442,0.66,11,687,0,4,14,0,1,1,0,google_ads,0
23,140044,412992,536,0.46,13,365,5,8,23,0,0,0,0,facebook_ads,0
36,59148,180433,586,0.84,18,765,2,6,3,0,0,0,0,google_ads,0
27,102928,413532,576,0.6,17,146,7,14,29,0,0,0,0,referral,0
34,40698,202521,686,0.88,24,30,3,11,28,1,0,0,0,referral,0
29,62470,250684,681,0.5,9,658,5,1,14,0,1,0,0,organic_search,0
35,112071,254534,749,0.72,10,567,9,2,27,1,1,0,0,facebook_ads,1
41,71660,350727,590,0.7,5,465,8,9,4,0,0,0,0,organic_search,0
55,73910,386097,468,0.46,11,525,7,6,1,0,0,0,0,facebook_ads,0
22,55450,175110,742,0.62,22,41,3,7,9,1,0,0,0,referral,0
47,76463,356050,483,0.45,15,323,9,11,14,1,1,1,1,facebook_ads,1
22,53757,199243,344,0.68,2,537,7,9,26,0,0,0,0,organic_search,0
55,98012,544601,567,0.91,21,882,6,3,10,0,0,1,1,organic_search,1
38,126750,682029,775,0.56,20,710,4,5,18,0,1,0,0,referral,1
34,147043,603130,552,0.86,24,594,6,5,10,0,1,1,0,google_ads,1
40,90247,430119,695,0.51,24,810,6,10,7,1,0,0,0,referral,1
38,92015,509155,588,0.8,14,789,9,14,8,0,0,0,0,organic_search,1
30,51390,204679,511,0.95,5,157,1,7,14,0,0,0,0,referral,0
45,76116,247605,320,0.59,24,105,6,13,4,0,0,0,1,google_ads,0
22,33161,166291,615,0.94,6,298,2,2,27,0,0,0,0,organic_search,0
45,52152,150211,737,0.7,22,175,7,4,11,0,0,0,0,google_ads,0
53,100171,356020,722,0.59,15,432,7,11,10,0,0,1,0,facebook_ads,1
56,126379,690396,532,0.94,4,528,8,4,17,0,0,0,0,facebook_ads,0
51,115833,567314,422,0.42,10,589,3,12,5,0,1,0,0,referral,0
34,40836,147632,513,0.42,19,228,9,8,10,1,0,1,1,organic_search,1
21,110367,315536,339,0.76,9,612,2,10,10,0,0,0,0,facebook_ads,0
36,86543,296312,631,0.88,21,532,8,3,22,1,0,0,1,organic_search,1
23,75648,237263,481,0.85,10,633,8,2,7,0,1,0,0,organic_search,0
55,46331,125295,564,0.45,4,432,1,9,17,0,0,0,0,organic_search,0
26,125992,626600,832,0.97,22,238,5,12,29,1,0,0,0,google_ads,1
45,30763,92543,731,0.82,4,371,2,11,20,0,0,1,1,referral,0
33,89444,341378,495,0.97,6,880,4,4,12,1,0,0,1,google_ads,1
54,113109,400794,808,0.6,8,77,1,9,5,1,1,0,0,organic_search,1
28,39187,232312,746,0.82,16,570,3,6,5,0,0,0,0,facebook_ads,0
41,31957,113906,827,0.92,8,205,2,1,23,1,0,0,0,facebook_ads,0
54,24379,56557,501,0.63,16,540,1,14,4,0,1,0,0,facebook_ads,0
24,47959,113149,432,0.98,6,48,5,11,26,0,1,0,0,referral,0
45,102018,445106,438,0.56,17,524,2,3,7,1,0,0,1,google_ads,0
35,143076,629170,792,0.59,1,384,3,7,24,0,0,0,0,google_ads,0
24,47105,173112,369,0.95,19,588,5,9,2,1,0,1,1,referral,1
32,20877,77816,314,0.98,18,374,4,8,1,0,0,0,1,google_ads,0
52,68353,151451,511,0.57,17,89,3,12,29,0,1,0,0,referral,0
52,103788,422021,359,0.48,17,717,3,5,26,0,0,0,0,referral,0
48,116870,469695,551,0.86,12,796,1,12,10,0,0,0,0,facebook_ads,0
33,104585,271732,745,0.96,12,258,9,13,1,0,0,1,0,referral,1
51,103308,249525,301,0.76,6,176,3,8,13,0,1,0,0,facebook_ads,0
34,71567,178508,635,0.78,7,327,7,2,17,0,1,0,0,facebook_ads,0
40,77913,187311,318,0.86,8,362,4,3,9,1,0,0,0,facebook_ads,0
38,22637,100481,377,0.49,3,780,9,8,4,0,0,0,0,google_ads,0
49,92778,258473,771,0.98,17,361,9,9,9,0,0,0,0,referral,1
26,62025,186429,327,0.62,21,462,7,10,7,0,0,0,0,organic_search,0
52,126917,341951,464,0.78,8,428,5,8,23,0,0,0,0,facebook_ads,0
49,121187,706682,757,0.68,11,729,9,4,29,0,0,0,0,facebook_ads,0
22,119508,647550,475,0.68,20,865,4,13,2,0,0,0,0,google_ads,1
43,102464,299397,328,0.82,18,364,3,6,18,0,0,1,1,google_ads,0
39,48742,161348,578,1.0,16,238,9,11,28,0,0,0,0,facebook_ads,0
51,31831,90386,582,0.8,13,440,8,5,21,0,0,1,0,organic_search,0
25,133768,530725,778,0.88,9,616,9,12,15,1,1,0,0,google_ads,1
39,135911,282483,818,0.42,19,724,4,4,10,1,0,1,0,google_ads,1
54,105092,492405,604,0.89,7,628,9,9,17,0,0,1,0,referral,1
30,110879,453787,408,0.58,17,300,5,10,7,0,1,0,0,google_ads,0
45,108370,606282,623,0.48,8,209,6,3,11,0,0,1,0,google_ads,0
22,146537,389432,505,0.47,8,444,0,1,7,1,0,1,0,referral,0
31,66762,348259,533,0.81,3,786,8,13,11,1,0,0,0,facebook_ads,1
51,124824,645070,757,1.0,16,375,7,7,24,0,0,1,0,referral,1
35,118958,298432,486,0.8,12,548,4,10,23,0,0,0,0,referral,0
29,108741,390840,781,0.56,15,810,2,8,24,1,0,0,1,facebook_ads,1
43,38830,104088,706,0.52,21,467,4,11,15,0,1,1,0,facebook_ads,0
39,75044,226548,808,0.72,4,42,4,13,19,1,0,1,0,referral,0
29,93948,286821,819,0.44,23,433,8,3,19,0,0,0,0,organic_search,0
55,89202,376873,352,0.64,7,767,6,3,24,1,0,0,1,google_ads,0
41,57045,207965,697,0.8,11,807,1,14,25,1,0,0,0,google_ads,1
29,106322,615703,498,0.98,24,783,4,6,10,0,0,0,0,google_ads,1
48,137257,343894,690,0.66,5,409,8,2,16,0,0,0,0,facebook_ads,0
27,91051,536724,797,0.52,13,721,1,6,20,1,0,0,0,google_ads,1
36,127509,372652,471,0.89,11,450,7,5,8,1,0,1,0,facebook_ads,1
36,46627,237401,385,0.85,5,209,2,14,1,0,1,0,0,facebook_ads,0
53,35198,118120,485,0.92,8,667,3,7,2,0,0,0,1,organic_search,0
24,89521,230277,455,0.53,21,312,1,9,29,1,0,0,0,google_ads,0
24,131439,713918,792,0.64,17,447,8,9,10,0,0,1,0,facebook_ads,1
59,126471,409189,820,0.99,11,385,5,1,10,0,1,0,1,google_ads,1
37,49475,229337,429,0.49,19,731,8,7,10,1,1,0,1,facebook_ads,1
57,125752,536429,380,0.8,18,45,7,3,9,0,1,0,0,referral,0
59,138998,540288,683,0.54,10,344,8,4,18,1,1,1,0,facebook_ads,1
49,39403,156953,594,0.7,5,562,4,2,2,1,1,0,0,facebook_ads,0
56,23681,116722,568,0.88,24,45,5,1,24,1,0,1,0,facebook_ads,0
58,111555,262276,834,0.69,1,494,6,10,5,0,0,0,0,referral,0
59,138884,648966,677,0.88,17,492,4,14,21,1,0,0,0,organic_search,1
57,113122,631588,675,0.66,17,810,0,3,11,0,1,1,0,google_ads,1
55,135260,301785,387,1.0,1,574,8,10,6,0,0,0,0,referral,0
27,62292,159630,410,0.66,1,723,1,9,8,0,1,0,0,google_ads,0
47,123057,598860,453,0.49,23,98,6,1,8,0,0,0,0,referral,0
48,125386,470087,762,0.64,22,440,7,3,25,0,1,1,0,facebook_ads,1
42,122306,442037,455,0.85,9,81,7,11,10,1,0,0,0,referral,1
34,25629,65299,617,0.91,4,94,0,5,11,1,0,1,0,google_ads,0
27,113246,456050,537,0.68,9,841,9,3,19,1,0,1,0,google_ads,1
57,115864,290376,633,0.76,14,876,6,4,25,1,1,1,1,google_ads,1
42,97814,382108,405,0.91,15,769,8,4,14,0,0,0,0,organic_search,0
25,28417,143632,781,0.89,16,496,2,1,11,0,0,0,0,referral,0
22,138888,421255,681,0.79,16,763,7,6,3,0,0,0,0,facebook_ads,1
47,54765,214851,560,0.89,13,301,7,11,1,0,0,0,0,referral,0
41,94499,563976,592,0.75,14,468,8,12,28,0,1,0,0,organic_search,1
58,134088,636462,634,0.4,22,559,7,7,27,0,0,0,0,google_ads,1
35,76574,410852,775,0.42,21,759,4,12,21,0,0,1,0,google_ads,1
41,122828,449475,524,0.99,9,302,4,7,23,0,0,0,0,organic_search,0
30,110545,560622,753,0.49,23,488,2,13,3,0,1,0,0,referral,1
43,148206,320426,595,0.64,9,849,5,6,9,0,1,1,0,facebook_ads,1
59,47675,118789,762,0.96,21,202,9,7,1,0,0,1,1,google_ads,0
25,145609,409493,513,0.52,4,597,2,14,22,0,1,0,0,organic_search,1
21,121711,439109,457,0.91,10,890,1,3,12,0,0,1,1,organic_search,1
33,92267,496671,571,0.89,3,550,6,5,12,0,0,1,1,facebook_ads,0
41,60563,205009,537,0.99,21,526,9,14,6,0,0,1,0,organic_search,1
46,31332,144706,602,0.57,9,824,2,14,29,0,1,0,0,organic_search,0
41,143745,695331,820,0.59,19,834,3,7,8,0,0,0,0,organic_search,1
38,39177,170213,620,0.94,16,563,9,10,29,0,1,0,1,google_ads,1
57,109254,374628,358,0.54,16,101,7,5,3,0,0,1,0,google_ads,0
52,88447,381048,657,0.73,17,896,0,14,28,0,0,1,0,referral,1
56,77104,259768,550,0.82,18,869,8,10,21,0,0,1,0,facebook_ads,1
37,104335,243673,735,0.56,10,201,5,2,11,1,1,0,0,organic_search,1
55,134938,805743,445,0.96,21,664,1,6,26,0,0,0,0,organic_search,1
31,100730,252704,651,0.8,19,632,2,7,11,0,0,0,0,google_ads,0
41,24951,57122,544,0.43,22,765,4,11,5,0,0,1,0,google_ads,0
46,126402,696996,600,0.48,15,321,5,2,24,1,0,1,1,google_ads,1
24,48333,155020,737,0.51,15,895,8,10,7,1,1,0,1,facebook_ads,1
54,41673,191745,399,0.55,11,281,1,8,19,0,0,0,0,google_ads,0
38,134421,445743,779,0.84,8,438,4,5,7,1,0,1,1,organic_search,1
55,60870,217051,714,0.45,22,839,6,11,10,0,0,0,1,organic_search,1
49,141945,432712,464,0.61,16,396,6,8,8,1,0,1,0,organic_search,1
49,147536,497517,601,0.95,10,285,3,3,21,0,0,0,0,referral,0
58,91101,331862,420,0.73,9,554,2,2,27,0,0,0,0,facebook_ads,0
41,42821,209037,387,0.56,15,469,7,7,21,0,0,1,0,organic_search,0
33,45494,184075,516,0.97,22,364,1,5,14,1,0,0,1,organic_search,0
37,119477,689891,478,0.55,5,659,4,5,27,1,0,0,1,organic_search,1
29,146083,316638,462,0.94,20,464,9,13,1,0,0,0,1,google_ads,1
21,94160,377795,469,0.84,2,719,4,8,13,0,0,0,0,organic_search,0
22,132698,575497,600,0.84,22,490,0,13,24,0,0,0,1,google_ads,1
49,131560,747364,673,0.86,16,337,6,9,29,1,0,0,1,google_ads,1
53,20835,45766,502,0.7,18,702,3,14,6,0,0,1,0,facebook_ads,0
30,145126,623170,346,0.89,16,124,9,8,6,0,0,0,0,facebook_ads,0
41,38646,209249,762,0.9,5,438,1,10,21,0,0,1,1,organic_search,0
48,143777,426688,707,0.62,1,855,7,2,5,0,0,1,1,facebook_ads,1
31,97360,535983,493,0.64,19,197,3,10,3,0,0,0,0,google_ads,0
54,57335,119037,726,0.93,10,116,0,11,12,0,0,0,0,google_ads,0
28,89351,440484,616,0.71,21,32,7,7,15,0,0,0,1,organic_search,0
42,134934,773502,778,0.92,13,401,6,11,3,0,0,1,0,organic_search,1
28,22429,103819,720,0.78,23,557,2,5,16,0,0,1,0,organic_search,0
35,61950,232691,568,0.76,24,671,2,14,18,1,0,0,0,google_ads,1
37,80654,175787,780,0.42,23,52,6,7,9,0,0,1,0,google_ads,0
43,127422,723814,562,0.57,23,127,1,3,8,1,0,0,0,organic_search,1
44,129934,504297,725,0.7,11,699,4,4,11,0,1,0,0,organic_search,1
39,139975,296185,465,0.75,15,780,6,7,3,0,1,0,0,google_ads,1
25,88143,419497,727,0.78,2,551,5,2,5,1,1,0,0,facebook_ads,1
52,111186,436666,696,0.83,6,350,9,2,10,0,0,0,1,google_ads,0
21,124234,310259,515,0.79,21,563,6,1,5,0,1,0,1,facebook_ads,1
43,117889,336819,406,0.91,11,849,1,1,8,0,0,1,1,organic_search,0
57,122326,276207,397,0.58,15,396,6,12,6,1,0,0,0,google_ads,1
28,97527,419090,781,0.78,9,213,1,1,23,0,0,0,0,organic_search,0
33,106704,478900,798,0.43,12,446,6,6,21,0,0,1,0,organic_search,0
28,51099,205569,529,0.69,4,758,7,13,16,0,0,0,0,organic_search,0
43,59385,312864,556,0.56,23,243,9,5,12,1,0,0,1,referral,1
21,55919,304425,342,0.63,24,877,7,10,17,0,0,0,0,referral,0
44,116952,521898,541,0.61,14,699,4,8,8,0,0,0,0,google_ads,0
55,80782,165685,394,0.44,22,239,6,5,4,0,0,1,1,referral,0
44,91116,435618,487,0.68,3,162,7,1,21,1,0,0,0,google_ads,0
37,92590,339990,684,1.0,21,82,3,12,17,0,0,1,0,facebook_ads,0
25,109626,467251,699,0.58,17,770,1,8,3,0,0,0,0,google_ads,0
40,60387,277558,805,0.84,13,724,6,6,18,0,1,0,0,referral,1
41,35823,121832,466,0.73,8,52,0,8,16,0,0,1,0,referral,0
51,66015,374199,424,0.6,12,135,1,13,28,1,0,0,0,facebook_ads,0
56,122877,311603,386,0.45,12,632,9,2,2,1,0,0,0,facebook_ads,0
31,35339,165600,788,0.53,12,660,6,10,13,0,0,1,0,google_ads,0
35,149949,302512,525,0.87,2,489,9,8,1,0,1,0,0,google_ads,1
39,23491,133865,644,0.57,10,679,0,6,22,1,0,0,1,organic_search,0
27,20706,50730,817,0.49,23,511,6,1,24,0,0,1,0,organic_search,0
48,117493,279578,330,0.6,9,149,4,13,3,0,0,0,0,google_ads,0
25,35728,119046,595,0.75,1,702,2,1,1,0,1,0,0,facebook_ads,0
25,26997,94334,713,0.82,4,237,1,10,26,0,0,0,0,google_ads,0
50,123537,352969,434,0.63,23,890,6,12,2,0,0,0,1,organic_search,1
52,80408,349009,824,0.7,14,347,8,5,19,0,0,0,0,facebook_ads,0
28,78097,294555,303,0.67,16,367,8,7,22,1,0,1,0,organic_search,1
30,149526,319492,477,0.41,18,184,9,4,3,1,0,0,0,google_ads,1
58,58523,191873,558,0.64,2,804,9,14,25,0,0,1,0,google_ads,0
52,141648,742480,364,0.75,6,897,7,13,28,1,0,1,0,referral,1
48,45163,214921,662,0.74,3,184,1,10,1,1,0,0,0,google_ads,0
37,37718,184798,316,0.85,20,871,0,5,23,0,0,0,0,referral,0
51,107508,515228,499,0.8,19,423,7,10,26,0,0,0,0,referral,0
28,103767,336608,843,0.57,13,534,1,3,24,0,0,1,0,referral,0
45,59619,143005,511,0.55,17,342,3,2,9,0,0,0,1,referral,0
29,32126,99265,734,0.68,14,827,3,2,8,0,0,0,0,organic_search,0
22,109131,581356,572,0.84,22,288,1,14,5,0,0,1,0,google_ads,1
35,84926,502921,589,0.46,11,186,3,5,1,0,0,1,0,google_ads,0
23,60633,241039,782,0.97,16,43,6,4,15,0,0,1,0,google_ads,0
56,97654,199097,533,0.73,11,106,5,2,17,0,0,0,0,referral,0
24,23317,59695,707,0.58,18,368,9,5,15,1,0,0,0,organic_search,0
34,64980,213675,445,0.82,2,438,5,10,8,0,0,1,1,organic_search,0
45,64115,276613,729,0.43,23,423,3,9,23,0,1,0,1,referral,1
30,81646,187816,731,0.69,21,876,1,8,21,1,0,0,0,referral,1
41,63158,364638,844,0.69,8,249,4,9,26,0,0,1,0,google_ads,0
56,75963,262857,796,0.5,14,773,2,9,3,1,0,0,0,organic_search,1
32,67631,382137,388,0.9,2,462,2,8,9,0,0,0,0,facebook_ads,0
47,69316,355042,710,0.88,13,835,3,9,20,0,0,0,0,facebook_ads,0
22,125364,629546,540,0.49,10,484,4,4,14,1,1,0,0,facebook_ads,1
33,79342,351237,522,0.62,8,683,1,8,6,0,0,0,1,facebook_ads,0
52,35504,160021,767,0.46,7,792,5,14,27,1,0,1,0,referral,1
51,88593,403276,621,0.91,13,837,5,2,20,0,0,0,0,google_ads,0
36,46660,210664,674,0.59,24,169,7,9,25,0,0,0,0,facebook_ads,0
52,57196,241076,411,0.66,19,527,1,13,4,0,0,0,1,google_ads,0
52,85938,510957,826,0.59,24,683,7,9,24,1,0,0,0,google_ads,1
54,28605,140998,711,0.59,15,670,7,11,27,1,0,1,0,organic_search,1
31,77388,395281,568,0.85,22,865,3,3,12,0,1,0,0,facebook_ads,1
30,101297,556105,551,0.85,2,846,6,6,28,0,0,1,1,google_ads,0
35,75501,216126,673,0.71,22,559,6,12,3,1,0,0,1,organic_search,1
37,73309,171192,749,0.79,5,784,0,7,24,0,0,0,0,referral,0
38,47043,184953,836,0.71,19,705,0,3,27,1,0,0,0,google_ads,0
29,53635,217560,667,0.42,1,861,7,5,3,0,0,0,0,google_ads,0
45,99315,528030,554,0.44,7,125,0,1,27,0,0,0,1,organic_search,0
34,100691,380122,762,0.63,18,57,2,11,21,0,1,0,0,google_ads,0
45,126514,541911,567,0.85,1,259,5,3,17,1,0,0,0,referral,0
42,53132,218281,425,0.95,1,445,7,12,6,1,1,0,0,referral,1
50,109387,235489,692,0.42,7,485,4,8,15,1,0,0,1,organic_search,1
40,35366,157762,633,0.62,17,54,4,3,11,0,0,1,0,facebook_ads,0
41,113944,605290,667,0.53,6,716,3,8,18,1,1,0,0,google_ads,1
52,92107,242241,755,0.89,20,433,3,9,28,1,0,0,0,google_ads,1
41,82580,361479,366,0.91,12,702,6,6,3,0,1,0,0,facebook_ads,0
55,135267,591717,365,0.52,20,571,5,7,27,1,0,0,0,referral,1
52,142362,378218,699,0.83,15,194,7,6,17,0,0,0,0,google_ads,0
50,77889,194243,586,0.84,13,237,5,8,11,0,0,0,0,organic_search,0
59,99553,589374,485,0.51,12,643,9,14,6,0,1,1,0,organic_search,1
32,59236,211761,583,0.66,21,402,6,7,5,0,1,1,1,organic_search,1
38,24150,70268,815,0.77,2,647,9,10,10,0,1,1,0,google_ads,0
41,131369,352764,536,0.42,21,871,9,1,2,0,0,0,1,facebook_ads,1
33,39423,184121,317,0.64,18,98,4,3,15,0,0,0,1,google_ads,0
41,24137,107114,713,0.49,4,549,5,3,11,1,1,0,0,facebook_ads,0
28,49992,228673,308,0.73,10,664,0,3,24,0,0,0,0,facebook_ads,0
27,130540,307033,719,0.91,11,382,2,4,25,0,1,0,0,google_ads,0
43,114438,637893,328,0.71,21,130,7,13,14,0,0,1,0,referral,0
52,135140,480701,647,0.42,6,30,2,1,14,0,0,1,0,facebook_ads,0
31,64921,211219,749,0.42,6,380,0,14,3,0,0,1,0,google_ads,0
42,141225,543637,679,0.76,9,36,2,11,28,0,0,1,0,referral,0
42,99369,353779,665,0.6,20,347,3,2,22,0,0,1,0,referral,0
45,86917,474072,526,0.74,13,652,7,12,22,0,0,0,0,google_ads,0
42,93690,535629,417,0.5,5,884,8,5,16,0,1,1,0,google_ads,1
48,54235,174301,711,0.87,6,538,3,11,14,0,0,0,0,referral,0
49,98975,539982,655,0.92,4,215,6,6,10,0,0,0,0,google_ads,0
33,39122,200542,553,0.93,6,757,0,9,22,1,1,0,0,referral,0
38,43956,251570,842,0.58,18,491,8,2,8,0,1,0,0,referral,0
22,83879,250211,743,0.8,13,372,3,14,12,1,0,0,0,referral,1
49,78560,338423,380,0.57,23,664,8,12,5,0,0,0,0,organic_search,0
41,141435,438190,345,0.86,3,742,2,9,26,1,0,0,0,google_ads,1
35,102800,544467,348,0.47,10,37,4,7,26,1,1,0,0,organic_search,0
47,130310,263395,748,0.86,4,605,0,9,13,0,0,0,1,google_ads,0
51,88685,377733,706,0.66,15,165,2,4,24,0,0,0,0,facebook_ads,0
35,44660,149915,582,0.91,12,412,4,7,12,0,1,0,0,organic_search,0
43,148029,487124,772,0.84,15,215,5,1,3,0,1,0,0,google_ads,1
44,126196,577930,715,0.63,21,668,7,8,23,0,0,1,0,google_ads,1
33,106064,573375,420,0.94,10,401,0,7,17,1,0,1,0,referral,1
42,134440,596480,302,0.57,12,590,2,7,20,1,0,0,0,facebook_ads,0
57,21168,114575,615,0.98,22,195,0,2,5,0,0,0,1,facebook_ads,0
53,65124,199174,759,0.86,8,668,4,10,23,0,0,1,0,google_ads,0
23,55897,227948,526,0.99,21,843,7,9,6,0,0,1,0,facebook_ads,1
39,35032,133196,378,0.43,21,350,3,11,13,0,0,0,0,facebook_ads,0
43,72797,148984,843,0.56,3,718,8,8,6,1,1,0,0,organic_search,1
49,55294,233741,370,0.84,7,744,5,1,13,0,1,0,0,facebook_ads,0
50,63827,296546,496,0.95,18,186,5,11,15,1,1,1,0,facebook_ads,1
59,23516,102709,357,0.42,3,887,4,1,2,0,0,0,0,referral,0
45,39751,196573,723,0.4,15,760,9,14,11,0,0,0,0,referral,0
57,50373,215866,768,0.55,2,314,4,5,16,0,0,0,0,organic_search,0
28,142026,321973,347,0.91,15,830,6,2,18,0,0,0,0,google_ads,0
36,50270,123954,734,0.86,13,57,7,1,2,1,0,1,0,referral,0
28,30386,133269,484,0.6,24,380,6,10,10,0,1,1,1,organic_search,1
21,121859,377752,464,0.4,20,112,0,12,13,0,0,1,0,facebook_ads,0
25,84817,196655,630,0.73,10,653,0,13,28,0,0,0,0,organic_search,0
23,85184,316749,629,0.54,24,695,9,11,8,0,0,0,1,referral,1
21,134316,566449,420,0.85,24,399,5,8,7,0,1,1,1,facebook_ads,1
24,99693,330480,512,0.67,24,570,2,12,16,1,0,0,0,organic_search,1
55,57879,282549,806,0.81,24,424,8,13,17,0,0,0,0,referral,1
52,125056,572141,467,0.91,8,509,6,4,9,0,0,0,0,organic_search,0
54,69597,231846,845,0.72,16,242,1,2,27,1,0,1,0,google_ads,0
45,59132,296812,726,0.6,16,643,2,14,27,0,0,0,0,facebook_ads,0
30,23626,108556,520,0.86,2,389,7,5,8,0,0,1,0,organic_search,0
41,105936,481985,309,0.56,9,243,0,12,29,0,0,0,0,organic_search,0
59,122179,514826,419,0.93,8,333,4,11,25,0,1,0,0,facebook_ads,0
47,123801,253242,546,0.44,11,184,9,13,20,0,0,1,0,referral,0
47,101515,485853,659,0.9,1,409,0,13,5,1,0,1,0,organic_search,1
22,97065,340131,520,0.45,21,229,8,12,27,0,0,0,0,referral,0
33,75390,435033,805,0.43,11,709,6,6,5,1,0,1,0,google_ads,1
29,36645,193190,357,0.62,18,267,4,8,27,0,0,0,0,facebook_ads,0
56,111960,487113,759,0.97,21,700,5,7,25,1,0,0,1,referral,1
42,74144,223079,427,0.99,15,734,2,7,24,1,0,0,1,referral,1
46,33382,93965,385,0.52,24,196,2,1,13,0,0,1,0,referral,0
32,24025,80760,403,0.49,9,255,6,3,16,0,1,0,0,google_ads,0
37,63226,246977,442,0.61,9,280,6,3,26,1,1,0,0,facebook_ads,0
34,99380,316451,504,0.6,1,309,6,7,22,0,1,0,1,referral,0
34,142971,580421,337,0.86,7,505,1,12,27,0,0,1,1,referral,0
54,138910,369706,662,0.67,12,527,1,14,26,0,1,0,0,google_ads,1
40,89711,530268,608,0.87,24,762,4,2,11,1,0,1,0,facebook_ads,1
31,116055,282210,351,0.85,10,564,3,10,15,0,0,1,0,organic_search,0
36,146189,837337,300,0.75,19,730,6,7,26,0,1,0,0,facebook_ads,1
51,94710,535519,310,0.9,16,440,2,9,17,1,1,1,0,organic_search,1
26,23443,96150,513,0.52,6,813,4,1,15,0,0,0,1,google_ads,0
39,41395,202820,817,0.5,11,458,1,12,23,0,1,1,0,organic_search,0
57,30725,115040,714,0.85,19,568,0,14,25,0,1,1,1,google_ads,1
24,53461,241651,307,0.55,19,472,8,2,12,1,0,0,0,organic_search,0
24,147000,494258,304,0.4,18,239,3,11,4,0,0,0,0,google_ads,0
40,61115,195851,661,0.95,15,576,7,6,4,1,0,1,0,facebook_ads,1
30,130084,561041,411,0.77,16,739,6,2,21,1,0,1,0,facebook_ads,1
44,116887,466673,572,0.67,14,520,0,14,16,0,1,1,1,organic_search,1
55,103732,447929,721,0.84,8,500,9,12,15,0,1,0,0,facebook_ads,1
46,132145,415813,564,0.6,8,715,6,2,8,1,0,0,0,organic_search,1
57,99790,346054,757,0.97,2,759,1,5,27,0,0,0,0,google_ads,0
58,99557,232524,511,0.44,6,597,2,7,21,0,0,0,1,referral,0
41,131672,290877,377,0.78,13,693,0,4,20,0,1,1,0,google_ads,1
59,91260,275041,520,0.87,13,492,6,13,8,1,1,0,0,referral,1
41,48690,111840,668,0.68,21,579,2,6,11,0,0,1,1,facebook_ads,0
30,21407,51700,646,0.85,12,506,5,12,21,0,0,0,1,facebook_ads,0
58,93568,491392,324,0.96,2,227,6,3,24,0,0,1,0,organic_search,0
24,78560,169335,719,0.85,21,550,2,4,17,0,0,0,1,organic_search,0
40,67340,312172,653,0.59,20,528,1,4,3,0,0,0,0,referral,0
37,37794,116792,716,0.74,12,540,8,4,7,0,0,0,1,google_ads,0
27,39881,218794,814,0.95,17,719,8,12,12,0,0,0,0,referral,1
24,106292,418787,514,0.67,6,354,6,1,1,0,0,1,0,referral,0
49,125698,405037,411,0.81,7,717,4,13,11,0,1,1,0,google_ads,1
34,114952,467918,727,0.68,6,496,3,4,5,0,1,0,1,organic_search,1
23,69703,245900,515,0.47,21,802,3,4,6,1,0,0,0,facebook_ads,0
44,64354,273968,712,0.44,4,625,0,6,14,0,0,0,0,facebook_ads,0
57,111288,273560,679,0.97,21,168,3,9,28,0,0,1,1,organic_search,1
36,98462,589586,531,0.77,9,271,6,10,29,0,0,1,0,referral,0
24,139020,514683,557,0.46,5,345,4,6,17,1,0,0,0,organic_search,0
44,119301,404779,555,0.91,10,696,8,6,23,1,0,1,0,referral,1
54,138764,671734,702,0.71,15,762,3,7,25,0,0,0,0,facebook_ads,1
50,34390,118838,723,0.86,8,164,2,7,25,1,0,1,1,referral,0
38,124403,663453,364,0.48,23,217,5,1,3,0,0,0,0,facebook_ads,0
39,107475,410240,489,0.94,4,719,3,8,4,0,0,1,0,facebook_ads,0
51,47307,230774,472,0.75,5,608,1,1,1,0,0,0,0,referral,0
39,116364,282742,526,0.84,7,98,4,9,29,0,0,0,0,facebook_ads,0
39,114049,614094,687,0.42,6,468,3,14,4,0,0,0,0,organic_search,0
42,138740,685774,700,0.59,13,106,4,14,14,1,1,1,1,referral,1
44,139991,398535,512,0.56,19,429,8,4,21,0,1,1,0,google_ads,1
32,44502,114866,352,0.97,10,403,3,9,7,0,0,0,0,facebook_ads,0
50,115599,377450,438,0.51,15,41,5,8,21,0,0,1,1,referral,0
58,42486,250849,717,0.82,3,516,3,9,24,0,0,1,0,referral,0
51,131813,399040,442,0.43,18,824,0,14,7,1,0,0,1,referral,1
56,58258,222808,808,0.52,14,787,1,6,1,0,0,0,0,google_ads,0
39,77716,164764,785,0.6,3,778,5,9,28,0,0,0,0,google_ads,0
56,117228,420720,736,0.88,11,793,7,4,2,1,1,0,0,facebook_ads,1
50,123920,531031,842,0.87,10,446,8,3,23,1,0,0,0,organic_search,1
53,101494,589933,592,0.97,17,236,3,3,3,1,0,1,0,google_ads,1
38,120552,490278,583,0.95,13,370,5,8,18,0,0,0,1,google_ads,0
48,102768,542248,313,0.45,2,649,2,2,11,1,1,0,1,referral,0
31,30748,128788,571,0.9,13,750,8,12,12,0,0,1,1,referral,1
53,82785,179075,324,0.67,19,340,7,6,14,0,0,1,0,organic_search,0
37,96050,313126,621,0.92,5,337,0,9,9,1,0,0,0,facebook_ads,0
26,42738,183867,402,0.45,16,322,1,9,28,0,0,0,0,referral,0
24,94231,546763,339,0.89,10,654,9,8,10,0,1,0,0,facebook_ads,0
40,93606,508891,534,0.5,12,405,8,8,13,1,0,0,0,organic_search,1
47,113301,330093,388,0.6,20,556,9,1,24,0,0,1,1,organic_search,1
35,61662,177613,399,0.42,13,369,2,11,24,0,0,1,0,google_ads,0
26,138313,387925,443,0.47,21,112,2,7,3,0,0,0,0,facebook_ads,0
34,116297,661729,381,0.67,16,606,9,14,27,1,0,0,0,referral,1
31,102234,553153,528,0.89,22,481,8,1,26,0,0,1,0,referral,1
59,35123,179110,694,0.86,21,32,2,9,9,0,0,1,1,facebook_ads,0
29,120680,430941,812,0.54,1,485,9,3,24,0,0,1,1,referral,0
46,45616,183263,496,0.49,22,265,4,1,28,0,0,1,0,referral,0
36,122682,473224,573,0.63,9,418,5,8,2,1,1,0,1,referral,1
25,31182,93969,671,0.93,16,422,2,7,23,0,1,0,0,referral,0
30,110369,443695,379,0.45,19,670,9,2,8,0,1,0,1,organic_search,1
23,118878,252257,534,0.73,15,788,7,14,28,1,0,0,0,organic_search,1
33,82013,207266,586,0.45,18,776,1,7,7,0,1,0,1,referral,1
50,51331,284700,844,0.68,22,59,5,5,9,1,0,0,0,facebook_ads,0
26,66098,330934,736,0.48,12,612,1,7,13,0,0,0,0,referral,0
37,46128,170280,426,0.45,14,177,8,10,7,0,0,1,0,facebook_ads,0
39,51556,209760,716,0.51,3,634,5,12,28,0,0,0,0,facebook_ads,0
55,147398,512944,340,0.55,4,312,8,7,7,0,1,1,0,google_ads,1
46,107505,533560,768,0.57,6,758,3,2,1,1,0,0,0,google_ads,0
25,41876,215106,596,0.79,16,267,2,2,2,1,0,1,0,google_ads,0
49,28949,146283,341,0.43,13,768,1,7,21,0,0,0,1,facebook_ads,0
57,71962,351926,578,0.45,12,760,7,3,29,1,0,0,0,facebook_ads,0
40,110054,310134,758,0.51,22,348,3,4,29,0,0,0,0,facebook_ads,0
41,143984,482617,332,0.92,12,366,1,14,27,0,0,0,1,facebook_ads,0
30,91206,353822,575,0.78,2,60,8,7,17,1,0,0,0,facebook_ads,0
25,44099,146548,389,0.84,13,655,7,14,28,0,1,1,0,organic_search,1
56,124871,626822,823,0.62,3,643,4,2,10,0,0,0,0,referral,0
26,32716,108532,459,0.53,13,634,7,13,15,0,0,1,0,google_ads,0
46,72611,185370,757,0.42,2,236,4,2,16,0,1,1,0,facebook_ads,0
24,58885,211759,698,0.69,19,258,6,9,23,0,0,1,0,organic_search,0
59,73144,432987,390,0.74,9,612,4,11,21,1,1,1,0,google_ads,1
59,85220,247438,765,0.94,20,371,4,1,13,1,1,0,0,referral,1
55,27837,123836,519,0.93,1,489,3,12,21,0,1,0,1,organic_search,0
21,69355,258825,718,0.65,13,165,4,12,8,0,1,0,0,facebook_ads,0
44,67299,153717,678,0.65,2,313,6,3,9,0,0,0,0,organic_search,0
56,39159,154737,746,0.5,15,879,2,10,26,0,0,1,1,organic_search,0
26,145212,698274,445,0.55,19,380,3,4,1,0,0,1,1,referral,1
51,136680,553947,532,0.96,16,46,7,5,26,1,0,0,0,organic_search,1
40,136931,751535,670,0.48,11,244,5,3,4,0,0,0,0,google_ads,0
44,126802,400155,533,0.98,15,424,7,9,27,0,0,0,0,organic_search,1
45,136375,319798,666,0.7,6,428,1,5,18,0,0,0,0,google_ads,0
56,122413,703417,780,0.67,14,443,8,7,25,1,0,0,0,facebook_ads,1
41,71012,249449,662,0.5,6,273,6,14,25,1,0,0,0,facebook_ads,0
50,79305,341457,810,0.8,19,124,4,11,1,0,0,0,0,google_ads,0
44,107096,553473,394,0.68,5,662,6,13,3,0,0,1,0,facebook_ads,0
50,37106,122347,515,0.62,11,35,1,7,10,1,1,0,0,referral,0
42,78123,380041,842,0.56,4,809,3,11,24,0,0,0,0,referral,0
48,131825,335056,434,0.44,9,116,6,9,2,1,1,1,0,referral,1
27,28720,90903,382,0.71,9,218,1,2,18,0,0,1,0,referral,0
55,57661,148698,690,0.59,17,644,7,3,2,1,0,1,0,google_ads,1
48,135031,708227,346,0.82,8,645,9,4,13,0,0,1,0,referral,1
34,113898,329233,691,0.83,15,449,9,8,21,1,0,0,1,google_ads,1
30,113794,554132,684,0.6,9,832,4,1,9,1,1,0,0,organic_search,1
36,107318,619567,680,0.8,5,96,4,9,23,0,0,0,0,google_ads,0
36,126704,520891,376,0.56,4,647,7,5,29,0,0,1,0,facebook_ads,0
51,41120,171064,558,0.84,20,277,0,4,23,0,1,0,1,referral,0
45,39790,152958,698,0.41,18,889,5,13,2,1,0,0,0,google_ads,1
33,78655,259841,399,0.49,9,236,1,8,2,0,0,1,0,google_ads,0
26,79643,310816,800,0.55,21,234,0,14,5,0,0,0,0,google_ads,0
29,113448,500445,682,0.86,3,348,6,9,28,0,0,0,0,organic_search,0
56,67374,400468,491,0.44,22,112,3,3,14,0,0,0,0,google_ads,0
40,62907,361781,644,0.51,9,453,0,14,23,0,0,0,0,referral,0
38,70071,381789,309,0.62,9,111,9,4,23,0,0,0,0,facebook_ads,0
41,140507,780730,563,0.41,21,828,5,1,25,1,0,0,0,organic_search,1
24,54812,212198,567,0.86,24,578,9,12,3,0,0,1,0,facebook_ads,1
53,69570,322093,494,0.74,4,754,5,14,14,0,0,0,0,organic_search,0
47,70901,395646,706,0.94,21,516,2,3,1,0,0,0,0,organic_search,0
27,80186,286408,595,0.42,7,162,5,10,9,0,0,0,0,referral,0
26,142066,830666,396,0.56,7,144,9,5,16,0,0,0,0,facebook_ads,0
35,148364,543478,761,0.84,23,406,8,13,17,0,1,0,0,facebook_ads,1
38,70251,309408,386,0.81,8,240,5,8,8,0,0,0,1,organic_search,0
52,85171,412161,376,0.55,21,161,0,14,15,0,0,1,0,referral,0
31,56160,325860,782,0.76,1,403,9,1,21,0,0,0,0,referral,0
40,39156,116624,445,0.88,9,183,5,1,8,0,0,1,0,organic_search,0
44,96208,479551,410,0.42,23,452,7,3,7,0,1,1,0,facebook_ads,1
35,99980,408244,596,0.83,12,835,6,9,9,1,1,1,1,organic_search,1
27,92320,283812,725,0.55,6,395,7,9,2,0,0,1,0,organic_search,0
41,37929,193681,633,0.97,13,723,7,1,25,0,1,1,0,organic_search,1
46,86606,364515,822,0.72,5,176,8,4,10,0,0,1,0,referral,0
34,108442,503593,837,0.42,21,763,2,12,5,0,1,0,0,organic_search,1
57,120154,395499,461,0.64,19,823,6,8,16,0,0,1,1,organic_search,1
41,82559,324051,729,0.98,1,156,5,2,21,0,0,1,0,google_ads,0
38,74205,331653,368,0.84,22,337,1,4,1,0,1,0,1,referral,0
25,130694,473065,432,0.58,24,744,4,7,6,0,0,0,0,referral,1
23,88475,247154,488,0.75,18,147,2,7,10,1,0,0,1,google_ads,0
43,84341,493104,578,0.76,8,602,4,5,10,0,0,0,0,organic_search,0
46,115377,466800,729,0.41,24,260,8,7,26,1,1,0,1,referral,1
57,62863,310271,841,0.51,8,480,7,6,26,0,1,0,0,google_ads,0
44,101837,371113,460,0.73,15,529,8,2,19,0,0,0,0,organic_search,0
39,85439,292246,752,0.64,19,691,8,9,13,1,0,1,0,referral,1
45,27194,98677,469,0.51,10,174,7,5,26,0,0,0,0,referral,0
41,91387,332355,356,0.86,24,652,7,2,19,0,0,1,1,organic_search,1
32,141361,590425,539,0.69,16,708,5,6,3,0,0,1,0,organic_search,1
53,101914,425376,657,0.59,11,730,5,10,13,0,0,0,0,google_ads,0
24,86214,343874,500,0.5,12,78,5,5,4,1,0,0,0,organic_search,0
27,116176,294987,743,0.77,16,136,9,2,25,0,0,1,0,google_ads,0
42,119292,475295,601,0.8,16,122,5,13,29,1,0,0,0,organic_search,1
53,49777,133223,405,0.8,20,665,8,10,8,1,0,0,0,referral,1
37,145355,364047,400,0.53,3,858,9,10,12,0,1,1,0,google_ads,1
44,46183,264655,396,0.76,9,169,0,7,22,0,0,0,0,google_ads,0
54,47445,209697,328,0.94,8,343,9,10,24,0,0,0,0,facebook_ads,0
48,87038,403678,805,0.61,10,40,5,13,24,0,0,0,0,referral,0
59,136477,492296,737,0.53,13,477,7,2,17,0,0,1,1,organic_search,1
42,107201,604176,678,0.86,18,424,0,7,25,0,1,0,0,google_ads,0
37,36198,164763,372,0.51,13,534,5,14,1,1,0,0,0,facebook_ads,0
54,41411,210230,553,0.55,13,407,8,6,27,1,0,0,0,organic_search,0
26,70577,245202,815,0.46,15,390,5,12,2,0,1,0,0,referral,0
26,35867,209464,849,0.56,13,712,1,12,9,1,1,1,0,google_ads,1
54,82501,435757,319,0.65,16,577,0,4,23,1,0,1,1,facebook_ads,0
21,34266,185577,834,0.44,8,671,3,4,26,0,0,1,0,facebook_ads,0
30,59422,159772,720,0.92,19,884,5,12,1,0,0,0,0,facebook_ads,0
41,55208,170253,745,0.71,10,602,9,6,19,0,0,0,0,google_ads,0
25,128538,403931,435,0.75,12,875,9,9,17,0,0,1,1,referral,1
22,141544,436470,804,0.62,14,590,8,10,5,0,0,0,0,organic_search,1
42,51213,277658,600,0.8,6,425,4,6,15,0,0,1,0,organic_search,0
22,27367,58224,332,0.66,21,215,6,6,20,1,0,0,0,facebook_ads,0
30,144158,332197,577,0.86,24,250,5,11,24,0,0,0,0,organic_search,1
54,99026,306550,432,0.89,9,547,5,1,25,1,1,0,0,referral,1
36,55362,154985,826,0.8,7,329,8,5,12,1,1,1,1,facebook_ads,1
59,139377,408017,425,0.69,6,204,4,1,4,1,0,0,0,referral,0
42,71588,371668,644,0.87,22,820,1,11,15,0,0,1,0,referral,1
32,58285,247857,316,0.7,1,400,7,14,3,0,1,0,0,google_ads,0
44,146683,296751,677,0.47,21,895,2,9,14,1,0,1,1,google_ads,1
58,145085,539323,359,0.47,14,538,8,10,4,0,0,1,0,organic_search,1
30,94755,344106,766,0.97,24,233,4,4,19,1,0,0,0,facebook_ads,1
55,91846,225553,690,0.53,6,637,0,2,6,1,0,0,0,google_ads,0
52,56307,264900,486,0.89,12,311,3,9,17,0,0,0,0,organic_search,0
27,115167,553767,797,0.55,17,676,8,6,18,0,0,0,0,facebook_ads,1
41,100280,489724,660,0.66,5,445,0,14,8,0,1,0,1,referral,0
40,39867,195901,748,0.79,11,62,7,11,19,1,1,0,0,referral,1
46,76523,153062,480,0.5,5,111,7,13,20,0,0,0,1,google_ads,0
24,104161,605767,429,0.84,12,512,8,10,12,0,0,0,0,referral,0
42,26378,138664,448,0.81,3,177,8,3,17,0,0,0,0,organic_search,0
35,104685,587903,771,0.73,24,636,5,13,19,1,0,1,0,facebook_ads,1
41,127669,263326,799,0.74,9,524,4,12,1,0,1,0,0,facebook_ads,1
35,96958,556096,654,0.46,6,199,6,2,11,0,1,0,0,google_ads,0
42,47926,251091,510,0.66,22,752,8,6,10,0,1,0,0,organic_search,1
48,123215,659061,329,0.45,2,732,4,10,16,0,0,0,0,organic_search,0
34,118707,281709,323,0.58,2,36,2,6,5,1,1,0,0,facebook_ads,0
47,33180,164410,521,0.94,22,409,8,14,17,0,1,0,0,google_ads,1
48,112837,658930,700,0.74,12,855,9,12,28,0,1,0,1,google_ads,1
46,138070,650888,811,0.85,8,883,0,12,9,0,1,0,0,referral,1
22,56931,243792,387,0.74,2,463,0,9,23,1,1,0,0,organic_search,0
45,44014,254511,764,0.52,9,63,9,5,27,0,0,0,0,referral,0
23,134775,508337,349,0.76,16,592,3,11,8,0,1,0,0,referral,1
28,116472,512147,402,0.85,15,661,1,12,25,0,0,0,1,facebook_ads,0
53,99872,390035,667,0.48,14,167,6,9,10,0,0,0,0,organic_search,0
55,78502,449925,791,0.89,20,396,1,13,8,0,1,1,0,organic_search,1
26,107736,248260,567,0.73,4,135,6,5,3,0,0,1,0,facebook_ads,0
59,25470,101994,696,0.4,4,823,7,2,23,1,0,0,0,google_ads,0
43,116395,552621,619,0.71,11,61,7,1,23,0,0,1,0,referral,0
45,34953,180624,819,0.64,21,665,2,9,23,0,1,0,0,referral,0
39,124580,539689,748,0.58,24,711,8,10,12,1,1,0,0,referral,1
25,58507,329726,775,0.86,18,553,9,7,24,0,1,1,1,referral,1
31,138961,801522,539,0.94,5,197,9,3,4,0,1,0,0,organic_search,1
32,112969,255002,557,0.86,2,884,9,12,27,1,1,0,0,facebook_ads,1
30,111493,402431,689,0.91,15,107,5,6,22,1,0,1,0,google_ads,1
28,26523,55534,642,0.95,11,575,3,10,18,1,0,1,0,facebook_ads,0
44,106923,354734,686,0.95,24,238,7,4,23,0,0,1,1,facebook_ads,1
48,77190,320143,693,0.47,17,867,3,14,9,0,0,0,0,referral,0
56,67761,382387,569,0.67,16,440,3,9,21,1,1,1,0,referral,1
57,51169,275607,448,0.4,15,37,7,2,4,0,0,0,0,referral,0
41,65641,164758,679,0.7,23,766,3,14,2,1,1,1,0,facebook_ads,1
28,42990,101977,327,0.95,3,256,0,11,7,1,0,0,0,google_ads,0
29,49661,216376,448,0.52,20,204,5,12,18,1,0,0,1,google_ads,0
35,33419,137969,719,0.78,15,110,7,12,2,0,0,0,0,google_ads,0
38,34457,105628,579,0.79,24,823,2,4,25,1,1,0,0,organic_search,1
40,87600,490368,481,0.5,19,86,1,1,2,0,0,1,0,organic_search,0
26,123619,705798,465,0.54,13,164,5,7,10,0,0,0,0,referral,0
32,96102,346971,316,0.68,16,267,0,14,3,1,1,1,0,google_ads,1
22,53085,295216,449,0.51,23,501,4,4,19,0,0,1,0,organic_search,0
27,117064,413914,638,0.75,12,246,5,5,2,0,0,1,1,facebook_ads,0
36,70654,349544,344,0.69,17,768,7,12,26,0,0,0,0,facebook_ads,0
23,26130,102005,801,0.71,16,55,6,1,3,0,0,0,1,referral,0
23,125723,313092,488,0.48,9,216,5,2,9,0,1,1,0,facebook_ads,0
47,22042,125898,360,0.71,6,659,1,12,11,0,0,1,0,organic_search,0
58,90134,343986,593,0.43,19,738,7,4,11,0,1,0,0,google_ads,1
53,62982,311001,332,0.93,23,145,7,2,27,0,0,1,0,organic_search,0
48,118422,410769,598,0.61,13,844,4,14,3,0,1,0,0,organic_search,1
21,85185,176803,714,0.91,21,643,2,14,5,0,0,0,0,referral,1
28,53477,128458,848,0.82,24,192,7,13,12,0,0,0,0,google_ads,0
57,134161,534615,730,0.86,8,443,4,1,15,0,0,0,0,facebook_ads,0
52,72709,346084,794,0.59,12,207,2,10,23,1,0,0,0,google_ads,0
57,48716,162659,399,0.54,9,309,8,1,17,0,1,0,0,facebook_ads,0
24,98137,469286,322,0.64,22,827,8,6,16,1,0,0,0,referral,1
50,56018,268580,719,0.41,4,241,6,2,17,0,0,0,0,google_ads,0
26,28061,135134,723,0.95,13,83,7,3,15,0,0,0,0,organic_search,0
39,28609,113580,786,0.63,2,96,4,5,26,0,1,1,0,google_ads,0
52,55371,313374,388,0.99,3,573,4,3,13,0,1,1,1,referral,0
29,130350,515767,508,0.86,5,792,4,6,2,1,0,1,1,google_ads,1
32,103021,391589,570,0.45,24,549,1,7,17,1,0,0,1,facebook_ads,1
31,40805,114152,705,0.8,18,528,2,10,1,1,0,0,0,google_ads,0
36,27857,89995,577,0.56,21,460,7,6,10,0,0,1,0,google_ads,0
21,31620,68594,505,0.55,14,756,5,2,4,0,1,1,0,referral,0
41,28177,127758,627,0.55,2,75,8,9,10,1,0,1,0,google_ads,0
50,50111,150039,635,0.95,15,621,6,2,12,0,0,0,0,google_ads,0
33,140770,452803,337,0.7,8,64,5,6,28,1,0,0,0,organic_search,0
54,108578,551929,527,0.8,16,218,3,9,3,0,0,0,0,google_ads,0
24,104181,344722,782,0.57,3,118,6,9,1,0,1,0,0,google_ads,0
48,109941,326391,433,0.71,24,364,3,2,19,1,1,1,0,referral,1
58,147049,393537,689,0.61,20,165,6,9,1,1,0,0,0,facebook_ads,1
51,31826,162294,724,0.59,20,575,4,8,19,1,1,0,0,google_ads,1
47,33890,85362,809,0.55,23,822,1,14,4,0,1,0,0,organic_search,1
25,102428,390764,726,0.65,5,142,6,7,27,1,0,0,0,referral,0
45,137067,552067,773,0.8,4,201,7,13,13,0,0,0,1,facebook_ads,0
23,146044,693644,660,0.53,23,368,9,11,27,0,0,1,0,referral,1
53,78031,353724,510,0.98,12,584,1,8,14,0,0,0,1,facebook_ads,0
24,139440,731067,478,0.47,19,554,5,10,14,1,0,0,0,google_ads,1
45,132134,287920,357,0.69,15,203,3,8,24,0,0,0,0,facebook_ads,0
40,95020,302711,372,0.45,13,666,4,1,3,0,0,0,1,facebook_ads,0
54,25495,79558,514,0.41,5,361,0,9,19,0,0,1,0,google_ads,0
46,48481,125278,372,0.95,12,236,5,6,29,0,0,0,0,organic_search,0
25,31267,98700,766,0.89,19,372,7,1,25,0,0,0,1,organic_search,0
55,137897,446656,570,0.82,2,133,1,1,11,0,0,1,0,google_ads,0
48,125702,513811,798,0.92,7,671,0,13,9,1,0,0,0,referral,1
49,26743,124483,653,0.88,23,69,8,7,6,0,0,0,0,referral,0
29,74800,263625,533,0.79,5,52,1,10,26,1,0,1,1,facebook_ads,0
58,123475,602296,618,0.91,20,281,7,2,4,0,0,1,1,referral,1
26,68773,230022,318,0.63,11,866,4,6,26,0,1,1,0,referral,0
39,77042,243540,671,0.73,18,319,1,13,5,0,0,0,0,google_ads,0
31,69476,289350,483,0.87,18,231,4,5,29,0,0,1,0,google_ads,0
22,147967,309970,576,0.45,7,184,8,5,9,0,1,0,0,facebook_ads,0
29,112105,259989,444,0.92,10,596,5,10,1,0,0,0,1,referral,0
41,48552,178277,380,0.49,23,135,2,12,23,0,0,1,1,facebook_ads,0
44,85242,491987,621,0.92,20,289,7,6,15,1,0,0,0,google_ads,1
54,65772,321365,734,0.59,14,229,0,14,11,1,0,1,0,referral,0
42,63730,149925,342,0.6,20,867,8,11,23,1,0,0,0,facebook_ads,1
23,48948,263598,612,0.44,20,246,8,8,26,0,0,0,0,facebook_ads,0
32,96311,474736,592,0.93,11,440,3,5,1,0,0,0,1,organic_search,0
48,89093,395910,368,0.5,2,588,7,8,17,0,0,1,0,organic_search,0
50,89123,470673,355,0.78,13,146,2,5,15,0,1,0,1,referral,0
46,36535,132126,503,0.79,13,453,5,10,14,1,1,1,0,referral,1
41,86490,249610,719,0.57,9,241,9,6,9,0,1,0,1,google_ads,0
48,66562,269449,849,0.99,17,184,9,8,23,0,0,1,0,google_ads,0
46,139042,583332,542,0.44,15,292,7,2,4,0,0,1,0,google_ads,0
53,145251,603271,500,0.76,24,536,8,7,9,1,1,0,1,organic_search,1
41,109080,464712,773,0.69,22,180,7,3,28,1,0,0,0,facebook_ads,1
55,147844,856729,826,0.55,23,241,8,9,5,0,0,0,1,google_ads,1
54,78535,440501,376,0.5,21,221,3,10,3,0,0,1,0,organic_search,0
38,118991,654791,777,0.84,22,784,9,7,18,0,0,1,0,google_ads,1
31,61269,318946,739,0.95,22,127,0,3,9,0,0,1,0,organic_search,0
43,100674,581262,562,0.46,16,570,6,8,4,0,0,0,0,organic_search,0
42,62462,149532,484,0.52,10,730,9,10,7,0,0,1,0,referral,0
37,23127,70780,354,0.99,20,201,3,2,1,0,0,0,0,facebook_ads,0
25,43147,171734,607,0.41,12,400,0,10,16,0,1,0,1,organic_search,0
31,65528,352942,815,0.7,5,738,2,12,25,1,0,1,0,facebook_ads,1
50,97095,390386,598,0.71,20,184,6,8,28,0,0,0,1,google_ads,0
35,133100,664453,529,0.56,17,169,2,7,25,1,0,0,1,referral,1
47,88931,227293,676,0.8,10,834,0,12,26,1,0,0,0,referral,1
55,110925,333846,585,0.97,6,831,6,5,6,1,0,0,0,facebook_ads,1
53,86381,425608,437,0.67,21,285,7,4,6,1,0,0,0,referral,0
40,119468,317657,777,0.85,20,705,4,11,14,0,0,0,0,referral,1
36,131258,446989,306,0.79,6,675,5,10,22,0,0,0,0,google_ads,0
54,83749,256227,718,0.68,12,893,2,12,5,0,0,1,0,google_ads,1
22,58672,199452,771,0.43,21,445,4,14,11,0,1,0,0,referral,1
55,33731,163031,719,0.85,19,358,2,10,1,0,0,1,0,referral,0
48,144647,502125,575,0.62,2,407,1,1,20,0,0,0,0,facebook_ads,0
59,74512,314519,389,0.53,13,295,6,13,10,0,0,0,0,google_ads,0
26,118658,284746,581,0.97,22,570,9,4,1,0,0,0,0,referral,1
29,71024,370750,847,0.86,20,168,6,6,21,1,1,0,1,referral,1
40,136712,475696,470,0.98,11,889,7,6,29,1,1,0,0,google_ads,1
21,121121,556446,654,0.55,15,853,0,2,4,0,0,1,0,google_ads,0
28,23832,116813,503,0.9,13,626,1,9,8,0,1,0,1,google_ads,0
43,52332,148551,588,0.76,3,541,1,13,1,0,0,0,0,organic_search,0
23,32467,179824,761,0.99,14,278,2,13,8,0,0,0,0,organic_search,0
24,61025,272470,472,0.97,8,892,6,1,14,0,0,0,0,facebook_ads,0
45,33107,122989,600,0.98,9,855,6,4,24,1,0,0,0,organic_search,0
58,148347,404889,828,0.97,15,774,6,4,17,0,0,0,0,organic_search,1
35,97994,565347,439,0.4,23,337,0,2,9,0,1,0,0,organic_search,0
41,114202,573325,577,0.84,18,602,1,8,29,0,0,1,0,organic_search,1
55,63481,179784,810,0.56,8,814,7,11,25,0,0,1,0,referral,1
34,22581,75665,645,0.82,11,248,8,2,6,1,1,0,0,referral,0
56,95118,498294,439,0.99,5,827,9,2,1,0,0,0,0,referral,0
32,144010,688758,413,0.42,15,790,6,2,23,1,1,0,0,organic_search,1
37,71638,362713,806,0.74,15,613,0,1,23,0,0,1,1,organic_search,0
59,143714,541055,665,0.84,7,322,3,13,9,0,0,1,0,facebook_ads,0
29,28418,138279,696,0.55,21,439,9,5,1,0,1,0,1,facebook_ads,0
55,113627,402918,410,0.54,18,227,7,11,14,0,1,0,1,facebook_ads,1
33,49113,139729,657,0.44,12,109,4,4,24,0,0,1,0,organic_search,0
35,104363,472838,537,0.46,12,414,0,2,28,1,0,0,0,referral,0
38,143607,847863,302,0.79,4,166,6,1,29,1,0,0,0,organic_search,0
53,83044,269262,703,0.7,11,242,5,1,11,0,0,1,0,organic_search,0
26,99955,384214,324,0.42,21,868,8,2,8,0,0,0,1,google_ads,0
47,81030,380517,808,0.98,6,648,3,1,23,0,0,1,0,organic_search,0
43,31814,132537,764,0.79,21,236,3,9,12,0,0,1,0,facebook_ads,0
47,119340,641298,360,0.71,10,693,7,2,6,0,1,0,1,google_ads,1
54,30024,151530,807,0.56,15,162,3,3,17,0,1,0,1,google_ads,0
58,83288,185997,422,0.79,1,195,2,9,11,0,0,0,0,organic_search,0
34,129236,774599,796,0.62,17,532,6,5,10,0,0,1,0,organic_search,1
56,77836,389927,354,0.82,3,459,4,14,27,0,0,1,1,facebook_ads,0
28,27435,149674,462,0.81,11,209,8,13,8,1,1,0,0,facebook_ads,0
55,87084,401003,338,0.46,18,150,4,8,12,0,0,1,0,organic_search,0
39,144023,781345,382,0.95,10,203,8,7,21,0,0,1,0,facebook_ads,0
50,90601,221930,845,0.69,21,360,5,14,4,0,0,0,0,facebook_ads,0
34,108416,367633,412,0.64,9,97,5,6,21,1,0,0,0,organic_search,0
40,140871,775591,724,0.97,7,728,5,13,21,1,0,0,0,facebook_ads,1
45,138645,389123,529,0.66,11,167,6,2,13,0,0,0,0,google_ads,0
44,23407,54139,582,0.83,8,895,3,14,26,0,0,0,1,google_ads,0
34,118943,612850,586,0.79,2,337,3,13,3,1,0,1,0,facebook_ads,1
46,52940,282802,454,0.5,5,359,8,4,20,1,1,0,0,google_ads,0
58,25666,68030,464,0.99,9,267,6,9,4,1,0,0,0,referral,0
43,57122,309451,481,0.68,1,559,9,7,8,1,0,0,0,facebook_ads,0
42,138647,658167,538,0.64,17,105,5,3,5,0,0,0,1,google_ads,0
39,45092,183990,638,0.95,10,180,0,6,22,1,0,0,0,referral,0
23,149753,796835,811,0.72,8,649,6,8,26,1,0,1,0,referral,1
39,143402,527288,565,0.82,18,694,5,8,2,0,0,0,0,facebook_ads,1
29,95645,265508,486,0.91,10,345,3,8,25,1,0,0,0,organic_search,0
48,121190,380465,339,0.54,9,66,7,13,8,0,0,0,0,referral,0
40,120468,484360,792,0.5,4,874,6,8,24,0,0,0,1,facebook_ads,0
27,149207,615527,690,0.44,2,687,7,10,26,0,1,0,0,organic_search,1
34,46505,242864,559,0.94,19,155,8,6,5,1,0,0,1,referral,0
29,56713,292945,475,0.52,10,826,0,11,16,0,0,0,0,referral,0
39,74387,321758,628,0.58,17,649,2,10,21,0,1,0,0,referral,0
34,63169,323623,499,0.57,3,315,1,11,15,0,1,0,0,facebook_ads,0
58,93282,258120,495,0.58,21,269,2,3,19,0,0,0,0,facebook_ads,0
56,97511,214549,830,0.8,19,643,1,9,13,0,0,0,1,organic_search,1
37,71742,394188,361,0.97,19,249,5,14,11,0,0,0,1,referral,0
50,60522,139334,626,0.6,22,36,8,14,16,0,0,0,1,google_ads,0
29,101132,302056,580,0.64,19,245,1,14,18,1,0,1,0,organic_search,1
53,139622,667571,526,0.86,19,710,3,3,25,1,0,0,0,google_ads,1
45,138764,504794,357,0.66,15,615,4,12,15,0,0,1,0,referral,1
34,123489,679838,776,0.96,18,322,4,12,6,0,0,0,1,facebook_ads,1
31,119397,381105,675,0.7,17,568,0,4,8,0,0,0,0,google_ads,0
55,23880,48893,542,0.61,10,818,5,10,4,0,0,0,0,facebook_ads,0
34,63454,203219,666,0.98,24,513,4,1,21,0,0,0,0,referral,0
50,75711,326488,799,0.66,14,72,5,2,26,0,1,1,0,organic_search,0
24,63539,222624,551,0.54,19,336,3,6,16,0,0,0,0,google_ads,0
24,128984,533928,621,0.51,23,122,5,14,21,0,1,1,0,facebook_ads,1
48,88321,486330,675,1.0,18,612,8,13,11,0,1,0,0,google_ads,1
28,107985,610108,708,0.85,11,298,0,14,26,0,0,0,0,referral,0
22,34799,106620,787,0.65,11,650,5,12,20,0,0,1,0,organic_search,0
42,134584,517954,642,0.9,12,722,0,1,27,0,0,1,0,referral,0
36,124843,523913,539,0.73,8,244,6,12,2,0,1,0,0,facebook_ads,0
49,80102,464307,438,0.59,16,143,3,9,22,0,1,0,0,referral,0
50,70726,423964,421,0.85,24,214,5,8,4,0,0,0,1,organic_search,0
32,68784,202337,719,0.85,8,154,6,2,14,0,0,1,0,referral,0
55,140364,688895,603,0.7,24,134,4,14,11,1,0,0,0,facebook_ads,1
31,133034,467231,414,0.43,14,266,8,2,4,0,0,1,0,referral,0
41,63333,128720,642,0.45,23,682,7,8,26,0,1,0,0,google_ads,1
41,60828,123907,550,0.87,18,834,2,12,3,0,1,0,0,google_ads,1
25,89526,343982,306,0.89,24,187,0,11,24,1,0,1,1,google_ads,1
40,74362,293978,478,0.81,21,503,9,8,22,0,0,1,0,google_ads,0
57,73997,154674,444,0.9,22,534,7,1,25,0,0,0,1,organic_search,0
23,143973,683542,715,0.83,4,303,3,14,5,1,0,0,0,facebook_ads,1
53,70341,223403,420,0.94,17,882,6,5,6,0,1,0,0,google_ads,1
29,39073,165652,423,0.49,13,146,3,11,9,1,1,0,0,google_ads,0
29,122399,392126,449,0.63,5,603,6,2,4,0,0,0,1,google_ads,0
24,34549,92195,696,0.68,3,565,0,1,26,0,0,1,0,google_ads,0
55,103795,376640,680,0.58,9,89,0,3,7,1,1,0,0,facebook_ads,0
37,76920,225305,300,0.84,20,430,1,13,13,0,0,0,0,referral,0
54,105326,435965,543,0.95,18,857,4,3,10,0,0,0,1,google_ads,1
44,95515,266994,697,0.65,20,806,9,13,12,0,0,0,0,referral,1
52,149392,602591,550,0.96,19,209,5,10,10,0,0,0,1,facebook_ads,1
21,40316,106011,598,0.71,19,261,1,9,11,0,0,0,0,referral,0
28,46183,216316,596,0.71,21,505,0,10,11,0,0,0,0,referral,0
43,113860,571093,799,0.76,16,684,8,1,22,1,0,0,0,organic_search,1
32,44624,108952,414,0.56,1,874,6,11,6,0,0,0,0,referral,0
32,82515,319432,300,0.63,5,274,7,2,6,0,1,1,0,referral,0
35,123712,282494,781,0.73,24,622,5,9,20,1,0,1,0,referral,1
39,105781,464667,809,0.97,15,667,8,14,26,1,0,1,1,google_ads,1
46,66705,203958,634,0.79,12,678,7,5,6,0,0,0,0,google_ads,0
49,109326,449384,764,0.6,1,597,3,9,12,1,0,0,1,organic_search,1
42,46756,190289,440,0.41,14,242,4,6,23,1,1,1,0,organic_search,0
41,80390,458015,436,0.99,18,635,1,10,29,1,0,0,1,referral,1
58,88369,370825,466,0.7,18,488,0,10,14,0,0,1,0,google_ads,0
40,90821,393436,642,0.96,6,833,5,3,18,0,0,0,1,referral,0
49,29589,106716,709,0.73,1,157,2,8,27,0,1,1,0,google_ads,0
24,133012,770979,364,0.76,17,246,3,13,25,0,0,1,0,organic_search,1
27,34116,174289,366,0.83,18,740,0,9,23,0,1,0,0,facebook_ads,0
48,93181,292739,732,0.59,15,49,5,2,19,1,0,1,0,facebook_ads,0
48,64786,348343,349,0.82,12,596,7,9,10,0,1,0,0,referral,0
24,114686,427731,613,0.72,13,787,9,4,10,1,1,0,0,organic_search,1
42,143711,763776,608,0.8,20,792,3,8,7,0,0,0,0,google_ads,1
32,96425,510237,414,0.9,2,89,9,5,26,0,0,1,1,referral,0
23,50286,138562,641,0.51,4,704,7,13,10,0,0,0,0,referral,0
42,123081,591350,829,0.77,3,743,9,6,14,0,0,1,0,google_ads,1
22,35994,113833,794,0.43,19,768,2,4,5,0,0,0,0,referral,0
44,121039,386110,568,0.46,8,158,6,5,25,0,1,0,1,google_ads,0
54,131915,420201,379,0.8,12,586,2,12,22,0,1,0,0,organic_search,1
47,142961,700833,755,0.44,12,226,5,1,11,0,0,0,0,organic_search,0
21,110198,321701,598,0.76,10,521,3,12,29,0,0,0,0,facebook_ads,0
28,124672,249795,501,0.53,1,707,5,3,7,0,1,1,0,organic_search,1
43,46639,226709,802,0.58,5,533,6,14,20,0,0,0,0,google_ads,0
58,37205,99885,784,0.48,20,276,7,4,18,0,0,0,0,organic_search,0
26,76677,185399,317,0.55,11,767,5,1,11,1,0,0,0,organic_search,0
42,52930,156146,777,0.89,9,821,3,13,20,0,0,1,0,google_ads,0
45,93313,328424,787,0.78,14,289,8,3,25,0,0,0,1,google_ads,0
38,113851,444431,745,0.97,3,376,6,4,3,0,0,1,1,organic_search,0
37,133153,290044,639,0.43,5,226,8,14,7,0,0,0,0,referral,0
32,112509,661810,830,0.88,24,136,2,14,29,0,0,1,0,organic_search,1
26,38316,186378,415,0.82,21,810,4,9,4,1,1,1,0,google_ads,1
46,47304,155761,373,0.56,9,773,0,3,19,1,1,1,0,google_ads,0
47,121839,398997,568,0.84,18,642,7,11,21,0,0,0,0,referral,1
28,116058,440343,415,0.83,6,189,0,3,18,0,0,0,0,referral,0
39,107876,485979,463,0.68,21,451,0,4,11,0,0,1,0,organic_search,0
21,105366,272422,521,0.81,7,636,6,9,14,0,0,1,0,organic_search,1
49,33403,92049,425,0.67,16,236,7,9,10,0,0,0,0,facebook_ads,0
55,100052,544056,475,0.6,8,342,2,1,14,0,0,1,0,google_ads,0
34,137478,415873,674,0.68,23,461,1,8,4,0,1,0,0,organic_search,1
55,104627,368368,797,0.94,10,264,6,10,23,0,0,0,0,google_ads,0
40,93495,512828,384,0.63,5,356,9,13,12,0,0,0,0,google_ads,0
33,51932,241618,682,0.64,11,508,4,1,12,1,0,0,0,google_ads,0
58,116090,390857,762,0.77,21,457,0,2,2,1,1,1,0,referral,1
28,56701,268467,750,0.85,13,695,1,10,26,0,0,0,0,google_ads,0
40,23385,48611,817,0.84,20,129,2,11,6,0,0,0,0,organic_search,0
53,141324,698503,849,0.41,2,267,5,5,5,0,0,0,0,facebook_ads,0
46,119226,470711,415,0.81,14,136,0,11,19,1,1,0,0,referral,1
59,77241,405726,307,0.67,9,887,7,13,21,1,0,0,0,facebook_ads,1
41,30367,176691,517,0.71,10,393,1,11,15,0,0,0,0,organic_search,0
29,85030,484939,703,0.74,10,671,4,14,10,0,1,0,1,referral,1
44,66505,374892,603,0.84,10,840,7,12,7,1,0,0,0,facebook_ads,1
57,144462,584880,766,0.9,19,522,4,13,19,0,1,1,0,referral,1
37,53332,183492,387,0.79,11,72,7,6,8,0,0,0,1,google_ads,0
44,105178,406001,309,0.74,11,604,5,2,15,1,0,1,0,organic_search,1
41,96325,458466,607,0.62,3,102,6,10,23,0,0,0,0,organic_search,0
59,55268,305963,733,0.48,19,727,7,5,4,0,1,1,0,organic_search,1
59,106486,301136,463,0.98,24,658,2,3,13,0,0,0,1,google_ads,0
33,45563,258468,538,0.68,22,333,4,7,29,1,1,0,0,google_ads,1
31,125185,658563,616,0.74,1,34,9,12,5,0,0,1,0,google_ads,0
39,56404,333653,634,0.85,12,617,6,12,26,0,0,0,1,organic_search,0
31,75182,415080,317,0.44,15,832,8,1,11,1,0,0,0,google_ads,0
33,52991,165318,370,0.91,14,378,5,5,16,1,0,0,0,organic_search,0
21,124601,302010,474,0.88,3,429,9,12,20,0,0,0,0,referral,0
39,67663,165704,638,0.86,20,624,0,3,18,0,1,0,0,referral,0
32,85886,271820,547,0.41,13,462,7,11,28,0,0,0,0,google_ads,0
28,142002,632865,492,0.72,18,601,5,2,15,0,0,1,1,google_ads,1
28,103848,541804,718,0.43,16,136,0,12,25,0,1,0,0,google_ads,0
32,44127,246978,624,0.73,6,146,3,12,1,0,0,0,0,referral,0
53,77692,349226,605,0.83,10,848,5,3,8,0,0,0,0,google_ads,0
46,114389,231354,503,0.47,17,412,9,10,4,1,1,0,0,referral,1
59,57500,157852,422,0.82,17,888,0,4,9,1,1,0,0,facebook_ads,1
48,53785,129025,746,0.67,8,111,9,11,19,0,0,0,0,google_ads,0
25,104146,359647,790,0.89,4,856,4,2,7,0,1,1,0,facebook_ads,1
28,109126,437093,732,0.72,15,861,2,2,15,0,0,0,0,organic_search,0
45,114979,249917,427,0.6,1,682,6,3,3,0,0,0,0,organic_search,0
47,67997,230775,847,0.6,7,763,7,2,26,0,0,1,0,referral,0
43,27170,73813,346,0.94,10,439,2,14,12,1,1,0,0,referral,0
50,33303,152803,804,0.67,7,99,9,6,23,1,0,0,0,referral,0
43,91743,353860,414,0.64,1,416,2,2,2,1,0,0,0,facebook_ads,0
40,97852,389575,715,0.42,17,553,2,1,19,1,1,1,0,organic_search,1
38,55187,204786,522,0.62,12,326,5,8,24,0,0,1,0,referral,0
38,85034,495244,802,0.91,17,646,5,10,7,1,1,0,0,referral,1
22,91776,262382,395,0.86,15,748,2,4,11,0,0,1,0,google_ads,0
24,21893,89031,406,0.53,24,94,5,2,19,1,0,1,0,facebook_ads,0
50,33753,166877,331,0.65,16,604,8,4,8,0,0,0,0,facebook_ads,0
53,58090,245568,792,0.52,23,207,7,11,13,0,1,0,0,organic_search,1
56,84922,485421,365,0.97,14,37,6,2,9,0,0,0,0,organic_search,0
38,96768,339836,478,0.76,3,188,6,11,2,0,1,0,0,referral,0
57,79412,306109,742,0.85,19,40,7,5,18,0,1,1,0,facebook_ads,1
39,142406,335236,848,0.83,12,814,6,7,15,1,0,0,0,organic_search,1
48,76030,337268,500,0.92,19,440,2,6,23,0,1,0,1,facebook_ads,0
40,37509,118260,348,0.97,18,636,7,2,11,0,0,0,1,referral,0
53,88653,234153,562,0.42,14,184,7,11,24,0,0,1,0,referral,0
32,56929,237856,432,0.99,20,235,0,13,15,0,0,0,0,referral,0
35,149626,617841,643,0.92,23,144,9,4,21,0,0,0,0,referral,1
59,68291,157307,475,0.63,9,408,4,8,18,0,0,0,0,facebook_ads,0
22,24042,115229,690,0.9,3,628,4,12,14,0,1,0,0,referral,0
49,82574,371177,310,0.84,23,853,0,14,26,1,1,0,0,facebook_ads,1
30,57201,157649,500,0.88,12,738,5,14,21,1,0,0,0,google_ads,1
22,112282,435400,302,0.53,20,379,5,7,19,0,1,0,0,referral,0
31,34016,166042,513,0.79,17,127,3,7,13,1,0,1,0,google_ads,0
33,45022,185389,606,0.42,5,48,5,12,25,0,0,0,0,organic_search,0
30,120962,433280,843,0.91,8,342,5,12,16,1,1,0,0,referral,1
34,47938,157685,626,0.97,19,557,0,4,2,0,0,0,0,facebook_ads,0
38,63678,282830,498,0.8,4,586,4,1,25,0,0,0,0,organic_search,0
29,138171,795372,408,0.71,15,696,1,7,2,0,1,1,0,referral,1
59,149638,701350,590,0.84,19,474,6,6,17,1,0,0,0,google_ads,1
48,121248,278747,407,0.6,15,260,8,8,26,0,1,0,1,organic_search,1
23,81720,314028,707,0.78,14,698,8,11,22,0,0,0,0,facebook_ads,0
40,125514,698271,351,0.83,16,654,8,13,27,1,0,0,0,facebook_ads,1
26,76805,182630,411,0.49,24,388,6,5,22,0,0,0,0,google_ads,0
47,94323,561740,594,0.48,10,412,6,8,20,0,0,1,0,facebook_ads,0
22,21986,127436,488,0.83,24,541,0,10,29,1,1,1,1,referral,1
49,96478,223163,364,0.66,14,73,5,11,18,1,0,0,0,organic_search,0
58,102994,590531,764,0.93,20,394,4,14,29,1,0,0,0,referral,1
23,32161,111036,557,0.59,11,651,7,8,10,0,1,1,0,facebook_ads,0
36,40689,218859,630,0.43,2,140,7,9,12,0,0,0,0,google_ads,0
50,147101,540380,800,0.79,19,252,3,1,27,1,1,1,0,referral,1
22,114699,431660,509,0.81,3,415,0,3,3,1,1,0,0,facebook_ads,0
37,80924,367149,388,0.73,4,294,5,12,29,0,0,0,0,google_ads,0
32,121311,618432,327,0.81,11,300,9,12,6,1,0,1,0,referral,1
55,119273,254666,537,0.71,13,241,0,11,20,1,1,0,0,facebook_ads,1
21,94308,412373,635,0.82,18,525,4,6,5,0,1,0,0,google_ads,1
35,121128,332730,362,0.43,18,343,4,13,27,0,0,0,0,google_ads,0
46,83745,283376,799,0.62,19,799,2,4,25,0,1,0,0,referral,1
57,146881,498201,840,0.53,12,416,4,8,21,0,0,1,0,referral,1
41,21211,82218,768,0.46,1,276,5,10,26,0,0,1,1,facebook_ads,0
51,20229,67494,350,0.54,24,596,4,14,27,0,0,1,0,organic_search,0
45,138972,337624,411,0.51,6,850,0,14,8,0,0,0,0,referral,0
43,68542,177010,600,0.98,3,379,6,1,18,0,1,1,0,referral,0
44,34345,73283,389,0.57,17,101,2,12,16,0,0,1,1,google_ads,0
58,121489,471498,528,0.54,3,325,6,5,28,0,1,1,1,facebook_ads,0
48,51819,301472,449,0.9,1,242,4,14,14,0,0,1,0,organic_search,0
41,67779,166919,437,0.65,3,324,2,4,6,0,0,0,0,organic_search,0
38,102421,592511,434,0.65,4,200,5,12,11,0,1,0,0,referral,0
56,112244,553749,756,0.67,6,275,0,1,27,0,0,0,0,organic_search,0
55,85584,389406,793,0.65,7,170,5,10,6,0,0,1,0,organic_search,0
29,39950,183015,826,0.6,23,645,3,6,5,0,0,0,0,google_ads,0
58,35173,186659,632,0.57,8,646,3,10,15,0,0,0,0,google_ads,0
50,137743,334395,661,0.93,13,269,4,13,6,1,0,0,1,google_ads,1
54,78032,313611,473,0.5,4,340,8,3,21,0,1,0,0,referral,0
52,135074,646783,512,0.51,6,445,0,11,16,0,0,1,0,organic_search,0
23,119273,518513,642,0.74,11,427,2,11,18,0,1,0,0,google_ads,1
23,48036,256085,360,0.61,1,862,3,5,21,0,0,0,0,facebook_ads,0
48,143885,329365,360,0.65,8,821,1,6,1,0,0,1,0,organic_search,0
35,132857,632771,823,0.88,22,51,8,4,3,1,1,1,0,facebook_ads,1
43,91356,377858,515,0.94,2,107,6,10,23,0,0,0,0,organic_search,0
31,34292,120592,722,0.87,8,842,0,10,20,1,1,0,0,facebook_ads,1
52,23052,77480,722,0.54,20,504,8,12,24,1,1,1,0,facebook_ads,1
56,64377,288623,670,0.99,9,736,5,6,3,0,0,1,0,referral,0
53,109317,608237,505,0.62,4,861,1,7,7,0,0,0,1,facebook_ads,0
44,87838,350008,585,0.5,17,382,0,2,14,1,0,0,1,google_ads,0
59,87819,465343,404,0.7,7,400,5,14,18,0,0,0,0,google_ads,0
54,133689,482433,842,0.84,10,50,6,7,24,0,0,0,0,organic_search,0
48,128103,308674,541,0.45,5,536,9,7,15,0,1,1,1,google_ads,1
57,35620,80003,790,0.78,10,189,5,2,13,0,0,0,0,referral,0
27,50461,111283,797,0.91,12,773,6,3,19,0,0,0,0,google_ads,0
24,40750,143464,734,0.56,21,390,5,3,29,1,0,0,0,referral,0
57,118426,396602,783,0.82,20,842,7,1,22,1,0,0,0,google_ads,1
21,108719,529651,746,0.64,6,585,1,1,2,0,0,0,1,referral,0
21,29472,146513,683,0.65,1,326,8,10,7,0,0,0,0,organic_search,0
40,89263,196683,809,0.57,3,381,8,11,13,1,0,0,0,organic_search,1
39,132036,380856,469,0.77,7,209,8,6,4,0,0,0,1,google_ads,0
49,77602,240337,622,0.62,11,501,6,9,6,0,0,1,0,organic_search,0
30,45523,190761,773,0.9,24,424,8,9,18,0,0,0,0,organic_search,0
38,50766,130877,531,0.98,12,642,0,11,19,0,0,0,1,organic_search,0
48,123262,312563,658,0.96,9,656,2,14,15,0,1,0,0,google_ads,1
55,86060,497009,574,0.5,1,242,1,1,3,1,0,0,0,referral,0
51,29079,151699,331,0.41,4,559,0,12,20,1,0,0,0,google_ads,0
47,28399,77319,476,0.66,2,424,4,7,17,0,0,0,0,facebook_ads,0
31,80726,292734,364,0.84,2,56,0,6,16,0,0,1,1,referral,0
58,112906,386419,326,0.99,17,899,2,4,13,1,0,0,0,facebook_ads,1
25,36532,188651,778,0.87,21,478,5,11,22,1,0,1,0,facebook_ads,1
28,142689,576585,567,0.75,2,467,5,3,27,0,0,0,0,organic_search,0
54,102357,257059,365,0.42,4,314,2,9,22,0,1,0,0,referral,0
32,63162,313028,432,0.9,11,690,3,10,20,0,1,0,0,referral,0
58,23749,85200,665,0.51,19,826,6,5,8,1,0,1,1,facebook_ads,1
21,31353,95679,381,0.43,24,678,5,8,21,1,1,0,0,facebook_ads,1
51,132313,463359,627,0.91,13,218,1,4,26,0,0,1,1,organic_search,0
24,48477,193472,397,0.74,22,731,8,4,14,1,0,0,0,organic_search,1
25,44570,150310,626,0.48,21,228,5,6,4,1,0,1,0,google_ads,0
50,106373,315674,841,0.63,18,131,1,6,7,0,0,0,0,referral,0
44,31437,112984,424,0.45,19,508,6,3,10,0,0,1,0,facebook_ads,0
23,58104,120664,509,0.78,24,632,9,2,15,0,1,0,0,google_ads,1
31,83370,424352,432,0.57,15,253,9,11,26,1,0,0,0,organic_search,1
24,24551,65889,802,0.92,12,546,3,9,16,0,0,0,0,facebook_ads,0
46,88359,192235,456,0.61,11,894,0,2,8,0,0,0,0,referral,0
47,74880,345555,681,0.7,23,556,9,9,2,1,0,0,1,facebook_ads,1
47,32916,167731,321,0.44,1,470,8,12,29,0,1,1,0,facebook_ads,0
26,146150,768064,718,0.57,16,546,9,11,17,0,0,0,0,google_ads,1
35,100703,400197,771,0.81,13,259,7,14,6,0,0,0,0,facebook_ads,0
50,61445,173365,533,0.84,6,898,4,8,16,0,1,0,0,google_ads,0
57,67636,334724,753,0.55,23,878,2,11,2,0,0,0,0,google_ads,0
57,93927,450741,461,0.7,6,143,3,13,27,0,0,0,0,organic_search,0
57,98194,293117,600,0.89,10,545,2,10,24,1,0,0,0,facebook_ads,0
55,49685,278913,605,0.63,2,213,9,7,29,1,0,1,1,google_ads,0
43,71134,171965,301,0.48,3,754,7,12,21,1,1,0,0,facebook_ads,0
26,108916,645953,570,0.66,6,788,4,5,18,1,0,1,0,referral,1
24,127967,696267,720,0.76,16,63,7,13,11,0,0,0,0,facebook_ads,0
38,114455,543843,442,0.4,6,325,0,3,12,0,0,0,0,organic_search,0
29,147763,850375,834,0.61,24,482,8,2,5,0,1,1,0,google_ads,1
49,87847,429505,336,0.76,13,737,9,11,2,0,0,0,1,google_ads,0
33,59993,165690,406,0.97,4,534,2,8,22,1,1,1,0,referral,1
37,64333,242446,596,0.65,15,435,0,2,24,0,0,0,0,organic_search,0
52,128574,293921,396,0.5,6,156,2,8,18,0,1,0,0,google_ads,0
42,78865,280651,580,0.72,1,171,1,5,22,0,1,1,0,referral,0
24,99096,492151,409,0.57,9,677,6,9,6,0,0,0,0,google_ads,0
25,69756,247338,848,0.53,12,157,9,4,1,0,0,1,1,google_ads,0
57,142863,474473,487,0.75,23,864,3,8,9,0,0,0,0,organic_search,1
33,81192,355736,787,0.95,11,715,6,13,15,1,0,1,0,referral,1
54,80686,442870,653,0.9,13,759,2,11,28,1,0,0,0,google_ads,1
42,68733,150548,318,0.51,1,655,5,7,8,1,0,0,0,facebook_ads,0
43,124089,439508,692,0.86,19,379,6,12,28,0,0,0,0,referral,1
23,45993,121097,560,0.54,21,553,6,8,14,0,0,0,0,organic_search,0
54,50492,241423,709,0.57,4,492,4,5,4,1,0,0,0,organic_search,0
52,40981,99292,702,0.95,5,273,5,2,7,1,0,0,0,organic_search,0
41,44143,205672,783,0.95,23,593,2,7,20,0,0,1,0,google_ads,0
41,97603,306934,603,0.5,17,215,3,3,8,1,1,1,0,organic_search,1
31,109452,305991,317,0.44,5,262,5,13,10,0,0,0,0,referral,0
59,80277,461224,483,0.58,19,543,2,10,18,0,0,0,0,google_ads,0
24,127044,263501,704,0.75,3,30,6,10,18,1,0,1,0,facebook_ads,1
21,131957,494985,430,0.93,11,268,2,10,19,0,0,1,0,organic_search,0
48,69990,146034,778,0.47,2,84,8,12,4,0,1,1,0,organic_search,0
44,148406,583884,307,0.65,22,524,3,11,27,0,0,1,0,organic_search,1
55,82888,331899,617,0.56,14,761,1,10,13,0,1,0,0,facebook_ads,0
33,89351,293665,690,0.41,6,645,5,13,6,0,0,0,0,google_ads,0
54,117372,296792,818,0.87,19,896,8,2,21,0,0,0,0,organic_search,1
31,69999,245385,435,0.89,1,447,9,3,26,0,1,1,1,facebook_ads,0
56,123013,576814,830,0.53,7,477,9,14,13,0,0,0,0,google_ads,1
37,122811,629969,666,0.49,2,865,1,14,26,0,0,0,0,referral,0
55,124879,514876,788,0.49,24,367,3,4,23,1,0,0,0,organic_search,1
38,90309,393687,310,0.68,19,847,4,10,22,1,0,0,0,google_ads,1
42,32446,90928,745,0.55,1,306,8,13,16,0,0,0,1,organic_search,0
44,50733,159774,413,0.71,9,39,6,11,20,1,0,0,0,facebook_ads,0
39,139156,368426,495,0.63,21,370,4,7,27,0,0,1,0,google_ads,1
57,96000,287729,622,0.53,17,133,5,10,10,0,1,0,0,facebook_ads,0
59,68632,199001,811,0.85,10,374,8,12,9,0,1,1,0,organic_search,1
41,41576,169538,464,0.49,6,399,3,1,7,0,1,0,1,referral,0
28,23320,99127,551,0.88,3,227,1,6,17,1,0,1,0,facebook_ads,0
48,30750,177728,343,0.74,20,43,4,13,24,0,0,1,1,google_ads,0
25,123002,342226,769,0.9,24,709,6,6,20,0,0,0,1,google_ads,1
37,73463,335483,788,0.4,15,367,3,8,7,0,1,1,0,organic_search,1
57,46572,245389,480,0.85,21,571,0,2,27,0,0,1,0,google_ads,0
56,138361,586784,376,0.43,22,486,7,2,2,0,0,0,0,organic_search,0
39,37948,114603,673,0.97,20,555,4,1,28,1,0,1,0,facebook_ads,0
47,146898,448068,366,0.82,6,779,9,3,19,1,0,1,0,referral,1
54,136528,294492,824,0.59,3,465,1,7,1,1,1,0,0,facebook_ads,1
31,58826,189524,391,0.59,10,395,2,8,2,1,0,1,0,facebook_ads,0
32,109051,542901,543,0.92,12,430,9,7,27,0,1,0,0,organic_search,1
41,47867,104832,640,0.94,1,603,9,9,5,0,0,0,0,referral,0
31,80231,230839,603,0.93,22,511,4,8,18,0,0,0,1,facebook_ads,0
59,86262,416208,697,0.89,16,139,3,8,29,0,0,0,0,organic_search,0
48,111356,571323,747,0.89,17,435,8,11,6,1,0,0,1,facebook_ads,1
25,146340,559205,396,0.74,10,338,8,2,6,0,1,1,1,facebook_ads,1
37,92233,442007,630,0.42,12,189,7,1,22,0,0,0,0,google_ads,0
40,64678,229723,504,0.45,19,873,1,6,28,0,1,0,0,facebook_ads,0
32,127561,336716,748,0.79,8,84,4,7,27,0,1,0,0,referral,0
26,32963,118422,717,0.64,23,790,7,6,16,0,0,0,0,facebook_ads,0
37,84360,364424,376,0.74,8,285,7,7,16,1,0,0,0,organic_search,0
39,69434,402176,848,0.54,10,563,6,8,3,0,0,0,0,google_ads,0
46,86617,197054,724,0.79,10,451,3,2,27,0,0,0,0,organic_search,0
52,40269,162267,728,0.55,18,644,2,1,3,0,0,1,1,referral,0
26,137569,456134,784,0.68,10,842,7,10,26,0,0,0,1,facebook_ads,1
56,96312,388450,434,0.69,7,293,7,8,23,0,0,0,0,facebook_ads,0
58,117352,245958,553,0.51,4,777,9,8,29,0,0,0,0,google_ads,0
31,99732,324338,554,0.93,1,862,4,14,29,0,1,0,0,facebook_ads,1
53,137658,726761,798,0.72,11,262,2,8,4,0,0,0,0,organic_search,0
44,127648,538134,783,0.92,19,709,4,14,6,0,0,0,0,organic_search,1
43,101494,385913,345,0.56,5,262,3,10,28,0,0,1,1,google_ads,0
35,108905,342190,742,0.5,8,546,7,7,24,0,0,1,0,facebook_ads,0
47,97225,310358,303,0.41,2,74,1,2,3,0,1,0,0,google_ads,0
31,102867,363367,300,0.46,2,587,7,4,25,1,1,1,0,referral,1
37,57528,307330,589,0.49,24,705,9,9,9,0,0,0,1,facebook_ads,0
34,144597,848618,408,0.45,14,710,5,8,3,0,0,0,0,facebook_ads,0
47,98972,371602,759,0.94,9,465,3,4,6,0,0,1,1,facebook_ads,0
38,85602,305891,565,0.95,10,364,2,8,21,0,0,1,0,referral,0
48,116261,626205,437,0.96,13,433,9,10,20,1,1,1,1,referral,1
24,110748,410611,733,0.98,1,193,4,13,24,0,1,0,0,referral,0
27,143193,602566,343,0.7,14,285,5,6,26,1,1,0,0,organic_search,1
55,146277,427679,809,0.72,2,95,0,11,9,1,1,1,0,google_ads,1
29,53332,265273,561,0.48,4,801,0,9,15,1,0,0,1,organic_search,0
28,144481,596410,451,0.48,19,117,9,1,28,1,0,1,0,referral,1
37,110937,580881,512,0.86,1,269,2,6,9,0,0,0,0,organic_search,0
37,149529,766026,533,0.91,4,340,1,11,5,0,0,0,0,organic_search,0
53,98929,282938,660,0.87,11,600,0,4,21,0,0,0,0,google_ads,0
52,89206,433767,619,0.9,13,711,7,3,27,1,0,0,0,referral,1
28,111137,577936,521,0.57,18,287,0,5,16,0,0,0,0,organic_search,0
39,22251,75306,509,0.68,10,587,9,10,3,0,0,0,0,organic_search,0
58,65717,176807,695,0.68,5,543,7,11,9,0,0,0,0,facebook_ads,0
23,119108,239470,788,1.0,1,463,4,8,17,0,1,0,0,facebook_ads,0
25,47027,178872,763,0.97,14,158,3,11,28,0,0,0,0,referral,0
33,117382,400241,751,0.76,16,810,7,10,3,0,0,0,0,organic_search,1
51,106551,449606,712,0.48,24,355,7,6,7,0,0,0,0,referral,0
36,29583,81417,775,0.56,18,819,7,1,7,0,1,1,0,google_ads,1
52,70387,382811,555,0.62,3,46,2,6,21,0,0,0,0,referral,0
42,43104,130649,449,0.92,3,728,7,7,6,0,0,1,0,referral,0
49,32224,93633,426,0.5,4,371,0,13,20,1,0,0,0,organic_search,0
42,80624,316276,691,0.53,7,867,3,6,8,0,1,0,1,google_ads,0
23,76058,303882,779,0.61,13,657,4,3,4,0,1,1,1,referral,1
30,124320,355597,696,0.96,9,800,5,11,26,0,1,0,0,facebook_ads,1
41,116372,359291,701,0.7,3,278,4,9,15,0,0,0,0,google_ads,0
36,49299,132063,573,0.79,17,739,4,13,6,0,0,0,0,organic_search,0
32,98572,480424,438,0.63,15,878,4,10,16,0,0,0,0,facebook_ads,0
22,105469,535820,402,0.51,10,768,8,10,5,0,0,1,0,google_ads,0
44,97928,376955,541,0.53,15,206,9,4,12,0,0,1,0,organic_search,0
55,149518,726111,416,0.88,1,784,9,5,14,1,0,1,0,organic_search,1
50,93474,462111,513,0.94,22,386,2,5,26,0,0,0,0,google_ads,0
50,24141,61634,783,0.7,21,524,1,3,6,0,1,1,0,google_ads,0
55,43350,254235,828,0.61,10,64,9,12,3,0,0,0,0,google_ads,0
39,95082,502425,523,0.88,7,436,1,2,29,0,1,0,0,organic_search,0
28,90871,256068,569,0.8,7,676,7,8,19,0,0,0,0,facebook_ads,0
46,25077,68827,433,0.42,3,847,4,7,10,1,0,0,0,facebook_ads,0
27,66015,165212,413,0.61,7,39,4,5,7,1,0,1,1,organic_search,0
50,91147,232745,740,0.81,9,724,5,13,13,0,1,0,0,google_ads,1
27,79180,395317,664,0.74,8,743,8,1,1,1,0,0,0,organic_search,1
23,60857,236040,531,0.99,3,560,6,10,1,1,0,1,1,organic_search,1
21,121196,621945,757,0.92,5,564,4,1,17,0,0,1,0,organic_search,0
56,79840,398003,674,0.44,13,124,4,8,22,1,0,0,0,organic_search,0
45,145463,642721,506,0.84,13,605,9,4,4,0,0,0,0,facebook_ads,0
57,79902,379172,819,0.6,8,479,8,13,14,0,0,0,0,google_ads,0
21,25577,53031,767,0.81,18,249,8,4,6,1,0,0,0,organic_search,0
35,40002,129890,742,0.77,7,125,1,14,14,0,0,0,1,organic_search,0
57,70711,321826,620,0.7,10,894,6,9,15,0,0,0,0,google_ads,0
33,59451,121124,392,0.91,10,806,9,2,1,0,0,0,0,google_ads,0
28,119811,255426,707,0.83,23,410,0,5,20,1,0,0,1,organic_search,1
25,69103,373678,457,0.93,11,698,3,6,16,0,1,0,0,organic_search,0
29,48647,230397,398,0.57,12,236,1,6,4,0,0,0,0,google_ads,0
21,54831,167863,524,0.61,13,815,9,10,2,0,0,1,1,google_ads,1
56,138330,657323,740,0.77,8,879,8,12,1,0,0,1,0,facebook_ads,1
55,120304,621950,700,0.98,17,275,5,14,13,0,0,0,0,organic_search,1
22,116498,375959,363,0.62,24,740,3,3,16,0,1,1,0,referral,1
43,148949,319368,578,0.42,14,826,2,10,8,1,0,0,0,google_ads,1
29,133870,767224,818,0.67,17,539,3,6,22,0,1,1,0,google_ads,1
54,115119,389185,547,0.73,19,112,1,10,4,1,0,0,0,facebook_ads,0
34,86830,210643,667,0.88,16,346,4,10,2,0,0,0,0,facebook_ads,0
24,100632,399250,397,0.84,9,674,8,5,28,0,0,0,0,referral,0
50,56833,288363,567,0.98,20,134,5,12,13,1,0,0,0,google_ads,0
51,132394,382167,359,0.87,10,399,1,8,5,1,0,0,0,organic_search,1
58,112864,347390,799,0.58,9,778,5,4,25,0,0,1,1,organic_search,1
31,44398,131900,607,0.78,1,610,8,13,23,0,0,0,0,organic_search,0
55,144633,862980,792,0.8,24,725,3,10,20,0,1,1,1,facebook_ads,1
28,81554,227504,710,1.0,3,659,0,10,21,0,0,0,0,referral,0
23,70755,304393,439,0.48,11,209,1,3,24,1,0,0,0,referral,0
34,37706,214964,627,0.51,7,812,4,6,27,0,0,1,0,referral,0
33,42340,109558,763,0.49,18,631,9,10,13,1,0,0,0,google_ads,1
52,84994,500055,462,0.75,13,629,6,14,5,0,0,0,0,google_ads,0
54,83884,485680,359,0.48,23,112,7,9,16,0,0,0,0,referral,0
39,104361,577981,330,0.79,23,561,2,14,28,0,1,1,1,referral,1
58,37482,107132,632,0.88,18,648,8,8,6,0,0,0,0,referral,0
36,74225,336700,375,0.66,16,870,1,10,16,0,0,1,0,facebook_ads,0
22,78849,397680,616,0.74,24,530,3,8,29,0,0,1,0,referral,1
37,94854,563822,716,0.95,16,377,3,3,26,1,0,1,1,organic_search,1
54,61256,166720,489,0.74,21,301,5,1,22,1,1,1,0,google_ads,1
36,129545,656029,788,0.53,10,360,9,3,24,0,1,0,0,organic_search,1
58,128721,431885,614,0.61,9,639,5,14,13,0,1,1,0,google_ads,1
22,101110,273250,595,0.72,8,773,2,3,11,1,1,0,0,facebook_ads,1
22,133606,492405,800,0.49,19,598,8,14,21,0,0,0,1,facebook_ads,1
46,34650,179325,476,0.77,3,690,4,12,1,0,0,1,0,organic_search,0
33,66118,255175,514,1.0,24,418,1,6,4,1,1,1,0,facebook_ads,1
51,48930,203064,631,0.79,9,776,5,13,3,0,0,0,1,google_ads,0
54,105707,632195,427,0.62,2,166,2,3,18,1,0,0,0,facebook_ads,0
59,149030,535977,568,0.6,19,808,7,2,23,0,1,1,0,organic_search,1
23,120400,537177,834,0.96,8,770,2,12,16,0,0,0,0,facebook_ads,1
28,31801,110062,665,0.92,18,390,4,9,13,0,0,1,1,referral,0
43,71360,254836,647,0.68,8,862,3,6,13,0,0,1,0,google_ads,0
34,107908,516076,441,0.61,5,311,3,5,7,0,1,0,0,facebook_ads,0
47,36559,210270,444,0.83,6,231,1,12,24,0,1,1,0,google_ads,0
49,52334,218203,544,0.59,10,773,7,3,15,0,0,1,0,organic_search,0
59,125473,636599,741,0.47,15,560,2,7,26,0,1,0,0,referral,1
59,33288,78454,589,0.59,4,45,3,7,15,0,0,0,0,google_ads,0
21,42398,120606,411,0.66,3,597,5,4,5,0,0,1,0,referral,0
37,96230,385740,513,0.55,24,898,8,10,17,0,0,0,0,referral,1
50,32191,66958,499,0.53,9,143,3,2,22,1,0,0,0,referral,0
33,38051,114587,704,0.4,16,97,2,2,22,0,0,0,0,facebook_ads,0
41,81715,332547,720,0.78,16,619,4,13,11,0,0,0,1,facebook_ads,0
39,30737,63313,306,0.77,15,59,8,12,24,1,0,0,1,organic_search,0
39,85140,260373,824,0.51,24,548,0,8,13,1,0,0,0,facebook_ads,1
45,45251,183543,585,0.97,9,693,4,4,10,1,0,0,1,organic_search,0
42,70975,304667,688,0.65,17,51,3,7,15,0,0,0,1,organic_search,0
51,25147,143413,715,0.42,21,460,4,3,2,1,0,0,1,referral,0
37,70508,323024,449,0.53,12,59,6,9,11,0,0,1,0,google_ads,0
43,72224,264263,727,0.82,23,708,6,10,25,0,0,1,0,facebook_ads,1
52,39643,226813,592,0.52,8,689,6,9,11,0,0,0,0,google_ads,0
30,58967,303062,633,0.43,14,439,0,7,29,1,0,0,0,organic_search,0
30,118850,332784,571,0.77,18,78,8,7,22,1,0,0,0,organic_search,1
56,123535,311724,342,0.71,12,354,6,1,1,1,0,0,0,organic_search,0
28,60733,285642,767,0.86,14,517,3,10,25,0,1,0,0,referral,0
40,104003,440924,618,0.86,20,327,3,8,8,0,0,1,0,google_ads,0
52,54808,282737,791,0.98,23,803,1,2,26,0,0,0,1,referral,0
34,139222,689875,826,0.43,5,210,5,8,17,1,0,0,0,google_ads,1
48,87288,392869,471,0.42,1,831,9,11,8,0,1,1,0,referral,1
44,78959,469452,620,0.99,13,151,2,13,13,1,1,0,0,organic_search,1
35,21849,90331,343,0.79,14,153,0,2,23,0,0,0,0,facebook_ads,0
42,88178,216249,831,0.83,2,482,4,1,5,1,0,1,1,referral,1
50,87136,462961,753,0.46,16,295,5,11,29,0,0,0,0,referral,0
24,80740,242818,382,0.44,5,57,4,8,6,1,0,0,0,facebook_ads,0
33,132255,675718,842,0.5,22,288,4,4,20,1,0,0,0,facebook_ads,1
43,106322,619690,621,0.66,1,106,9,11,25,0,1,0,0,referral,0
28,64565,309084,533,0.47,12,461,7,10,25,0,1,0,0,organic_search,0
38,40183,176167,839,0.67,19,735,9,6,29,1,0,1,0,organic_search,1
32,135306,519784,551,0.74,22,64,0,10,26,0,0,0,0,facebook_ads,0
51,21132,73066,748,0.4,22,465,7,13,14,0,0,0,0,referral,0
34,58259,198780,538,0.47,23,143,6,11,17,0,0,0,0,google_ads,0
54,116612,530058,789,0.63,10,91,0,10,16,0,0,0,0,facebook_ads,0
38,83668,418766,763,0.43,12,81,8,1,28,0,0,1,1,google_ads,0
54,148355,699355,613,0.48,19,145,3,9,9,0,0,0,0,facebook_ads,0
31,58563,163603,474,0.54,16,76,6,11,19,0,0,0,0,referral,0
32,112227,446208,479,0.66,17,467,2,7,28,0,0,1,1,organic_search,0
35,128835,665633,684,0.83,13,441,7,5,2,0,0,0,1,facebook_ads,0
51,30931,120718,594,0.48,7,130,3,6,4,0,0,1,0,google_ads,0
49,147156,610181,514,0.84,3,308,1,3,20,1,0,0,0,referral,0
46,93169,473721,374,0.91,5,136,1,13,9,0,0,0,0,referral,0
38,149457,694236,643,0.79,4,64,7,9,4,0,1,0,1,referral,1
52,70639,256940,441,0.43,15,388,7,2,5,0,0,0,0,google_ads,0
42,142536,795586,498,0.66,17,829,0,12,6,0,0,0,0,facebook_ads,0
58,123313,326812,470,0.8,12,31,5,10,20,1,0,0,0,organic_search,1
37,78901,471990,705,0.99,23,780,8,1,1,1,0,1,0,organic_search,1
43,120417,298081,527,0.97,14,521,8,14,13,0,0,0,0,google_ads,1
44,21044,43346,710,0.64,4,301,1,1,18,0,0,1,0,organic_search,0
28,66691,370807,361,0.77,17,173,7,10,3,1,1,0,0,facebook_ads,1
26,120735,359767,626,0.93,11,464,7,2,20,1,0,1,0,google_ads,1
25,44363,218212,432,0.9,6,480,3,6,5,0,0,1,0,google_ads,0
49,66694,349747,488,0.69,4,633,3,6,13,1,0,0,0,facebook_ads,0
48,21582,117318,655,0.56,13,762,4,9,10,0,0,1,0,referral,0
31,99910,596100,370,0.48,20,595,9,10,26,0,1,1,0,facebook_ads,1
21,86844,275830,562,0.69,15,257,6,4,3,0,0,0,0,facebook_ads,0
39,41301,199937,605,0.83,18,574,0,8,11,0,0,0,0,organic_search,0
29,94329,232200,523,0.98,17,243,8,4,1,0,0,0,0,organic_search,0
47,21620,78420,627,0.92,19,677,2,3,27,0,0,0,1,organic_search,0
54,82224,443342,373,0.52,10,277,3,4,27,0,0,1,1,referral,0
24,76655,266041,810,0.83,5,437,6,1,15,1,0,1,0,facebook_ads,0
56,115419,503732,441,0.57,12,82,4,9,24,0,0,1,0,organic_search,0
38,57534,231004,401,0.81,15,605,4,11,24,0,0,0,1,referral,0
35,140050,641962,364,0.8,23,343,0,5,29,0,0,0,0,organic_search,0
33,123496,727586,492,0.56,4,403,1,7,4,0,0,0,0,facebook_ads,0
39,59390,132020,361,0.54,8,66,4,3,15,0,1,1,0,facebook_ads,0
26,91629,393624,831,0.46,20,753,1,5,7,1,0,0,0,facebook_ads,1
32,75856,413575,540,0.43,22,553,0,13,15,1,0,1,0,google_ads,1
57,69252,271850,709,0.92,17,113,9,10,4,0,0,1,0,facebook_ads,0
37,75809,175430,599,0.43,6,123,2,14,3,0,0,0,0,facebook_ads,0
43,42259,179269,494,0.45,16,444,0,4,23,1,0,0,0,organic_search,0
46,40655,135311,753,0.54,5,371,9,7,14,0,1,0,0,google_ads,0
49,53005,138860,600,0.93,14,748,7,5,6,0,0,0,0,organic_search,0
53,51629,278597,755,0.6,2,579,7,2,1,1,1,1,0,referral,1
47,43610,178207,501,0.52,17,450,7,3,9,1,0,0,0,referral,0
45,77184,442504,601,0.83,6,377,6,8,12,0,1,1,0,google_ads,0
30,41602,217331,636,0.59,11,744,6,3,18,0,0,0,0,facebook_ads,0
43,105945,505557,331,0.6,2,811,1,7,29,0,0,0,0,google_ads,0
41,31110,62845,397,0.84,1,616,8,5,3,0,0,1,1,facebook_ads,0
41,26073,96764,490,0.55,5,157,6,7,21,0,0,0,0,referral,0
33,120846,337153,840,0.94,8,870,4,10,19,0,1,0,1,referral,1
57,100818,568935,347,0.74,4,181,3,9,3,0,0,1,0,google_ads,0
53,30195,81476,549,0.72,19,551,7,7,24,1,0,1,0,organic_search,1
44,21537,67717,525,0.56,5,67,4,14,14,0,1,0,0,referral,0
31,37138,151053,571,0.9,5,456,5,6,4,0,0,0,0,google_ads,0
37,64328,196422,784,0.74,24,134,3,12,13,1,1,0,0,google_ads,1
24,145138,412113,627,0.49,16,194,1,13,13,0,0,0,1,referral,0
45,66202,291050,479,0.52,22,573,6,1,26,0,0,0,0,facebook_ads,0
50,60164,141729,322,0.68,18,241,1,4,2,1,1,0,0,organic_search,0
29,146545,327186,669,0.87,11,555,6,8,21,1,0,0,0,organic_search,1
41,109743,382891,544,0.96,17,771,6,1,2,0,0,0,0,facebook_ads,0
40,74659,364534,459,0.8,3,161,0,6,10,0,0,1,0,referral,0
39,106155,447892,672,0.7,18,181,9,2,11,0,0,1,0,referral,0
39,69692,257268,584,0.55,4,125,9,13,28,0,0,0,0,facebook_ads,0
32,140198,597664,820,0.8,19,532,2,9,24,1,0,0,1,referral,1
57,44845,155244,749,0.99,9,551,2,8,15,0,0,0,0,organic_search,0
37,109846,631019,435,0.69,5,403,5,9,3,0,0,0,0,google_ads,0
57,123435,273978,395,0.5,4,45,2,9,14,0,1,1,0,organic_search,0
59,50562,237316,418,0.46,16,708,8,14,18,0,0,0,0,organic_search,0
48,48036,267326,673,0.56,10,637,4,13,19,1,0,0,0,organic_search,0
55,80752,421165,573,0.74,9,47,5,2,19,0,0,0,1,referral,0
38,94233,257836,476,0.97,16,438,5,2,1,0,1,0,0,facebook_ads,0
34,103049,328077,576,0.58,20,36,7,9,19,1,0,0,0,referral,1
55,128575,625927,437,0.58,22,725,9,2,3,0,1,1,0,facebook_ads,1
27,88681,207254,431,0.69,17,274,2,4,20,1,0,0,0,google_ads,0
33,47818,250922,343,0.95,18,623,8,2,29,1,1,0,0,google_ads,1
38,50544,246433,422,0.65,15,672,6,1,8,1,0,0,0,organic_search,0
57,82532,405927,435,0.53,20,158,5,12,25,0,0,0,0,facebook_ads,0
33,98636,236821,666,0.5,9,830,0,13,17,0,0,0,0,organic_search,0
56,77705,378504,672,0.67,6,484,3,11,1,0,0,0,0,referral,0
51,40104,189261,425,0.88,6,615,4,14,6,0,0,0,0,facebook_ads,0
22,144336,768400,738,0.57,11,600,1,10,17,1,0,0,0,organic_search,1
36,147904,320416,350,0.71,20,101,0,7,28,0,0,0,0,referral,0
29,89603,187489,436,0.76,3,189,1,12,21,0,0,0,0,google_ads,0
29,122499,427769,457,0.67,23,116,7,11,28,0,0,0,0,organic_search,0
58,79025,205081,355,0.52,12,430,9,5,1,0,0,0,1,facebook_ads,0
31,116264,492208,727,0.95,15,491,5,3,13,0,0,1,0,facebook_ads,1
42,52317,296605,742,0.74,7,558,9,8,24,1,0,1,1,referral,1
53,51416,183345,625,0.84,22,118,1,5,12,0,0,0,0,organic_search,0
56,62012,333612,379,0.78,18,690,8,1,5,0,0,0,0,google_ads,0
43,125585,251291,773,1.0,22,852,7,9,22,1,0,0,0,organic_search,1
54,88045,235437,676,0.67,15,35,3,14,20,0,1,1,0,organic_search,1
29,41400,87838,632,0.65,8,625,9,14,13,1,0,1,1,facebook_ads,1
44,68270,226150,474,0.62,22,113,6,5,8,1,0,0,1,referral,0
28,92069,518602,740,0.62,9,279,2,3,12,1,0,1,0,facebook_ads,0
27,139415,332896,425,0.57,15,695,5,6,25,0,0,0,0,google_ads,0
56,69833,309055,518,0.99,16,445,2,8,9,0,1,1,1,organic_search,1
38,83644,318347,577,0.92,20,101,9,2,17,0,0,0,0,google_ads,0
23,100206,576572,784,0.59,3,650,2,11,14,1,0,0,1,referral,1
48,89468,222782,440,0.58,5,141,8,14,7,0,0,0,0,referral,0
26,132899,378511,409,0.46,3,201,5,3,4,0,0,0,0,organic_search,0
41,79473,168337,351,0.93,2,728,7,7,29,0,0,1,0,referral,0
48,65809,245845,618,0.62,2,826,3,2,29,0,0,0,0,google_ads,0
21,58328,181477,498,0.74,4,302,3,11,26,1,0,0,0,organic_search,0
56,56784,311154,345,0.94,3,559,7,11,27,0,0,0,1,referral,0
41,43723,193245,804,0.64,9,709,6,12,24,1,0,0,0,google_ads,1
55,80646,359387,839,0.88,23,348,4,5,7,0,0,1,0,organic_search,1
33,86255,356029,813,0.66,22,111,1,9,17,0,0,1,0,referral,0
30,20074,47523,316,0.82,12,104,5,14,17,0,0,0,1,facebook_ads,0
30,144173,544984,614,0.66,24,458,0,7,1,0,0,1,0,organic_search,1
33,46498,278895,735,0.64,9,489,6,14,2,1,0,0,0,organic_search,1
57,85522,456765,687,0.99,19,876,8,14,26,0,0,1,0,facebook_ads,1
58,116881,651475,376,0.77,12,375,4,13,18,0,0,0,1,referral,0
44,40541,214579,670,0.62,16,278,4,3,9,0,1,1,0,organic_search,0
22,65929,159031,464,0.55,23,672,6,2,5,0,0,0,0,google_ads,0
42,143199,416679,323,0.42,1,416,4,10,1,0,0,1,0,referral,0
37,120453,242410,334,0.82,10,896,9,9,7,0,0,0,0,organic_search,1
56,46028,147935,813,0.62,23,742,3,9,26,0,0,0,0,google_ads,0
34,49545,120613,760,0.89,10,392,0,9,2,0,1,1,0,facebook_ads,0
30,99569,387440,437,0.62,4,325,5,10,3,1,0,0,0,google_ads,0
55,51673,243302,564,0.62,11,97,8,3,4,0,0,1,1,referral,0
45,50974,280256,632,0.87,22,467,3,1,3,0,0,0,0,facebook_ads,0
23,78899,394247,487,0.69,11,561,9,9,19,0,0,1,0,google_ads,0
58,43097,247994,362,0.93,11,812,3,7,25,1,0,0,0,referral,0
37,122511,271434,578,0.75,22,634,4,2,12,0,0,0,1,facebook_ads,0
32,113144,231800,841,0.54,6,162,5,6,15,0,0,0,1,referral,0
44,84824,394037,470,0.74,15,324,2,11,4,0,0,1,0,organic_search,0
49,43525,137426,802,0.4,2,325,8,9,24,0,0,1,0,referral,0
45,77804,234501,832,0.59,21,676,0,8,1,0,0,1,0,google_ads,0
56,35043,116467,598,0.52,23,893,5,11,16,1,0,1,1,referral,1
46,61846,190435,500,0.79,22,897,5,12,29,0,1,1,0,referral,1
58,97261,393493,434,0.48,3,62,7,6,6,1,0,1,0,facebook_ads,0
21,122240,459694,571,0.57,5,403,4,6,17,1,0,1,0,referral,1
40,127611,516788,834,0.6,24,834,8,8,5,0,0,1,1,referral,1
48,70227,329424,741,0.4,11,61,8,9,23,1,1,1,1,organic_search,1
36,73028,259141,386,0.43,21,584,1,8,13,0,0,0,0,organic_search,0
37,57383,172449,330,0.59,12,833,4,1,12,0,0,1,1,facebook_ads,0
48,49483,131862,420,0.53,3,895,6,2,1,0,1,0,0,facebook_ads,0
32,27265,92643,368,0.47,9,334,1,6,25,0,0,0,0,google_ads,0
47,42763,212413,795,0.49,3,822,6,8,12,0,0,0,1,facebook_ads,0
50,95652,480825,445,0.9,2,137,8,4,27,0,1,1,0,referral,0
54,35733,166788,632,0.81,6,125,7,12,25,0,0,0,0,organic_search,0
57,132196,388142,780,0.69,24,95,9,4,22,0,0,0,1,facebook_ads,1
26,111038,483275,562,0.95,6,550,8,13,2,0,1,0,0,google_ads,1
27,57420,245916,592,0.42,17,259,3,2,18,0,0,0,1,referral,0
52,141480,557015,728,0.61,8,762,7,10,9,1,1,0,1,google_ads,1
52,128777,540852,385,0.89,1,387,8,1,16,0,0,0,0,google_ads,0
45,29247,116027,315,0.78,8,431,9,10,29,1,1,0,1,google_ads,0
53,43840,186838,417,0.99,22,819,1,9,20,1,1,0,0,google_ads,1
27,85149,413996,569,0.97,15,128,9,7,15,0,0,0,0,referral,0
32,41058,100120,694,0.5,18,300,2,9,22,1,0,0,0,referral,0
36,135229,675942,461,0.98,13,804,0,13,29,0,0,0,0,google_ads,1
36,54929,139714,403,0.97,8,391,0,2,10,0,1,0,1,referral,0
56,104171,236104,466,0.62,20,193,9,10,2,0,0,0,0,facebook_ads,0
33,111164,656347,599,0.99,18,557,5,13,4,0,1,1,0,referral,1
27,51362,299336,327,0.42,13,198,0,5,18,1,1,0,1,referral,0
56,106489,238721,723,0.8,14,50,4,2,19,1,0,1,0,google_ads,1
29,104664,394898,455,0.56,15,569,5,10,18,0,0,1,0,referral,0
52,67356,184890,623,0.48,6,871,8,7,14,0,0,1,1,facebook_ads,0
31,97597,384666,647,0.75,1,624,5,9,8,0,0,1,0,referral,0
28,147880,786826,420,0.58,7,814,3,3,5,0,1,0,0,facebook_ads,0
53,26041,151101,827,0.8,1,862,0,14,5,0,0,0,0,referral,0
43,98209,445575,463,0.72,15,426,5,1,8,0,1,0,0,organic_search,0
45,147037,502222,361,0.64,6,65,6,4,11,1,0,1,0,referral,0
28,81954,361687,639,0.51,5,524,4,4,24,1,0,1,0,facebook_ads,0
42,81869,265910,611,0.76,12,343,5,11,29,1,0,0,0,facebook_ads,0
24,41059,231543,675,0.9,3,519,9,6,23,0,1,0,1,facebook_ads,0
23,119864,657046,645,0.76,22,305,7,5,21,0,0,1,0,google_ads,1
49,64722,273963,449,0.77,20,262,0,12,7,0,0,0,0,facebook_ads,0
49,37548,123878,476,0.71,14,645,7,13,13,0,0,1,0,referral,0
54,35078,111322,653,0.63,6,465,1,5,17,0,0,1,0,organic_search,0
54,25419,54235,813,0.67,4,35,1,9,19,0,0,0,0,facebook_ads,0
48,55490,292059,608,0.99,15,564,7,13,3,1,0,0,1,google_ads,1
33,96086,365274,418,0.85,17,711,1,11,2,1,0,0,0,referral,1
35,135158,446093,818,0.66,5,693,7,1,6,0,0,0,0,facebook_ads,0
43,78760,305938,777,0.67,24,273,4,8,19,1,0,1,1,google_ads,1
46,50337,265525,713,0.7,6,270,8,8,15,1,0,0,0,google_ads,0
24,21468,53636,650,0.8,10,802,8,11,4,0,0,0,1,google_ads,0
46,44309,240625,805,0.68,9,587,7,8,19,0,0,0,1,facebook_ads,0
29,86344,482666,494,0.81,4,302,8,13,7,0,0,0,0,facebook_ads,0
25,110283,638189,486,0.6,9,104,6,12,20,0,0,1,0,facebook_ads,0
52,92255,331191,749,0.65,8,312,7,14,21,0,0,1,1,organic_search,1
40,147006,421695,795,0.92,3,737,5,13,14,0,1,0,1,organic_search,1
31,101899,356092,814,0.6,22,564,8,3,7,1,0,1,0,referral,1
35,48718,162311,572,0.98,20,116,1,10,20,1,0,0,1,referral,0
52,114337,309237,351,0.5,1,662,2,8,14,0,0,1,1,google_ads,0
48,128895,570884,562,0.55,20,178,1,2,22,0,1,1,0,organic_search,1
42,57841,225955,667,0.68,5,179,5,8,25,0,0,1,0,facebook_ads,0
37,93548,511034,432,0.88,3,606,2,12,22,0,0,1,0,referral,0
46,103565,220431,524,0.84,4,189,0,8,5,0,0,1,0,facebook_ads,0
27,66660,305000,609,0.5,23,475,3,14,15,1,0,0,0,facebook_ads,1
46,126553,639319,315,0.54,24,825,4,3,12,0,1,0,0,organic_search,1
45,70281,354071,494,0.75,19,111,3,4,29,0,1,1,0,referral,0
30,133451,739891,742,0.58,15,36,5,9,17,0,0,0,0,google_ads,0
39,136041,668795,602,0.65,19,211,2,13,24,1,0,0,1,referral,1
31,20767,118605,347,0.69,16,899,9,9,21,1,0,1,0,referral,1
33,23895,79585,420,0.76,23,555,5,10,5,0,1,0,0,referral,0
28,78026,313105,798,0.55,8,507,9,13,19,0,0,0,0,organic_search,0
24,138142,284063,768,0.5,14,212,0,9,10,0,1,0,1,referral,1
51,62968,127688,340,0.64,5,343,5,10,12,1,0,0,0,google_ads,0
48,60097,177917,755,0.45,1,585,7,6,2,0,1,0,0,referral,0
31,35332,84910,833,0.72,19,203,9,1,17,1,0,0,0,facebook_ads,0
21,34621,105277,670,0.9,5,43,7,8,25,0,0,0,0,google_ads,0
58,96870,262340,481,0.47,3,329,0,13,5,1,0,1,1,referral,0
44,38174,80702,816,0.47,17,102,6,9,26,0,1,1,0,organic_search,0
51,144357,813771,530,0.45,7,764,9,8,28,1,0,1,1,organic_search,1
46,119189,242298,647,0.91,17,543,9,13,15,0,0,0,0,organic_search,1
25,60502,299141,778,0.45,13,751,3,1,20,0,1,0,0,facebook_ads,0
40,56674,147839,508,0.99,22,802,5,12,23,1,1,1,0,facebook_ads,1
31,57260,323457,577,0.61,22,631,5,6,13,0,1,0,1,organic_search,1
53,62498,348187,352,0.6,14,372,4,9,20,1,0,1,1,facebook_ads,0
58,87609,404368,309,0.45,23,425,9,9,11,0,1,1,0,referral,1
47,69464,325712,763,0.75,12,875,8,7,18,1,0,1,0,referral,1
54,91805,185570,457,0.75,11,793,9,7,9,0,1,1,0,organic_search,1
35,84919,504375,318,0.7,1,362,7,4,16,0,1,0,0,google_ads,0
52,148564,818785,354,0.59,3,384,5,7,24,1,0,0,1,referral,1
41,74469,415568,320,0.62,12,588,3,10,28,0,0,0,0,google_ads,0
25,37194,172467,581,0.59,9,876,3,5,15,1,0,1,0,facebook_ads,0
26,46811,158181,839,0.66,2,192,8,11,4,1,1,0,0,facebook_ads,0
58,92377,514964,716,0.61,14,145,3,10,24,0,0,1,0,referral,0
42,145737,461413,584,0.81,5,432,6,5,12,0,0,0,1,referral,0
38,63723,270876,831,0.58,3,108,5,1,13,1,0,1,1,facebook_ads,0
34,120336,288676,831,0.61,12,476,1,2,9,1,0,0,1,facebook_ads,1
30,95235,541679,810,0.66,12,37,4,9,15,0,1,0,0,google_ads,0
33,131041,335868,695,0.4,21,52,2,2,18,0,0,1,0,referral,0
51,96298,279224,419,0.7,7,810,8,10,20,0,0,0,1,organic_search,0
50,79238,335377,396,0.55,1,820,9,11,27,0,1,0,0,organic_search,0
23,148353,750127,419,0.43,3,572,0,12,22,0,0,1,0,facebook_ads,0
50,125433,561614,836,0.95,11,443,9,2,7,0,0,0,0,organic_search,1
26,137393,402360,452,0.59,13,711,3,9,21,1,1,0,0,facebook_ads,1
49,127092,254663,544,0.66,22,671,3,3,26,0,0,1,0,organic_search,1
28,22147,111368,815,0.9,23,438,8,2,12,0,0,1,0,facebook_ads,0
53,118919,706477,692,0.5,10,698,0,7,10,0,0,0,0,facebook_ads,0
37,119251,624833,442,0.91,19,51,1,12,29,1,1,1,0,organic_search,1
31,58445,224477,803,0.54,4,667,0,9,7,0,0,0,0,referral,0
33,73803,414408,519,0.75,22,432,0,11,14,0,0,0,0,facebook_ads,0
31,147253,535911,459,0.81,5,710,0,13,27,0,1,0,0,organic_search,1
51,81108,332521,375,0.94,11,707,2,6,15,0,0,0,0,referral,0
48,126170,493137,331,0.76,9,186,3,12,4,0,0,0,0,google_ads,0
26,22013,83440,633,0.67,13,359,9,7,8,1,0,1,0,facebook_ads,0
36,105617,538727,824,0.74,17,51,1,13,19,0,1,0,1,facebook_ads,1
24,102410,420605,739,0.52,15,501,0,13,29,1,0,1,1,google_ads,1
55,73502,240121,651,0.81,13,293,4,3,19,0,0,0,0,facebook_ads,0
46,137116,415822,638,0.51,21,332,5,11,5,0,1,0,0,google_ads,1
32,57755,124230,699,0.73,11,804,1,3,22,0,0,0,1,organic_search,0
31,28733,124493,695,0.79,1,753,2,8,3,1,0,0,0,google_ads,0
57,29479,86074,501,0.94,8,494,9,7,10,0,0,1,0,referral,0
45,95361,247226,829,0.67,23,193,2,5,15,1,0,1,0,organic_search,1
38,41304,190631,392,0.87,5,165,1,6,2,0,0,1,0,google_ads,0
39,55694,263145,657,0.5,22,281,3,9,21,1,0,0,0,referral,0
43,144232,722403,695,0.49,16,234,4,3,10,1,0,0,0,google_ads,1
58,125586,504140,359,0.71,4,885,7,12,22,0,0,0,1,referral,1
38,101171,564151,776,0.76,19,331,5,3,16,1,1,0,0,google_ads,1
46,134151,770747,300,0.78,18,271,8,14,3,0,0,1,0,facebook_ads,1
26,106296,555873,610,0.85,23,861,2,11,7,0,0,0,0,referral,1
24,29490,133954,467,0.58,2,820,9,6,19,0,0,0,0,facebook_ads,0
49,41252,132620,491,0.77,13,90,8,11,15,0,0,0,0,facebook_ads,0
54,125290,743192,333,0.51,16,494,3,8,12,0,0,0,1,referral,0
37,26862,83179,333,0.53,22,847,7,5,29,0,0,1,0,facebook_ads,0
36,130463,366682,716,0.44,8,331,9,14,2,0,1,1,0,organic_search,1
22,89959,339020,457,0.85,19,501,6,1,13,0,0,0,0,google_ads,0
54,30450,67823,799,0.7,3,840,6,3,26,0,1,1,1,referral,0
28,76022,449592,665,0.54,19,423,8,13,20,0,0,0,0,organic_search,0
33,147898,643908,639,0.73,17,636,9,8,19,1,0,0,0,referral,1
28,81991,346642,634,0.61,9,689,1,4,7,1,0,1,0,google_ads,0
50,60927,281676,626,0.9,21,288,4,9,24,1,0,0,0,referral,1
52,120377,480074,413,0.72,21,571,2,13,3,0,1,0,0,google_ads,1
56,108090,230042,717,0.42,23,559,6,6,6,0,1,0,0,organic_search,1
50,69853,310793,767,0.99,17,216,2,10,1,0,1,0,0,referral,0
21,51826,252117,442,0.44,1,241,4,4,21,0,0,0,0,google_ads,0
59,62879,230577,608,0.82,4,64,4,4,2,1,0,1,0,facebook_ads,0
37,77265,388579,700,0.66,23,176,1,10,1,1,0,1,1,facebook_ads,1
40,92361,268586,619,0.55,15,311,0,5,29,0,1,1,1,organic_search,0
44,128956,372051,511,0.81,12,576,5,13,23,0,0,0,0,organic_search,1
42,97990,259249,616,0.48,17,617,0,7,26,1,1,0,0,organic_search,1
49,109787,382934,484,0.91,12,613,8,14,4,1,0,0,1,facebook_ads,1
42,106184,572124,504,0.55,16,278,9,12,5,0,0,1,1,google_ads,1
29,60736,322608,663,0.62,13,86,4,7,2,0,0,1,0,organic_search,0
57,44530,157248,515,0.78,11,898,0,13,16,0,1,0,0,google_ads,0
30,98052,427161,545,0.4,15,334,7,10,8,0,0,1,0,google_ads,0
56,67058,327462,538,0.68,16,551,0,7,15,1,0,0,1,organic_search,0
57,126080,373805,690,0.94,6,754,3,5,11,0,0,0,1,organic_search,1
48,94094,251472,819,0.81,11,390,6,12,29,0,0,0,0,facebook_ads,0
48,94255,555009,576,0.63,15,266,3,13,10,0,1,1,1,organic_search,1
41,24886,111246,501,0.8,5,263,4,9,3,0,0,0,0,facebook_ads,0
44,146598,868690,513,0.96,3,252,6,2,23,0,1,1,0,facebook_ads,0
22,113721,381081,777,0.51,2,645,3,8,11,0,0,0,0,google_ads,0
28,138623,667071,807,0.72,1,356,4,10,17,0,0,0,0,facebook_ads,0
47,57387,165872,374,0.54,15,127,6,8,10,1,0,0,1,google_ads,0
42,41575,126587,441,0.91,2,255,0,3,17,0,0,0,1,facebook_ads,0
57,132260,535336,621,0.83,20,763,2,5,14,0,0,0,0,organic_search,1
47,128649,421772,760,0.88,6,865,0,14,23,0,0,0,0,referral,1
49,59643,159275,445,0.97,12,518,2,8,1,0,0,0,0,google_ads,0
23,30100,91850,353,0.54,21,507,1,10,28,0,0,0,0,organic_search,0
33,80356,172202,655,0.43,16,363,4,13,25,0,0,0,1,google_ads,0
30,27856,134201,576,0.57,14,821,9,9,9,0,0,0,0,facebook_ads,0
56,58169,230841,699,0.64,4,584,4,7,24,0,0,0,0,google_ads,0
29,48804,116005,815,0.78,8,892,9,4,24,0,0,1,0,referral,0
47,149557,401826,798,0.88,12,541,8,4,15,1,0,1,0,organic_search,1
54,55790,134461,610,0.61,23,411,7,3,4,0,1,0,0,google_ads,0
21,50988,226915,570,0.68,14,452,2,11,20,0,0,1,0,referral,0
52,129979,308939,748,0.87,20,377,0,8,21,1,1,1,0,organic_search,1
45,96448,483892,411,0.54,13,182,4,6,25,1,0,0,0,referral,0
49,58506,121812,538,0.53,5,880,2,10,3,0,1,0,0,google_ads,0
27,133430,399956,443,0.75,12,481,4,6,20,0,0,1,0,referral,0
23,107904,600233,673,0.66,10,319,8,10,26,0,0,0,0,facebook_ads,0
40,87306,425540,319,0.97,21,765,0,10,21,0,1,0,0,google_ads,1
40,32305,74038,588,0.61,19,148,0,9,7,1,0,0,1,organic_search,0
50,29969,158371,496,0.86,13,243,8,11,21,0,0,0,0,facebook_ads,0
55,32404,128713,681,0.75,9,594,2,3,25,0,0,0,0,google_ads,0
55,28989,156167,791,0.43,11,761,9,4,22,0,1,1,1,facebook_ads,0
59,85305,375594,463,0.45,5,468,4,3,3,0,0,0,1,referral,0
47,55983,264650,548,0.52,13,784,8,3,22,0,1,0,0,organic_search,0
46,130284,778317,367,0.49,10,594,4,1,22,1,0,0,0,facebook_ads,0
34,59462,174184,320,0.6,18,658,2,14,15,1,0,1,0,referral,1
37,39360,176953,811,0.75,15,476,8,10,28,0,0,1,0,referral,0
38,105657,405858,689,0.76,20,872,6,6,10,0,0,0,0,organic_search,1
49,46287,99878,835,0.75,12,71,6,9,16,0,0,1,0,google_ads,0
40,85472,175891,410,0.47,4,424,7,5,17,0,0,0,0,organic_search,0
47,135440,335473,759,0.76,5,276,4,12,23,0,0,1,0,organic_search,1
38,128965,592770,377,0.65,8,320,1,12,19,0,0,0,1,referral,0
24,81313,347096,733,0.94,5,277,8,12,1,0,0,1,0,organic_search,0
21,54160,228214,679,0.95,1,642,2,14,1,0,0,1,0,organic_search,0
21,26789,56991,739,0.86,18,628,1,10,21,0,1,1,1,google_ads,1
46,47181,182930,638,0.82,19,894,9,2,14,1,1,0,0,organic_search,1
40,34385,195942,723,0.47,19,478,9,10,26,1,0,1,0,organic_search,1
43,102597,368360,468,0.45,10,113,4,4,26,0,1,0,1,referral,0
30,85641,385357,561,0.9,22,802,7,12,2,0,1,0,0,google_ads,1
31,64247,328898,528,0.66,9,250,2,6,2,1,0,1,0,organic_search,0
25,106673,547840,460,0.67,1,695,5,14,28,1,0,1,0,google_ads,1
21,120250,490273,726,0.91,22,80,8,7,20,0,0,0,0,google_ads,0
37,25544,138750,421,0.77,20,579,1,12,10,0,1,0,0,referral,0
42,135783,484135,448,0.51,3,800,7,13,15,0,1,1,0,organic_search,1
54,33275,184835,410,0.53,13,216,9,13,27,1,0,1,0,facebook_ads,0
49,125289,370969,520,0.4,6,554,6,7,28,1,0,0,0,google_ads,0
24,83248,259805,363,0.83,6,252,2,14,28,0,0,1,0,referral,0
25,54550,120690,653,0.69,18,494,0,4,15,1,0,1,0,google_ads,0
31,73693,381901,773,0.97,5,448,5,10,7,0,0,0,0,facebook_ads,0
41,148924,546286,784,0.83,17,116,1,10,8,0,0,0,1,facebook_ads,0
55,39641,115611,312,0.46,3,288,2,5,11,0,0,1,0,organic_search,0
32,91749,268564,452,0.5,5,210,4,13,16,0,0,0,1,referral,0
46,144877,812122,538,0.7,3,340,7,4,26,1,1,0,0,facebook_ads,1
39,100021,533678,489,0.95,23,202,1,12,23,1,0,0,0,google_ads,1
27,35605,150043,385,0.55,13,351,5,10,25,1,0,1,0,facebook_ads,0
27,123173,549898,320,0.9,15,736,0,6,7,0,0,1,0,google_ads,0
46,70713,275589,618,0.59,17,369,6,11,20,1,0,1,0,referral,1
25,40390,144057,457,0.56,15,525,3,14,9,0,0,0,1,organic_search,0
41,95403,540162,780,0.94,5,274,0,7,25,0,1,1,1,facebook_ads,0
34,78466,196357,375,0.43,22,534,8,2,19,0,0,0,0,referral,0
24,23981,88101,628,0.8,14,358,8,14,26,0,1,0,0,referral,0
43,29493,99634,715,0.43,11,225,2,10,24,1,0,1,1,facebook_ads,0
40,91218,364197,502,0.88,14,91,5,12,1,0,0,0,1,referral,0
35,91318,349796,528,0.9,7,54,6,3,18,0,0,0,0,organic_search,0
49,135631,552772,451,0.94,3,593,3,11,8,1,1,0,1,organic_search,1
28,139238,356404,371,0.51,23,591,5,8,29,0,0,1,0,facebook_ads,1
39,115335,467402,524,0.47,20,407,8,7,8,0,0,0,0,facebook_ads,0
59,127441,378458,772,0.7,10,324,9,12,22,0,0,1,1,referral,1
48,36984,101237,659,0.56,11,81,5,1,8,0,0,0,0,referral,0
47,145580,328914,839,0.76,6,873,6,4,14,0,0,0,0,referral,1
24,131316,663225,345,0.71,5,69,5,5,24,1,0,0,0,facebook_ads,0
35,42760,158629,300,0.49,20,773,6,14,2,1,0,0,0,facebook_ads,0
55,111529,502613,544,0.84,22,601,0,3,3,0,0,1,0,google_ads,0
57,21524,105690,518,0.88,13,757,5,4,7,0,0,0,0,referral,0
21,138454,653124,590,0.98,12,486,8,10,3,1,1,0,0,facebook_ads,1
23,69402,269418,757,0.64,19,881,2,10,29,0,0,1,0,google_ads,1
44,111656,396556,503,0.6,19,738,5,14,15,1,0,0,0,organic_search,1
47,85614,299977,501,0.52,21,817,3,10,11,1,0,0,1,google_ads,1
56,55891,254873,781,0.51,5,882,6,7,2,1,1,0,1,organic_search,1
54,111009,441724,810,0.59,20,31,6,8,22,1,0,0,0,facebook_ads,1
49,59832,322885,577,0.99,21,498,8,12,18,1,1,0,0,referral,1
44,65836,362019,315,0.46,9,135,3,9,14,0,0,0,0,organic_search,0
44,93953,252004,824,0.56,4,245,7,13,18,0,1,1,0,referral,1
24,33362,84904,655,0.45,15,806,7,2,27,1,1,0,0,referral,1
23,86745,392226,655,0.56,3,708,7,4,2,0,0,1,0,organic_search,0
54,57921,185631,377,0.46,23,788,7,1,4,0,0,0,1,referral,0
43,90434,187585,366,0.7,7,443,5,3,14,1,0,1,1,referral,0
43,147717,820504,513,0.66,24,239,7,8,7,0,1,0,0,referral,1
25,38562,112122,748,0.5,20,87,5,7,15,0,0,0,0,referral,0
51,84510,483154,732,0.5,20,72,9,8,6,0,1,1,1,google_ads,1
26,96407,469476,844,0.78,14,167,1,11,5,0,0,1,0,organic_search,0
57,27610,139447,414,0.63,14,650,2,6,20,1,0,1,0,referral,0
30,129381,363023,719,0.43,9,518,5,5,18,1,0,0,0,referral,1
27,112918,331615,798,0.95,23,589,6,12,11,1,1,0,0,facebook_ads,1
59,35791,146208,679,0.64,3,667,3,12,8,0,0,0,1,facebook_ads,0
58,78047,209821,442,0.75,9,498,0,10,29,0,1,1,0,organic_search,0
41,120848,389339,323,0.93,21,755,3,9,12,0,0,0,0,referral,1
40,123826,406873,838,0.64,4,669,5,5,18,0,0,1,1,organic_search,1
23,87906,231941,374,0.89,17,418,7,9,15,1,0,1,0,facebook_ads,1
42,39665,111884,834,0.95,6,227,3,13,27,0,0,1,0,facebook_ads,0
24,90246,465146,340,0.5,16,231,9,4,8,0,0,0,0,facebook_ads,0
48,85864,229152,712,0.94,18,221,0,12,26,0,0,0,0,google_ads,0
32,66451,140466,714,0.47,13,136,4,5,4,0,0,0,1,google_ads,0
58,123883,559631,748,0.57,7,735,6,1,28,1,1,0,0,facebook_ads,1
56,106148,626690,735,0.88,3,356,5,6,21,0,0,1,1,facebook_ads,0
25,65890,219074,538,0.94,6,779,2,3,15,0,1,0,1,google_ads,0
33,26794,66305,341,0.81,24,673,6,11,11,0,0,0,0,facebook_ads,0
43,52888,226442,309,0.46,3,386,3,10,1,0,0,0,1,facebook_ads,0
50,26749,150474,564,0.71,12,624,4,2,2,0,0,0,0,google_ads,0
57,66531,341719,744,0.74,5,530,6,6,27,1,0,1,1,google_ads,1
45,135652,609086,438,0.57,22,313,1,1,8,1,0,0,0,google_ads,0
47,40608,132391,495,0.99,17,497,3,14,16,0,0,0,0,facebook_ads,0
34,100986,420861,373,0.6,10,537,3,12,1,0,1,0,0,facebook_ads,0
56,89211,210982,524,0.53,7,763,5,9,3,1,0,0,1,referral,1
59,140382,662010,401,0.47,4,135,6,5,18,1,0,1,0,facebook_ads,0
36,103996,509620,563,0.63,10,323,3,7,26,0,0,0,0,facebook_ads,0
42,76017,445469,460,0.82,7,95,9,11,16,0,0,0,0,google_ads,0
41,123947,376995,532,0.54,23,224,0,10,21,0,0,1,0,organic_search,0
41,77676,161086,790,0.86,11,217,0,9,28,0,0,0,0,facebook_ads,0
28,31560,131997,610,0.48,21,76,4,9,20,1,1,0,0,facebook_ads,0
36,74401,359145,526,0.66,8,391,0,13,20,0,0,1,0,facebook_ads,0
51,70468,363729,572,0.82,8,566,2,7,13,0,0,0,0,referral,0
30,135884,377072,616,0.48,5,607,8,4,20,0,0,0,0,google_ads,0
52,52463,159855,385,0.76,5,516,2,4,27,1,0,0,1,referral,0
54,51663,209253,590,0.88,7,876,2,7,4,0,0,0,0,referral,0
29,133687,444162,768,0.76,22,608,8,8,4,1,1,1,0,organic_search,1
37,88706,482742,703,0.71,4,738,4,7,22,0,0,0,0,facebook_ads,0
31,78773,306824,726,0.9,2,275,7,11,2,0,0,0,0,referral,0
52,53123,276150,674,0.99,24,837,9,14,13,0,0,1,0,referral,1
30,114346,494258,551,0.51,19,641,8,14,13,0,0,0,0,referral,1
42,29718,151334,832,0.81,2,207,5,10,20,0,1,1,1,google_ads,0
37,146777,488868,606,0.45,16,144,6,4,7,0,1,0,0,facebook_ads,0
24,82637,440097,729,0.43,12,709,6,4,7,0,0,0,1,referral,0
45,20028,62052,563,0.57,15,660,6,8,17,0,0,1,0,facebook_ads,0
41,82370,344668,367,0.98,10,194,3,12,10,1,1,1,0,facebook_ads,1
57,67599,193064,406,0.73,23,248,1,14,12,0,0,0,0,organic_search,0
58,37397,145927,699,0.56,6,226,1,9,25,0,1,1,0,google_ads,0
21,129198,422826,498,0.48,24,430,6,7,23,0,0,1,0,referral,1
45,127323,390475,491,0.95,13,859,9,12,27,0,0,1,0,referral,1
56,65406,383798,813,0.62,6,778,6,14,22,1,0,1,0,organic_search,1
37,67657,178634,741,0.58,23,710,9,13,16,0,1,1,0,referral,1
44,87560,450873,300,0.91,2,105,6,14,2,0,0,0,0,google_ads,0
22,143178,849999,657,0.76,14,455,7,3,22,0,0,0,0,referral,0
35,124143,258168,414,0.5,18,316,2,12,21,0,0,0,0,google_ads,0
52,144745,694212,496,0.65,6,574,4,10,9,0,0,1,0,referral,1
59,146896,442398,573,0.96,19,328,5,1,12,0,0,0,1,facebook_ads,0
26,33503,72431,459,0.94,14,890,7,5,17,0,0,0,0,facebook_ads,0
21,74943,270661,472,0.44,13,771,7,6,16,1,1,1,0,organic_search,1
43,95839,550199,844,0.56,8,736,9,11,5,0,0,0,0,referral,1
59,102674,210179,757,0.49,5,323,2,9,19,1,0,0,0,referral,0
37,45345,197320,732,0.72,13,838,3,5,25,0,1,0,1,google_ads,0
54,138423,554465,780,0.85,6,476,5,1,28,0,1,0,0,referral,1
49,70390,386690,754,0.58,22,443,3,11,17,1,0,1,1,organic_search,1
29,115041,268736,495,0.85,19,460,9,11,22,0,0,0,0,referral,1
33,79557,375994,608,0.8,11,819,3,4,3,0,1,0,0,facebook_ads,0
26,85054,401492,793,0.84,16,259,4,2,17,0,0,0,0,organic_search,0
26,21906,102439,738,0.97,5,125,9,4,27,0,0,1,0,facebook_ads,0
40,60167,347123,658,0.65,12,468,6,14,15,0,0,0,0,organic_search,0
23,27961,147979,335,0.61,17,200,1,7,19,0,0,1,0,organic_search,0
37,46140,100026,333,0.81,2,346,1,9,15,1,0,1,0,organic_search,0
32,144098,559724,387,0.88,10,871,9,12,18,1,0,0,0,organic_search,1
21,139289,500299,315,0.51,15,573,8,3,26,0,1,0,0,google_ads,1
37,78701,255037,720,0.91,19,520,3,3,12,0,0,1,0,organic_search,0
23,97567,371276,425,0.43,20,417,4,11,28,1,0,1,1,facebook_ads,1
46,100664,356026,307,0.4,17,586,2,4,12,0,0,0,0,referral,0
35,101199,377405,771,0.5,19,101,1,7,24,0,0,0,0,google_ads,0
56,149856,886705,767,0.99,19,561,9,6,3,0,0,1,0,google_ads,1
52,119764,281988,809,0.71,13,268,7,14,11,0,0,1,0,google_ads,1
52,101218,575821,701,0.43,13,740,3,5,23,1,0,0,0,referral,1
24,142357,558174,475,1.0,16,606,0,4,10,1,0,0,0,referral,1
38,100729,452773,666,0.85,22,729,5,12,22,1,0,1,0,google_ads,1
39,48561,258380,787,0.9,21,118,5,8,15,1,0,1,1,google_ads,1
55,70568,242884,317,0.53,3,742,1,12,23,0,1,0,1,organic_search,0
34,129349,481396,355,0.46,4,564,1,4,11,0,0,0,1,organic_search,0
53,93302,339439,334,0.71,7,837,7,3,23,0,0,1,1,referral,0
34,115380,403705,646,0.86,3,671,6,7,26,0,1,1,0,organic_search,1
54,114968,655561,331,0.78,9,183,1,2,1,0,1,0,1,facebook_ads,0
24,49504,263149,432,0.78,8,619,9,4,20,0,0,0,0,facebook_ads,0
44,136116,331578,498,0.85,18,219,0,8,4,1,0,0,0,organic_search,1
49,57146,139007,555,0.54,21,841,7,4,21,0,0,1,1,organic_search,1
39,60297,223790,641,0.8,14,444,9,10,26,0,0,0,0,google_ads,0
26,106394,254774,530,0.64,20,183,1,12,21,0,1,1,1,organic_search,1
53,147173,658801,600,0.44,5,654,4,7,8,1,0,0,0,facebook_ads,1
39,145942,375766,846,0.52,3,368,5,2,20,0,0,0,0,referral,0
21,88607,362357,325,0.88,10,658,9,11,13,1,1,1,0,referral,1
25,36939,74944,834,0.94,11,546,0,5,17,1,0,0,0,google_ads,0
47,110467,360827,773,0.57,17,867,1,12,15,0,0,1,1,referral,1
36,70715,332980,686,0.51,8,64,9,13,21,1,1,1,1,organic_search,1
26,64460,253724,584,0.42,9,813,3,4,1,0,0,0,0,google_ads,0
33,86576,511930,749,0.97,8,700,1,9,28,0,0,1,0,organic_search,0
55,88222,484904,619,0.81,20,751,5,7,3,0,0,1,0,referral,1
39,32666,112249,455,0.97,2,555,3,14,24,1,1,0,0,organic_search,0
32,82119,179179,770,0.92,4,566,2,9,26,0,0,0,0,google_ads,0
36,55321,297765,719,0.6,16,876,5,11,21,0,0,1,0,google_ads,1
30,21779,122941,412,0.47,9,247,8,13,23,0,0,0,0,facebook_ads,0
45,33186,175305,721,0.7,9,283,7,13,17,0,1,0,0,referral,0
40,36459,91577,584,0.42,21,232,1,10,22,0,0,0,1,organic_search,0
51,106246,636589,353,0.49,5,130,2,7,28,1,0,0,0,facebook_ads,0
24,107755,326964,624,0.54,3,390,1,2,24,0,0,1,0,facebook_ads,0
43,25057,122699,757,0.8,14,770,9,12,22,0,1,0,0,referral,1
22,80663,454305,564,0.71,15,740,6,2,4,0,0,0,0,organic_search,0
42,38733,113981,681,0.58,6,207,8,2,27,1,0,0,1,referral,0
57,39157,220572,512,0.74,16,305,0,5,8,0,0,0,0,organic_search,0
28,55030,178183,632,0.48,23,341,2,1,15,0,1,0,1,facebook_ads,0
27,39613,233940,309,0.85,10,671,5,13,8,1,1,1,0,facebook_ads,1
34,128612,401917,657,0.83,14,439,3,7,14,0,0,0,0,facebook_ads,0
23,135080,785320,502,0.53,12,820,9,2,6,0,0,1,0,organic_search,1
36,103028,228122,357,0.76,9,317,9,4,24,1,0,0,1,google_ads,0
39,106282,514095,793,0.7,23,682,0,9,28,0,0,0,0,referral,1
38,25188,103987,809,0.44,19,554,8,8,22,0,1,1,0,organic_search,1
36,127106,497176,522,0.57,12,430,6,10,15,0,0,0,1,referral,0
28,148346,429309,668,1.0,13,246,6,2,20,0,0,0,0,referral,0
53,49680,239575,717,0.46,23,727,0,14,27,0,0,1,1,facebook_ads,0
32,123361,340875,846,0.7,13,499,8,4,28,0,0,0,1,referral,1
31,80119,337410,402,0.91,17,56,7,4,22,0,0,0,0,google_ads,0
25,122302,368493,460,0.58,2,759,9,2,9,0,0,1,0,organic_search,0
47,94400,549642,499,0.56,20,451,4,2,24,0,0,1,0,google_ads,0
32,75718,160107,459,0.93,23,43,3,5,23,0,0,0,1,google_ads,0
37,56445,157984,435,0.58,9,530,0,11,5,0,0,0,0,facebook_ads,0
26,25796,76594,697,0.79,21,683,8,4,13,0,1,1,0,organic_search,1
53,67218,245767,691,0.84,8,354,7,8,7,1,1,1,0,organic_search,1
25,59131,173308,405,0.87,7,353,1,4,17,0,1,0,0,google_ads,0
48,28123,111518,353,1.0,5,596,3,8,8,1,1,0,0,organic_search,0
34,28222,154934,576,0.88,19,732,3,14,5,0,1,0,0,referral,0
25,44074,213681,410,0.79,3,314,6,5,23,0,0,0,0,organic_search,0
53,131958,570038,523,0.94,13,118,2,1,7,1,0,1,1,organic_search,1
39,136088,320625,374,0.94,6,74,7,14,8,0,0,0,0,referral,0
42,49825,237962,805,0.98,11,673,6,14,7,0,0,0,0,referral,0
25,56839,151513,313,0.87,4,527,9,9,22,0,1,0,0,referral,0
22,127112,654050,781,0.52,3,527,3,8,12,0,0,0,0,referral,0
50,147514,442575,488,0.83,4,607,8,1,6,1,0,1,0,organic_search,1
59,88322,323982,663,0.45,3,820,5,12,21,0,0,0,0,facebook_ads,0
24,76321,259634,538,0.59,13,865,2,3,21,0,1,0,0,facebook_ads,0
53,119174,647741,700,0.47,15,689,6,3,4,0,0,1,0,referral,1
33,122500,307006,603,0.97,12,174,5,5,23,0,0,1,1,organic_search,1
40,130100,554561,390,0.6,15,547,7,7,29,1,0,1,0,organic_search,1
27,45988,118108,691,0.83,11,111,4,1,28,0,1,0,0,organic_search,0
35,55507,267498,483,0.74,11,664,5,1,27,0,1,0,0,organic_search,0
43,119244,670188,316,0.46,13,196,0,10,3,1,1,1,0,organic_search,1
34,118644,443542,311,0.74,12,778,7,13,5,0,0,0,0,facebook_ads,0
43,145788,576207,465,0.8,6,134,0,6,19,1,0,0,0,google_ads,0
39,115251,658047,445,0.93,23,831,2,14,8,0,0,0,1,google_ads,1
49,43806,178902,581,0.44,20,517,1,5,5,0,1,1,0,google_ads,0
40,56901,224781,848,0.58,19,779,5,12,27,0,0,1,0,referral,1
49,37043,159778,468,0.82,19,339,7,12,13,0,0,1,0,referral,0
44,95761,455527,469,0.42,3,111,7,13,10,0,0,1,0,facebook_ads,0
38,29752,72223,645,0.52,16,123,6,3,6,1,0,0,0,facebook_ads,0
30,88993,470278,798,0.53,9,350,6,13,1,0,0,1,1,organic_search,1
28,62616,234310,759,0.8,14,372,7,3,11,0,0,1,0,facebook_ads,0
46,72127,165127,596,0.57,3,826,4,4,20,0,0,0,1,referral,0
49,94777,487602,441,0.76,3,838,2,13,9,0,0,0,0,facebook_ads,0
30,20453,71745,352,0.98,24,390,1,11,16,1,1,1,0,organic_search,1
37,95432,229177,417,0.88,20,860,2,10,15,0,1,1,0,organic_search,1
22,142872,647941,664,0.6,7,95,2,2,5,0,0,0,0,organic_search,0
26,107362,592694,435,0.68,19,653,6,13,15,0,0,0,1,referral,1
25,30976,171948,713,0.52,24,897,0,9,1,0,0,0,0,google_ads,0
48,134176,782333,376,0.41,3,458,6,13,15,0,0,1,0,google_ads,0
25,119122,651695,317,0.57,21,430,5,12,4,1,0,0,0,referral,1
38,90404,181582,702,0.62,1,200,9,4,28,0,0,1,1,organic_search,0
46,101932,358898,504,0.74,12,788,1,10,16,0,0,0,1,organic_search,0
40,117170,617974,798,0.97,21,607,9,3,22,0,0,0,0,referral,1
47,97707,338555,623,0.97,6,97,0,10,7,0,1,0,0,google_ads,0
32,109647,483125,580,0.44,7,521,8,11,23,0,0,1,0,organic_search,0
27,53688,237583,465,0.77,2,63,1,7,8,1,0,0,0,organic_search,0
23,106840,369677,542,0.43,18,30,3,13,21,1,0,0,0,google_ads,0
30,137106,770247,778,0.79,15,180,8,9,22,0,0,0,1,referral,1
54,127810,512890,463,0.47,15,813,8,12,27,0,1,1,0,facebook_ads,1
45,124779,481539,623,0.97,10,287,0,13,27,1,0,1,0,organic_search,1
55,113789,681602,507,0.92,17,779,1,2,2,1,0,0,0,google_ads,1
36,116516,463034,614,0.41,18,657,1,14,12,1,0,0,0,referral,1
22,22017,59745,603,0.87,18,617,1,6,26,0,0,1,0,google_ads,0
44,27957,113289,538,0.78,15,824,7,5,28,0,0,0,0,google_ads,0
30,134534,707119,523,0.7,23,48,7,1,2,0,0,1,0,facebook_ads,0
58,127724,652342,387,0.76,6,825,9,11,14,0,0,0,0,organic_search,1
42,24792,127786,836,0.81,9,64,7,7,19,0,1,1,0,organic_search,0
46,75982,367152,728,0.93,11,400,3,1,20,1,0,0,1,organic_search,0
59,33237,100271,519,0.86,15,520,7,10,6,0,0,1,0,facebook_ads,0
47,71586,390024,574,0.75,23,865,6,9,22,0,0,1,0,google_ads,1
49,101787,567337,365,0.89,3,846,7,4,19,0,0,0,0,referral,0
58,39252,108987,722,0.99,19,270,0,14,17,0,0,1,0,google_ads,0
40,30707,77437,554,0.58,1,36,2,8,3,0,0,1,0,organic_search,0
47,54206,319946,424,0.47,24,578,9,1,20,0,0,1,0,facebook_ads,0
40,114276,625466,445,0.84,17,400,5,5,25,0,0,0,1,google_ads,0
39,23543,131203,684,0.99,11,694,0,3,10,0,0,0,0,facebook_ads,0
40,64135,355660,746,0.47,18,786,3,4,24,0,1,0,0,referral,0
55,136469,568631,686,0.66,11,279,8,12,13,0,1,0,0,referral,1
22,133824,613664,682,0.44,7,144,6,4,20,0,1,0,0,organic_search,0
50,124647,521205,576,0.87,1,582,0,8,23,1,1,0,0,facebook_ads,1
54,55031,121333,681,0.97,12,366,5,10,29,0,0,0,0,organic_search,0
42,62929,313513,423,0.7,4,603,5,10,29,0,0,0,0,facebook_ads,0
23,85747,344816,566,0.65,8,710,1,13,25,1,1,0,0,facebook_ads,1
26,77851,357401,410,0.94,15,171,5,3,18,0,1,0,0,referral,0
35,75311,302039,680,0.48,11,514,9,1,19,0,0,1,0,google_ads,0
47,132113,524124,457,0.93,8,467,1,5,17,1,0,1,0,google_ads,1
30,125331,336784,847,0.64,12,799,7,2,8,1,0,0,0,referral,1
29,85867,267463,417,0.74,3,117,6,13,18,0,1,0,0,referral,0
53,108780,286679,627,0.72,21,492,5,11,7,1,0,0,1,facebook_ads,1
52,77196,214810,367,0.77,4,77,9,13,23,0,1,0,0,google_ads,0
26,93705,552101,733,0.97,12,510,5,14,11,1,0,1,0,organic_search,1
56,77894,203494,658,0.97,8,852,8,6,3,0,0,1,0,organic_search,1
22,107640,331217,742,0.9,23,553,8,4,2,0,0,0,0,google_ads,1
49,127437,555925,463,0.51,23,240,9,9,19,0,0,1,1,google_ads,1
24,34591,153608,660,0.6,10,273,9,7,28,1,1,1,0,google_ads,1
21,117247,306706,418,0.69,23,268,1,2,24,1,0,0,0,facebook_ads,0
39,68893,356512,494,0.94,1,226,2,7,28,1,0,0,0,referral,0
46,20727,106553,540,0.71,13,798,9,10,25,0,1,0,1,referral,0
45,41359,121978,808,0.99,7,264,6,14,11,0,0,0,0,facebook_ads,0
30,63822,201337,441,0.99,20,216,9,8,8,0,1,0,0,organic_search,0
35,121547,699132,330,0.76,3,742,8,3,11,0,0,0,1,facebook_ads,0
42,135336,717644,522,0.93,16,644,5,3,2,0,1,0,1,google_ads,1
41,123399,591227,565,1.0,12,319,0,11,12,1,1,0,0,referral,1
42,132113,307682,581,0.91,5,250,6,2,29,1,0,1,0,referral,1
56,108534,398651,680,0.79,18,526,0,12,9,0,0,0,1,facebook_ads,0
54,30929,131052,361,0.91,8,525,4,1,6,1,0,0,0,referral,0
50,148588,408564,820,0.45,12,331,8,3,12,1,0,0,1,facebook_ads,1
45,80091,303777,370,0.78,21,216,9,10,18,0,0,0,0,referral,0
48,100378,442075,835,0.53,3,479,9,12,25,0,1,0,0,facebook_ads,1
21,43519,144026,439,0.47,16,441,8,11,5,0,0,0,0,google_ads,0
24,37393,191593,615,0.94,10,640,0,7,22,1,0,0,0,facebook_ads,0
27,54318,291242,639,0.78,23,274,5,11,17,0,0,0,1,referral,0
29,94531,311426,827,0.55,17,342,2,9,16,0,0,1,0,facebook_ads,0
56,114192,611455,840,0.63,10,848,8,14,12,0,1,1,0,facebook_ads,1
39,67934,164013,715,0.98,3,525,2,9,29,1,0,1,0,referral,1
21,125796,673123,766,0.92,2,51,1,13,2,0,0,1,0,google_ads,0
30,130805,341532,674,0.41,14,97,7,6,16,0,0,1,1,facebook_ads,0
56,101103,235742,590,0.99,9,421,2,14,1,1,0,0,1,organic_search,1
29,48840,223057,342,0.62,17,345,4,6,20,0,0,0,1,organic_search,0
52,138089,536855,352,0.82,4,94,5,11,2,0,0,0,0,google_ads,0
52,109367,615907,531,0.83,22,833,9,5,13,0,1,0,0,google_ads,1
26,33265,114855,511,0.95,15,758,9,2,16,0,0,1,0,referral,0
58,25424,80050,307,0.93,13,570,0,7,1,1,1,0,1,referral,0
37,40625,162619,782,0.57,23,734,6,1,19,0,0,0,0,facebook_ads,0
30,99622,380933,341,0.79,19,597,6,6,4,1,1,1,0,google_ads,1
47,49187,166139,632,0.64,9,879,4,14,20,0,1,1,0,facebook_ads,1
55,55929,267059,532,0.72,4,241,8,4,3,0,1,0,0,referral,0
41,81892,412592,369,0.73,21,779,1,3,2,0,1,0,0,facebook_ads,0
45,40539,219394,315,0.64,8,229,4,11,12,0,0,1,0,facebook_ads,0
48,76630,451460,368,0.68,15,207,1,13,24,1,0,0,0,facebook_ads,0
35,110639,339288,352,0.53,14,452,1,1,26,0,0,0,0,google_ads,0
24,113410,551668,678,0.76,3,694,8,14,13,0,1,1,0,organic_search,1
49,29215,104503,762,0.86,24,491,6,6,27,1,0,0,0,google_ads,1
29,59385,279604,826,0.66,17,73,3,13,18,0,1,1,0,facebook_ads,0
47,107580,419984,362,0.99,8,460,7,7,5,1,0,0,0,referral,1
46,97462,582344,560,0.43,14,197,3,11,23,0,0,0,0,organic_search,0
39,133396,655722,799,0.75,13,316,0,1,25,1,0,0,0,facebook_ads,0
48,117037,679980,420,0.75,15,738,9,11,12,1,0,0,0,facebook_ads,1
37,115310,615741,539,0.42,11,366,2,1,19,0,0,1,1,referral,0
40,45008,252567,764,0.53,15,615,9,7,1,0,0,0,1,facebook_ads,0
59,68928,362401,406,0.94,12,200,0,11,9,1,0,0,0,facebook_ads,0
43,103096,395541,479,0.73,24,212,1,12,1,0,0,1,0,organic_search,0
52,109876,330414,315,0.66,22,45,1,6,24,0,0,1,0,google_ads,0
53,44976,156574,654,0.65,21,525,6,7,18,1,1,0,1,referral,1
25,133942,278725,608,0.93,9,609,3,13,23,0,0,1,0,referral,1
54,144984,593850,480,0.62,22,866,9,8,28,0,0,1,0,referral,1
31,47626,191467,473,0.92,15,583,8,8,3,0,1,1,0,google_ads,1
23,118256,484968,653,0.59,1,139,1,9,6,0,0,0,0,google_ads,0
53,120537,710701,653,0.72,12,582,8,13,22,1,0,0,0,organic_search,1
31,79789,450474,518,0.49,6,335,5,9,4,0,1,0,0,organic_search,0
36,24700,65377,614,0.9,1,35,9,7,24,1,0,0,0,referral,0
38,129331,449493,733,0.84,22,872,7,9,12,0,0,1,0,google_ads,1
50,83645,309137,581,0.72,19,722,6,6,12,1,0,0,0,organic_search,1
30,140594,483943,558,0.42,22,302,7,9,5,0,0,0,0,facebook_ads,0
38,93396,485097,304,0.69,13,390,8,11,23,0,0,0,0,google_ads,0
58,27526,112750,693,0.54,6,214,7,2,29,0,0,0,0,facebook_ads,0
39,123863,531173,635,0.65,17,864,5,11,21,0,0,0,1,organic_search,1
56,59500,322017,362,0.91,13,685,7,2,13,0,1,0,0,facebook_ads,0
33,88049,459942,343,0.86,9,129,7,14,12,1,0,0,0,organic_search,0
23,93366,236108,452,0.55,8,119,1,6,4,0,0,0,0,referral,0
30,100317,487105,455,0.99,15,275,1,3,6,0,0,1,0,referral,0
58,79117,296035,777,0.94,18,268,0,2,19,0,0,1,0,referral,0
21,76096,241878,574,0.72,2,753,9,8,6,0,0,0,0,google_ads,0
47,27910,61404,657,0.72,21,110,1,7,6,1,0,0,0,google_ads,0
28,101383,400361,725,0.94,2,144,6,8,11,0,0,0,1,referral,0
37,91185,312011,831,0.78,11,305,2,6,27,1,0,1,1,google_ads,1
29,70248,211169,782,0.72,1,109,3,9,22,0,1,1,0,organic_search,0
26,94656,452331,513,0.85,18,597,3,9,14,1,0,0,1,facebook_ads,1
45,21951,111465,378,0.54,21,208,3,2,27,0,0,1,0,organic_search,0
59,85212,253860,438,0.93,7,338,1,10,3,1,0,1,0,referral,0
48,95701,210330,397,0.72,21,590,5,5,29,0,0,0,0,facebook_ads,0
53,99888,538896,497,0.76,17,538,0,9,8,0,0,0,0,organic_search,0
57,95282,194359,455,0.45,16,289,4,3,4,0,0,1,0,facebook_ads,0
29,129274,743125,349,0.59,7,815,1,5,27,1,1,0,0,google_ads,1
38,114533,516598,778,0.66,22,321,8,8,16,0,0,0,0,facebook_ads,0
41,61954,203666,527,0.65,7,320,1,2,18,0,0,0,0,facebook_ads,0
22,109719,327611,756,0.87,2,571,5,6,7,0,1,1,1,referral,1
58,28804,58645,821,0.57,5,793,3,11,11,0,0,1,0,google_ads,0
56,112705,331565,448,0.51,14,92,5,4,8,0,1,0,0,organic_search,0
57,20595,52536,357,0.75,8,623,1,12,27,0,0,0,1,referral,0
35,49592,220618,461,0.77,12,434,1,14,20,0,0,1,0,facebook_ads,0
48,60643,161685,776,0.47,7,509,6,12,6,1,0,1,0,organic_search,1
38,143721,591342,406,0.4,6,354,2,6,24,0,0,0,0,facebook_ads,0
54,82665,360457,726,0.95,13,410,2,3,16,0,0,0,0,facebook_ads,0
42,40823,130313,694,0.45,22,710,6,6,5,0,0,1,0,organic_search,0
31,25972,55586,485,0.94,12,339,7,7,25,1,0,0,0,facebook_ads,0
33,35882,77110,745,0.64,17,372,6,10,6,0,0,0,1,facebook_ads,0
24,86394,181893,747,0.79,16,699,2,3,6,1,0,1,0,organic_search,1
42,91055,451313,386,0.51,1,504,2,5,28,0,0,1,0,organic_search,0
27,43769,143213,548,0.89,7,85,6,13,29,0,0,0,1,referral,0
44,45020,233437,739,0.51,3,876,2,12,2,0,0,1,0,organic_search,0
24,62748,233857,556,0.63,6,454,1,8,7,0,0,0,0,referral,0
48,122621,467430,576,0.54,21,171,6,2,9,0,0,0,1,organic_search,0
35,105374,426925,737,0.9,3,690,2,7,15,0,0,0,0,referral,0
21,64912,314961,815,0.92,22,405,4,13,21,1,0,1,0,referral,1
23,32879,101728,501,0.62,3,255,6,1,14,1,0,0,0,facebook_ads,0
34,53798,133760,479,0.58,8,503,1,7,21,0,1,0,0,google_ads,0
58,127791,539818,624,0.86,14,54,7,1,28,0,0,0,0,organic_search,0
21,109826,363294,774,0.93,23,719,1,4,13,0,1,0,0,organic_search,1
58,66073,249092,699,0.77,9,394,3,4,27,0,0,0,0,facebook_ads,0
58,95791,439468,516,0.96,5,124,3,12,5,0,0,1,0,google_ads,0
41,86983,345888,752,0.63,15,537,7,5,17,0,0,0,0,google_ads,0
49,63005,282332,703,0.49,17,594,0,2,5,0,0,0,0,organic_search,0
25,114731,479208,539,0.51,10,845,8,14,26,0,0,0,0,organic_search,1
30,22850,113317,485,0.8,8,611,5,14,24,0,1,0,1,referral,0
48,48400,233469,347,0.64,18,205,3,12,3,1,0,1,0,google_ads,0
41,144948,599615,685,0.49,6,673,5,11,9,0,0,1,0,google_ads,1
27,31953,150677,507,0.58,17,437,5,12,9,1,0,0,0,referral,0
23,126410,694526,456,0.72,22,519,8,6,22,0,0,1,0,referral,1
40,145155,541295,524,0.47,4,880,3,6,4,0,0,0,1,organic_search,0
39,43535,158948,443,0.4,21,488,7,14,20,1,0,1,0,google_ads,1
55,95536,483123,718,0.95,15,442,0,8,11,0,0,1,0,facebook_ads,0
24,95039,411539,410,0.58,10,367,5,13,17,0,0,0,0,referral,0
25,141640,323509,764,0.53,23,360,4,10,14,0,0,1,0,google_ads,1
21,101029,562574,431,0.82,13,242,2,12,10,0,0,1,1,google_ads,0
24,24055,51071,633,0.91,22,752,3,1,5,1,0,0,0,google_ads,0
32,58170,290476,374,0.78,1,374,7,4,21,0,0,0,1,google_ads,0
47,145331,731767,711,0.55,22,605,9,12,21,0,0,0,0,referral,1
43,117944,685542,818,0.92,22,576,1,2,28,1,0,0,0,facebook_ads,1
45,127585,282796,335,0.71,9,553,7,11,17,0,0,1,0,facebook_ads,0
41,119976,526385,522,0.63,5,375,6,8,16,1,0,0,0,referral,0
44,48251,179076,829,0.76,11,852,0,12,1,0,0,1,0,google_ads,0
45,24532,81508,540,0.82,22,277,1,4,10,0,0,0,0,referral,0
52,24924,58852,433,0.76,22,653,6,14,12,0,1,0,0,referral,0
52,68037,289199,690,0.95,23,354,2,8,18,1,0,1,1,google_ads,1
25,98082,384105,401,0.78,21,496,1,13,1,0,1,0,0,referral,1
56,112115,271118,797,0.93,21,120,0,2,29,1,1,0,1,referral,1
59,91621,407709,810,0.75,4,323,6,13,24,0,0,0,0,google_ads,0
36,97926,484911,836,0.6,20,570,2,14,28,0,0,0,1,facebook_ads,1
53,98816,500909,844,0.72,16,553,5,4,12,1,0,1,1,referral,1
41,109654,616419,642,0.45,24,688,9,12,20,0,0,0,1,organic_search,1
29,90400,328864,305,0.54,18,678,7,9,6,0,0,1,0,google_ads,0
26,127620,741764,493,0.86,8,879,5,5,8,1,1,1,0,organic_search,1
55,119525,652811,436,0.8,2,698,6,6,14,0,1,0,0,referral,0
59,121164,386029,772,0.5,17,288,5,10,5,0,1,0,0,facebook_ads,1
42,112385,296374,515,0.66,10,116,6,12,22,0,1,0,1,referral,0
25,113102,423177,648,0.49,13,187,4,9,4,0,0,1,1,google_ads,0
43,30702,110760,482,0.91,15,523,8,9,22,0,0,1,1,facebook_ads,0
37,126732,545312,467,0.47,9,215,2,7,16,1,0,0,0,referral,0
32,35385,153342,337,0.79,8,373,5,11,6,0,1,0,0,google_ads,0
43,29336,146678,770,0.76,6,850,8,2,3,0,0,0,0,organic_search,0
36,85421,345063,751,0.68,4,898,0,7,4,0,0,0,0,referral,0
23,51225,123928,789,0.57,18,770,4,9,22,0,0,0,0,organic_search,0
50,56021,304371,441,0.64,24,545,3,2,8,0,0,1,0,google_ads,0
42,23782,77031,402,0.88,3,598,8,7,29,1,0,0,0,google_ads,0
29,108877,640761,341,0.86,4,538,0,12,14,0,1,0,0,organic_search,0
49,135454,334766,446,0.84,21,569,3,7,7,0,0,1,1,facebook_ads,1
57,137369,801274,365,0.85,13,45,0,3,4,1,0,1,0,referral,0
43,109630,259170,492,0.49,20,554,2,6,19,0,0,0,0,google_ads,0
33,69111,202090,597,0.46,11,229,3,8,11,0,0,1,0,facebook_ads,0
52,109402,239187,337,0.92,8,213,0,10,15,0,1,0,0,google_ads,0
43,139774,673773,801,0.9,14,338,4,8,24,0,0,1,1,google_ads,1
37,142652,770491,727,0.81,14,845,5,14,16,0,1,1,0,google_ads,1
41,104585,390759,651,0.76,16,537,0,3,6,0,0,1,0,organic_search,0
22,62719,358381,625,0.62,14,310,9,6,12,0,1,0,0,organic_search,0
57,116528,508201,337,0.53,1,863,9,2,8,0,0,0,1,google_ads,0
26,69037,312049,396,0.8,2,187,3,14,25,0,0,0,1,referral,0
38,100103,538721,407,0.95,20,389,3,2,25,0,0,1,0,facebook_ads,0
50,129987,414294,450,0.66,1,288,0,13,10,1,0,0,1,google_ads,0
42,145695,497848,373,0.58,11,186,1,8,11,1,0,0,0,facebook_ads,0
53,23513,132232,356,0.56,6,454,9,11,9,0,0,0,0,google_ads,0
50,135183,757545,634,0.41,15,635,4,10,26,0,0,1,0,facebook_ads,1
37,33335,196874,551,0.71,12,808,1,5,17,1,1,1,0,referral,1
52,64140,359655,553,0.99,5,50,2,5,28,0,1,0,1,facebook_ads,0
34,124126,311492,684,0.89,23,668,8,11,14,1,1,1,0,google_ads,1
30,100373,531464,755,0.94,12,376,4,4,3,0,0,0,1,referral,0
56,97658,355412,558,0.77,22,892,0,11,9,0,0,0,0,google_ads,0
54,54840,327022,764,0.69,14,379,4,10,20,1,0,0,0,google_ads,0
29,51007,198372,333,0.99,14,414,2,4,26,1,0,0,0,organic_search,0
48,76947,324358,794,0.67,19,467,0,8,28,0,0,0,0,facebook_ads,0
31,126833,522437,625,0.95,5,485,2,3,18,1,1,0,1,google_ads,1
34,138637,455692,537,0.86,3,653,5,11,17,0,0,0,0,referral,0
59,140721,323670,840,0.6,18,775,9,3,5,1,0,1,0,referral,1
39,113220,632062,765,0.7,6,575,4,8,20,0,0,0,0,referral,0
35,46393,241740,603,0.63,9,109,0,3,21,0,0,0,0,organic_search,0
48,77480,198202,416,0.48,7,481,1,12,27,0,0,1,1,google_ads,0
44,137243,700910,506,0.61,21,624,4,2,21,0,0,1,0,referral,1
28,108290,487671,780,0.93,18,570,8,13,24,0,1,0,0,organic_search,1
29,106335,386695,702,0.85,2,518,4,11,6,0,1,0,0,referral,0
53,124263,374787,532,0.57,20,672,4,13,3,0,0,0,0,organic_search,1
53,29107,158310,583,0.62,10,552,0,13,16,0,1,0,0,facebook_ads,0
39,148181,711380,779,0.77,12,421,4,5,15,0,1,0,1,google_ads,1
23,25993,108935,308,0.65,2,603,7,11,25,0,0,0,0,referral,0
30,116341,516353,678,0.7,13,388,8,3,8,0,0,0,0,organic_search,0
21,113650,268698,680,0.82,8,62,9,6,9,0,0,0,0,google_ads,0
49,123325,480434,659,0.68,23,165,2,11,4,0,0,0,0,facebook_ads,0
54,144980,402290,475,0.51,7,629,3,7,13,1,0,1,0,organic_search,1
33,137595,389880,784,0.71,3,439,6,3,24,0,0,0,0,referral,0
21,72066,334762,704,0.61,23,558,6,9,27,0,0,1,0,google_ads,1
54,131850,744296,332,0.57,8,120,0,10,3,0,1,1,1,facebook_ads,0
49,62942,227536,764,0.6,21,442,5,1,21,0,0,0,0,facebook_ads,0
33,36138,102306,456,0.66,1,328,8,14,7,0,0,0,0,organic_search,0
49,138558,636672,501,0.93,15,516,4,7,16,1,0,1,0,facebook_ads,1
59,147408,808495,474,0.84,1,794,7,4,17,1,0,1,0,referral,1
44,64527,322201,543,0.8,12,102,9,7,17,0,0,0,0,organic_search,0
46,29190,159816,568,0.68,11,747,8,9,19,1,0,0,0,facebook_ads,0
37,112259,465450,745,0.4,16,290,9,9,20,0,0,1,0,google_ads,1
27,139773,699913,373,0.6,4,719,9,1,17,0,0,0,0,referral,0
33,98422,251985,395,0.89,2,341,2,10,24,0,0,0,0,google_ads,0
25,75698,256850,472,0.63,23,854,0,13,2,0,0,1,0,facebook_ads,0
46,102315,364056,705,0.74,3,761,1,12,27,1,0,1,0,referral,1
23,113710,459977,454,0.52,4,714,4,4,5,0,0,1,0,google_ads,0
27,49086,280590,482,0.95,18,194,9,7,16,0,0,1,0,facebook_ads,0
59,37322,205165,622,0.95,12,869,6,10,29,0,0,0,0,referral,0
21,128132,325212,588,0.49,24,364,5,6,22,1,0,0,0,referral,1
37,145604,391843,557,0.83,1,531,3,9,11,0,0,0,0,referral,0
45,120814,414459,473,0.45,3,761,8,13,22,0,0,1,0,facebook_ads,0
23,139324,440678,629,0.76,4,833,3,7,6,0,1,0,0,facebook_ads,1
35,103569,461822,530,0.51,6,190,2,3,11,1,0,1,1,referral,0
49,105610,592588,460,0.49,17,419,4,7,1,0,1,0,1,referral,0
52,148921,871063,485,0.4,8,789,3,10,19,0,0,1,0,referral,1
46,23435,108138,442,0.96,18,100,1,14,3,0,0,1,1,facebook_ads,0
36,121505,650372,581,0.9,16,121,2,5,8,1,1,1,0,organic_search,1
45,73331,300716,326,0.45,21,390,6,14,22,0,1,0,1,google_ads,0
48,48942,138667,545,0.76,6,350,1,2,18,0,0,0,1,google_ads,0
29,79635,326404,786,0.54,24,274,0,10,13,0,0,1,1,google_ads,0
21,49059,207045,501,0.56,19,53,1,3,1,1,0,0,0,organic_search,0
49,77557,385445,320,0.92,21,586,7,6,20,0,0,1,0,facebook_ads,0
42,133457,384293,393,0.47,8,730,7,13,17,0,1,0,0,referral,1
36,72389,251424,307,0.76,4,432,9,6,5,0,0,1,0,referral,0
27,73014,252344,771,0.64,9,402,1,7,12,0,0,1,1,organic_search,0
34,52826,308385,638,0.51,8,315,5,6,11,1,0,1,1,google_ads,0
49,50297,189910,558,0.67,21,862,6,9,24,0,0,0,1,facebook_ads,0
39,63890,320751,354,0.96,19,470,0,14,26,0,0,0,0,facebook_ads,0
39,41322,206744,847,0.87,1,882,6,5,18,0,0,0,0,facebook_ads,0
22,55739,170682,305,0.48,21,624,7,5,8,1,0,1,0,referral,1
35,29719,127419,676,0.91,21,763,8,8,29,0,1,0,0,google_ads,1
23,99553,555228,349,0.96,4,381,7,8,24,0,0,0,0,google_ads,0
31,28314,110446,411,0.57,10,884,2,1,22,1,1,1,0,organic_search,0
50,113831,657996,445,0.6,8,248,7,3,24,0,0,0,0,google_ads,0
38,95164,271962,529,0.48,3,514,2,13,13,0,1,1,0,referral,0
22,127658,293184,796,0.61,12,472,5,6,2,0,0,0,0,referral,0
52,97028,540039,605,0.8,9,247,3,6,23,1,1,0,0,facebook_ads,0
28,56113,302489,841,0.56,3,731,6,1,16,0,0,1,0,facebook_ads,0
42,137174,818978,760,0.4,4,96,7,2,12,0,0,1,0,google_ads,0
26,35357,166799,525,0.6,6,60,9,10,8,0,0,0,0,facebook_ads,0
32,118865,683087,358,0.67,9,351,5,7,4,0,1,0,0,facebook_ads,0
56,40365,214249,375,0.74,2,279,9,1,14,1,0,1,1,organic_search,0
35,59029,317440,727,0.81,2,595,3,10,9,1,0,0,0,facebook_ads,0
48,21737,92959,431,0.44,18,39,7,5,11,1,0,0,0,facebook_ads,0
38,94632,333999,797,0.68,21,707,6,1,16,1,0,0,1,google_ads,1
22,105474,605234,604,0.56,22,880,9,6,6,1,1,1,0,google_ads,1
33,98218,366202,366,0.97,3,314,7,7,12,0,0,0,0,facebook_ads,0
35,144606,600878,529,0.62,3,182,9,8,19,0,0,0,0,organic_search,0
40,47499,179757,632,0.46,18,573,6,13,16,1,0,1,0,referral,1
49,130027,553820,576,0.42,6,558,2,12,13,0,0,0,0,referral,0
49,130402,506223,443,0.56,1,400,2,3,4,0,1,0,1,referral,0
23,148692,325913,550,0.51,15,330,8,14,12,0,0,1,0,organic_search,1
39,127430,704457,379,0.79,11,846,6,14,4,0,1,0,0,facebook_ads,1
23,66157,249913,356,0.91,10,884,0,3,17,1,0,1,0,referral,0
34,76247,332114,665,0.59,4,175,2,11,14,1,0,0,0,facebook_ads,0
24,148411,379450,607,0.75,14,616,0,1,29,0,1,1,0,facebook_ads,1
31,61034,122895,473,0.84,2,665,5,12,26,0,0,0,0,facebook_ads,0
51,20294,60499,761,0.64,13,81,1,3,17,0,0,1,1,referral,0
52,118072,568911,792,0.44,16,433,6,5,1,0,0,0,0,organic_search,0
47,44596,106886,673,0.54,12,731,7,6,20,1,0,0,0,organic_search,0
50,118185,666037,648,0.93,22,170,5,3,1,0,0,0,0,organic_search,0
22,31434,89904,366,0.89,5,117,4,4,22,0,0,0,0,organic_search,0
29,78382,220909,629,0.45,19,456,9,5,2,1,0,0,0,facebook_ads,0
48,58098,158376,493,0.53,3,113,3,5,17,1,0,0,0,referral,0
51,24655,50688,454,0.86,21,272,8,9,23,0,0,1,0,organic_search,0
54,103029,524131,459,0.69,20,135,7,8,22,1,0,1,0,organic_search,1
35,66228,364263,565,0.86,21,633,4,1,1,1,1,0,1,organic_search,1
45,23771,105939,467,0.53,2,384,0,2,12,1,1,0,0,google_ads,0
56,94099,259035,444,0.97,17,50,7,12,13,0,0,0,0,facebook_ads,0
28,140811,442303,485,0.87,21,35,7,5,14,0,0,0,0,organic_search,0
29,76799,299800,722,0.52,11,250,6,12,10,1,0,0,0,facebook_ads,0
57,82257,478520,756,0.74,1,850,6,3,12,0,0,0,0,facebook_ads,0
59,37558,112276,644,0.47,19,116,7,7,25,1,0,0,0,facebook_ads,0
52,119468,588569,815,0.62,8,721,0,14,22,1,0,1,0,google_ads,1
37,78436,294746,403,0.8,11,482,2,11,18,0,0,0,0,google_ads,0
55,127779,407792,546,0.6,8,371,3,6,7,0,0,0,1,organic_search,0
57,144891,554014,322,0.79,17,422,5,2,19,0,0,1,1,facebook_ads,0
39,143725,328386,824,0.55,20,381,9,8,15,0,0,0,0,google_ads,1
49,112103,582347,443,0.83,6,275,9,5,7,0,0,0,0,referral,0
27,143400,426357,492,0.62,7,715,8,6,14,0,0,0,1,referral,1
48,52376,256728,764,0.87,21,142,3,8,9,1,1,0,0,facebook_ads,1
29,139154,316351,674,0.48,13,612,5,13,5,1,0,1,0,referral,1
48,107458,625447,565,0.62,7,187,8,6,1,0,0,0,1,organic_search,0
26,97924,271451,677,0.68,11,840,8,10,16,1,0,0,0,referral,1
49,49332,272853,849,0.65,10,266,5,3,5,0,0,0,0,referral,0
37,66737,349561,373,0.66,8,728,4,13,24,0,0,1,0,referral,0
36,109031,640168,737,0.67,10,272,2,7,8,1,0,0,0,facebook_ads,0
43,93970,367569,525,0.99,22,195,4,14,19,0,0,1,0,google_ads,1
51,71952,353254,607,0.52,11,63,2,4,20,1,1,1,0,referral,0
23,40991,142765,647,0.86,20,284,4,13,12,0,1,0,0,referral,0
41,47472,129953,775,0.73,17,331,9,6,8,0,1,0,0,facebook_ads,0
46,79946,301580,614,0.65,11,249,9,6,8,1,0,0,0,organic_search,0
56,125566,334381,824,0.78,16,61,0,11,23,0,0,0,0,organic_search,0
57,46849,277729,724,0.91,5,798,5,5,6,1,0,0,0,google_ads,0
42,21541,51374,823,0.68,10,538,6,13,20,0,0,0,0,facebook_ads,0
32,149237,650202,548,0.92,20,511,1,1,26,1,0,0,0,google_ads,1
33,22765,102575,481,0.46,5,262,2,14,29,0,0,1,0,referral,0
31,63074,261903,405,0.79,20,244,9,8,9,0,0,1,0,google_ads,0
36,122795,570842,490,0.6,9,271,8,13,2,1,0,0,0,google_ads,1
28,49283,121468,436,0.63,3,274,7,14,18,0,0,0,0,referral,0
22,121387,512262,419,0.74,3,49,3,10,1,1,0,0,0,google_ads,0
50,140044,440977,371,0.69,10,239,7,2,11,1,0,0,1,google_ads,0
50,120161,692211,430,0.63,7,751,7,4,15,0,0,1,0,referral,0
32,20769,104847,756,0.58,2,455,5,13,12,1,0,1,1,referral,0
30,37806,222679,778,0.77,8,101,0,12,3,0,1,0,0,referral,0
31,110518,237638,351,0.7,12,703,1,3,19,0,1,0,0,google_ads,0
35,22972,72144,418,0.59,22,207,3,6,20,0,0,0,0,referral,0
36,38256,106416,563,0.52,9,552,3,11,19,1,0,1,0,facebook_ads,0
37,123903,253334,538,0.86,11,328,1,1,10,0,0,1,0,google_ads,0
46,145574,432253,650,0.88,19,295,8,9,16,1,1,1,0,referral,1
22,38653,182252,554,0.53,20,549,1,5,6,0,0,1,1,google_ads,0
32,123579,361388,608,0.56,23,524,5,5,9,0,1,0,0,facebook_ads,1
46,106669,430517,794,0.54,17,304,4,4,8,0,0,1,1,referral,0
43,59339,329406,356,0.93,13,734,3,4,22,0,1,0,0,referral,0
38,45757,218491,702,0.86,1,852,5,13,16,0,1,0,1,organic_search,1
52,123376,441503,366,0.44,1,800,3,13,8,1,0,0,1,facebook_ads,0
58,62399,217764,345,0.9,8,82,8,1,24,0,0,0,0,facebook_ads,0
23,64013,244718,668,0.42,13,841,9,9,26,0,1,1,0,organic_search,1
58,117605,318493,531,0.55,6,637,6,9,22,0,1,0,0,facebook_ads,0
23,34706,157426,701,0.95,3,845,2,13,18,1,0,1,0,referral,1
50,58231,201281,322,0.92,16,851,9,4,5,1,1,1,0,organic_search,1
21,47909,259161,566,0.87,10,429,3,10,20,0,0,1,0,google_ads,0
50,125754,632066,417,0.67,7,443,0,10,12,1,1,0,0,referral,1
52,145777,647549,354,0.59,22,633,5,4,6,0,0,0,0,facebook_ads,0
48,96631,334034,452,0.93,21,685,1,12,2,0,0,1,0,organic_search,1
41,77572,220283,538,0.79,3,518,3,7,4,0,0,0,0,google_ads,0
33,105879,540470,564,0.58,14,531,4,4,16,1,0,1,0,organic_search,1
47,83767,330514,567,0.68,16,336,7,1,29,0,0,1,0,referral,0
56,46469,134713,412,0.93,4,446,2,11,24,1,1,0,0,referral,0
27,21313,59265,465,0.94,13,538,5,13,14,0,0,0,0,organic_search,0
42,27847,74117,307,0.8,1,559,0,9,17,0,0,0,0,organic_search,0
30,70222,358739,516,0.84,5,667,8,2,19,0,0,1,0,facebook_ads,0
59,94702,276146,730,0.42,18,695,0,5,4,0,0,0,0,referral,0
35,29930,122909,591,0.76,12,35,1,4,18,1,0,0,0,google_ads,0
35,23285,88627,349,0.81,11,451,0,8,12,0,0,0,0,organic_search,0
24,143637,620288,406,0.41,9,480,7,6,2,0,1,0,0,google_ads,0
52,55863,307728,308,0.91,7,456,3,7,6,0,0,0,0,organic_search,0
43,36704,200807,755,0.96,14,419,1,2,6,0,0,0,0,referral,0
26,38705,147245,622,0.54,24,363,6,4,3,0,0,0,0,organic_search,0
44,20555,42373,608,0.91,3,477,7,14,8,0,0,0,0,facebook_ads,0
40,41323,153133,444,0.8,16,367,8,4,12,1,1,0,0,google_ads,0
57,90968,402512,711,0.75,7,877,4,12,3,0,0,1,0,organic_search,1
40,86922,367772,413,0.91,1,117,2,13,2,1,0,1,0,referral,0
32,73915,340404,698,0.57,6,298,0,2,21,1,0,1,0,organic_search,0
53,129543,338923,574,0.87,6,94,7,10,29,0,1,0,0,google_ads,0
48,30619,140423,423,0.59,10,707,5,4,23,0,0,0,0,referral,0
28,92390,252280,385,0.87,12,93,4,9,1,1,1,0,0,organic_search,1
21,148918,744902,346,0.67,22,299,6,8,18,0,0,1,0,facebook_ads,1
57,128500,431291,500,0.47,19,686,4,11,18,0,0,0,1,facebook_ads,1
42,134337,650134,575,0.63,6,406,3,14,8,0,0,0,0,facebook_ads,0
26,79274,173725,848,0.54,14,874,4,1,26,0,1,1,0,referral,1
41,93173,338352,429,0.46,3,810,6,13,22,0,0,0,1,organic_search,0
52,41225,198710,747,0.47,10,358,5,8,14,0,0,0,0,referral,0
55,131266,381653,688,0.87,9,547,9,14,29,1,0,0,1,facebook_ads,1
35,46739,242161,562,0.93,23,662,9,11,13,1,0,0,1,referral,1
25,67708,306251,577,0.96,20,891,8,9,15,0,0,1,0,organic_search,1
26,148041,644014,345,0.91,19,450,9,8,15,0,0,1,0,facebook_ads,1
45,73019,249301,467,0.9,22,342,1,14,13,1,0,1,1,referral,1
49,96154,377866,744,0.44,15,338,6,10,4,0,0,0,0,google_ads,0
27,122097,535932,345,0.87,9,843,0,1,4,1,0,0,0,facebook_ads,0
33,27373,106476,839,0.87,19,875,7,8,5,1,1,0,1,google_ads,1
58,55281,264975,386,0.48,8,673,3,12,3,0,1,1,0,facebook_ads,0
38,40187,150089,684,0.8,22,831,7,5,12,0,0,0,0,organic_search,0
22,87863,246815,564,0.67,4,218,7,9,20,0,0,1,0,referral,0
28,117927,336768,321,0.94,5,750,3,14,12,0,0,0,0,google_ads,0
31,127113,257176,749,0.82,19,71,3,9,20,1,0,0,1,google_ads,1
53,104085,333470,531,0.97,14,619,4,6,7,0,0,1,0,referral,1
58,137996,689382,485,0.46,18,349,6,3,7,0,0,1,1,organic_search,1
47,59220,306561,625,0.42,19,686,5,12,1,1,1,1,0,google_ads,1
40,142755,401123,482,0.98,6,474,0,7,12,0,0,0,0,referral,0
32,27642,161323,696,0.45,5,403,5,3,3,0,0,0,0,google_ads,0
51,99971,400844,780,0.63,11,315,2,7,15,0,0,1,0,organic_search,0
47,75556,428244,702,0.79,24,200,8,8,9,1,0,0,0,google_ads,1
52,53760,259502,762,0.93,5,634,2,5,22,0,0,1,0,google_ads,0
30,58192,284543,716,0.55,8,292,8,5,22,0,0,0,0,organic_search,0
23,144257,337586,501,0.42,5,564,4,14,20,0,0,0,1,google_ads,0
47,24381,70216,364,0.71,11,833,9,4,26,0,1,1,0,referral,0
55,116583,237276,316,0.68,13,171,7,3,9,0,0,0,0,organic_search,0
51,39558,192430,482,0.58,6,177,8,12,14,0,0,0,1,google_ads,0
35,50782,171529,690,0.92,5,469,8,8,28,0,1,0,1,organic_search,0
36,24782,127543,343,0.85,18,657,6,11,3,0,0,1,1,facebook_ads,0
33,111417,373887,781,0.91,10,622,9,6,8,0,0,0,0,referral,1
55,74712,394280,562,0.5,16,445,0,14,29,0,0,1,0,google_ads,0
31,125764,317276,473,0.82,22,54,7,6,6,1,0,0,0,referral,1
41,114945,309603,740,0.99,14,656,6,2,12,1,0,0,0,google_ads,1
31,39462,132730,519,0.77,23,123,3,4,2,1,0,0,0,facebook_ads,0
50,80030,290824,693,0.5,15,334,5,5,3,0,0,1,0,facebook_ads,0
55,88519,300505,494,1.0,3,214,9,11,14,1,0,0,0,referral,0
42,76411,386226,708,0.72,3,312,1,10,17,0,1,0,1,referral,0
58,75206,179577,770,0.9,12,184,3,5,3,1,1,1,0,organic_search,1
51,117469,399966,646,0.49,23,715,7,3,4,1,0,1,0,google_ads,1
34,66950,358112,761,0.8,15,892,3,10,15,0,0,0,1,google_ads,0
44,22523,51063,360,0.95,11,714,9,5,22,0,0,0,0,referral,0
52,80926,466892,465,0.72,10,695,3,5,26,0,0,1,0,organic_search,0
56,29677,176437,450,0.57,20,43,3,2,7,0,0,0,0,facebook_ads,0
52,95828,225605,410,0.48,15,845,9,5,19,0,0,0,0,google_ads,0
35,35089,111059,787,0.58,18,669,8,3,14,0,0,1,0,facebook_ads,0
55,24581,85777,848,0.61,14,370,1,3,16,0,0,0,0,organic_search,0
23,31907,162903,302,0.83,6,633,6,5,27,0,0,1,1,google_ads,0
36,25609,112262,782,0.51,14,812,2,9,13,1,0,1,0,organic_search,1
25,71153,325700,312,0.46,16,763,3,14,23,0,0,1,1,organic_search,0
41,70539,354813,461,0.63,2,502,0,2,29,0,0,1,0,google_ads,0
30,64143,158556,643,0.68,19,848,2,9,20,0,0,0,0,facebook_ads,0
39,42936,228970,748,0.78,5,851,1,3,17,1,1,1,1,facebook_ads,1
45,70182,338451,631,0.82,11,137,9,13,17,0,0,1,0,organic_search,0
24,128261,552723,563,0.93,11,360,6,12,24,0,0,0,0,referral,0
49,131259,729661,382,0.57,21,569,5,7,10,1,0,0,0,organic_search,1
39,119524,573861,633,0.72,19,468,0,12,7,0,0,0,0,facebook_ads,0
22,115042,322899,679,0.62,18,738,7,14,20,1,0,1,0,organic_search,1
30,33163,123332,518,0.4,8,741,8,1,17,0,1,1,0,organic_search,0
45,146686,583248,753,0.75,23,695,0,1,22,0,0,1,0,google_ads,1
40,79758,177132,388,0.89,12,413,4,8,27,0,0,1,0,organic_search,0
39,66057,384355,632,0.42,9,611,6,9,12,0,0,0,1,referral,0
43,32537,81808,609,0.4,3,189,1,3,11,0,0,0,0,referral,0
44,42419,203180,719,0.84,6,461,5,6,10,1,1,0,1,referral,1
31,62578,251871,653,0.81,21,893,7,14,23,1,0,0,0,referral,1
54,94991,199721,399,0.64,21,425,7,3,22,1,1,0,0,organic_search,1
48,141211,804760,444,0.8,24,644,9,6,28,0,0,0,0,referral,1
25,142762,771963,309,0.97,1,517,9,7,22,0,0,0,0,referral,0
25,94599,387575,343,0.55,17,777,7,5,8,1,0,0,0,google_ads,1
41,20834,60747,685,0.55,3,218,5,3,15,1,0,0,0,facebook_ads,0
32,52214,129829,794,0.51,18,447,5,8,22,1,0,1,0,google_ads,1
24,112934,390025,792,0.83,18,372,2,13,18,1,0,1,0,referral,1
40,143798,434516,468,0.61,2,390,1,5,23,1,0,0,0,facebook_ads,0
58,120028,483324,830,0.99,4,138,4,1,13,0,0,0,1,google_ads,0
45,141286,828732,635,0.83,1,878,8,12,26,0,0,1,0,organic_search,1
34,22413,96371,812,0.62,10,330,3,9,16,0,0,1,0,facebook_ads,0
31,29505,164039,429,0.49,5,397,4,3,13,1,1,0,1,google_ads,0
52,140681,647627,838,0.76,5,284,5,2,4,0,1,0,0,google_ads,0
31,122802,479048,813,0.58,9,345,5,3,11,1,1,0,0,referral,1
38,22105,119774,549,0.94,14,734,3,7,27,1,0,1,1,facebook_ads,0
47,88104,342325,437,0.66,21,100,3,12,19,1,0,0,0,referral,0
38,148303,811886,574,0.58,13,298,7,11,8,0,0,0,0,facebook_ads,0
43,127634,404128,763,0.75,13,875,4,12,10,0,0,0,0,referral,1
31,134897,339299,440,0.48,24,530,4,10,12,0,0,0,0,facebook_ads,0
41,78408,425069,555,0.74,1,238,8,8,28,1,0,0,0,facebook_ads,0
25,57679,250884,755,0.43,17,507,3,2,21,1,0,1,0,google_ads,0
43,136908,760711,733,0.76,20,205,6,14,20,1,1,1,0,referral,1
45,134921,775972,472,0.72,8,268,4,13,11,1,0,0,0,facebook_ads,0
30,119096,263739,772,0.71,3,639,8,7,20,0,0,1,1,facebook_ads,1
42,99731,399310,722,0.81,17,888,7,11,21,0,0,0,1,facebook_ads,1
39,132205,462698,738,0.43,12,471,7,5,28,0,1,0,1,organic_search,1
21,85131,383381,356,0.68,18,630,9,9,4,1,0,1,0,facebook_ads,1
27,84280,436095,797,0.67,14,793,9,7,19,0,1,0,0,organic_search,1
24,35762,111661,468,0.68,11,521,2,1,20,0,1,0,0,facebook_ads,0
21,137798,582498,727,0.99,16,128,8,1,10,1,1,0,0,facebook_ads,1
35,136854,661677,718,0.48,4,358,7,6,15,1,1,0,0,google_ads,1
32,126830,321859,646,0.81,18,355,2,9,13,1,1,1,1,google_ads,1
42,78703,413684,816,0.64,7,474,9,1,13,0,0,1,0,google_ads,0
42,101434,448788,754,0.71,11,695,0,3,21,0,0,0,1,google_ads,0
37,83079,481704,501,0.86,16,324,4,13,28,0,1,0,0,referral,0
49,41577,139620,478,0.49,16,471,3,5,18,1,0,1,0,facebook_ads,0
34,21214,51604,356,0.86,3,824,7,4,7,0,0,0,0,organic_search,0
40,106339,428121,800,0.44,23,837,5,1,14,1,0,0,0,facebook_ads,1
53,68114,159607,411,0.69,24,60,9,10,5,0,0,1,0,facebook_ads,0
35,109234,642089,447,0.85,9,160,4,4,9,0,0,1,0,facebook_ads,0
32,83230,179338,677,0.52,8,757,8,4,22,1,0,0,0,google_ads,1
40,143163,717821,647,0.86,7,556,5,11,27,0,0,0,0,facebook_ads,0
50,52980,217239,657,0.5,17,467,2,12,17,0,0,0,0,facebook_ads,0
58,87194,302954,355,0.88,11,355,5,10,25,0,1,1,1,referral,1
23,97806,221371,615,0.68,4,296,3,13,5,0,0,1,0,referral,0
48,132333,593998,484,0.81,4,315,4,4,16,0,0,1,0,organic_search,0
46,57792,250868,353,0.95,5,320,5,3,9,0,0,0,0,referral,0
50,65807,205550,336,0.65,8,397,8,7,17,1,1,1,1,google_ads,1
33,144297,813963,569,0.54,10,515,2,1,18,0,0,0,1,referral,0
33,145266,467239,807,0.92,17,584,0,2,3,0,0,1,0,organic_search,1
22,42301,160697,527,0.5,6,197,1,1,28,0,0,1,1,organic_search,0
57,25141,104964,727,0.78,9,890,7,14,5,0,0,1,0,referral,0
58,136482,327683,300,0.95,10,500,3,4,22,0,0,0,0,facebook_ads,0
22,124292,712024,322,0.8,8,796,6,5,21,0,1,1,1,organic_search,1
56,142984,500178,802,0.52,15,199,1,11,17,0,0,0,1,referral,0
46,33777,78467,747,0.49,18,800,9,10,20,0,0,0,0,referral,0
31,58346,207079,795,0.55,23,375,7,5,22,0,0,0,0,referral,0
28,74703,328753,724,0.63,5,107,9,2,4,1,0,0,1,organic_search,0
42,114977,466186,317,0.5,18,880,8,11,4,0,0,0,0,facebook_ads,0
40,67819,324050,744,0.88,1,114,6,3,21,0,0,0,1,google_ads,0
28,48469,107695,338,0.61,2,690,9,4,24,0,0,0,0,referral,0
49,23845,74829,509,0.96,10,230,0,10,21,0,0,0,0,facebook_ads,0
46,130186,686981,510,0.91,6,618,1,6,7,0,0,0,0,google_ads,0
50,43290,100414,580,0.95,24,390,8,6,8,1,0,0,0,referral,1
37,132551,718684,432,0.58,19,791,9,12,22,0,0,0,0,organic_search,1
40,50699,120034,748,0.74,21,594,6,2,22,0,0,1,0,google_ads,0
36,64252,342965,563,0.59,11,841,2,2,2,1,0,0,0,facebook_ads,0
27,118682,408640,410,0.55,18,331,4,9,29,0,1,0,0,google_ads,0
36,23293,103626,537,0.76,16,322,0,12,29,0,0,0,0,facebook_ads,0
47,138017,360438,756,0.89,8,323,9,2,10,0,0,1,0,facebook_ads,1
43,139496,315913,815,0.46,4,138,2,2,5,0,1,0,0,facebook_ads,0
44,129934,372098,472,0.57,11,394,3,3,17,0,0,1,0,referral,0
29,77089,193602,492,0.52,10,629,3,9,25,0,0,0,0,google_ads,0
55,131964,428833,814,0.88,16,707,6,14,7,1,0,1,1,organic_search,1
40,36608,148538,708,0.96,12,523,4,6,2,0,0,1,0,referral,0
57,148713,647650,383,0.45,22,296,8,11,6,0,0,0,0,organic_search,1
37,86273,445123,379,0.63,3,122,6,12,10,1,1,0,0,organic_search,0
51,36619,169361,508,0.95,11,714,1,6,9,1,0,1,0,google_ads,0
28,98006,434659,821,0.61,24,93,7,12,28,0,0,1,1,referral,1
35,135399,493817,498,0.83,16,457,1,10,5,0,0,0,0,google_ads,0
51,107908,420326,533,0.46,24,667,6,5,3,0,0,1,0,referral,1
50,101653,371855,543,0.67,3,397,4,7,11,1,1,1,0,referral,1
40,34779,186716,692,0.7,10,771,9,11,10,1,0,0,0,google_ads,1
59,71040,207436,745,0.85,21,134,5,4,16,0,1,0,0,referral,0
32,114830,232287,692,0.57,16,238,3,10,27,0,0,0,0,google_ads,0
37,76325,351497,308,0.56,7,603,4,10,20,1,0,0,0,facebook_ads,0
50,135947,381990,452,0.58,15,781,4,3,19,0,0,0,0,facebook_ads,0
49,41630,231481,409,0.73,15,503,6,7,1,1,1,1,0,organic_search,1
39,125575,682648,565,0.93,10,90,3,14,26,1,0,1,1,google_ads,1
31,135436,312438,672,0.9,3,375,4,10,11,1,1,0,0,organic_search,1
54,32178,78049,451,0.43,6,41,3,1,29,0,0,0,0,referral,0
27,39935,158968,714,0.93,18,495,3,6,15,1,0,1,0,facebook_ads,1
54,67258,298416,625,0.46,22,678,7,13,7,0,0,1,0,google_ads,1
40,42784,132614,475,0.65,5,224,4,11,8,0,0,0,1,organic_search,0
58,83722,407490,824,0.86,16,103,8,11,16,0,0,0,0,referral,0
44,43027,188443,614,0.45,13,415,4,11,18,0,0,1,0,referral,0
30,116544,384513,366,0.42,3,165,7,2,24,0,0,1,0,google_ads,0
52,77853,163606,483,0.6,15,584,2,2,28,1,0,0,0,referral,0
35,132167,660914,334,0.84,23,465,6,11,25,1,0,1,0,organic_search,1
57,87359,249760,804,0.71,20,68,0,8,23,1,0,1,0,google_ads,1
40,92388,493157,375,0.65,6,572,4,3,11,0,0,1,0,organic_search,0
23,98608,362991,771,0.89,22,683,1,9,1,0,0,1,1,google_ads,1
57,96669,416479,822,0.86,4,349,7,4,16,1,0,0,0,organic_search,1
28,35111,192822,582,0.87,15,894,5,14,4,1,0,0,0,referral,1
43,52312,285335,835,0.68,18,585,4,6,23,1,0,0,0,facebook_ads,0
31,149321,520544,573,0.41,9,729,2,1,6,0,0,0,0,referral,0
28,44161,125220,838,0.5,20,382,0,11,11,1,0,0,0,referral,0
49,138920,708573,353,0.84,4,543,9,10,24,1,1,1,0,organic_search,1
50,124823,465879,354,0.85,16,512,9,10,6,0,1,1,0,organic_search,1
30,145014,401423,576,0.98,18,445,9,3,10,0,1,0,1,facebook_ads,1
59,87313,490498,742,0.51,5,833,9,4,6,1,0,1,0,facebook_ads,1
48,70374,196513,717,0.47,13,852,7,5,10,0,0,1,0,organic_search,0
56,44014,92571,524,0.48,6,399,4,13,22,0,0,1,0,referral,0
33,100308,208752,554,0.51,22,372,8,1,23,0,0,1,1,google_ads,0
52,66389,298037,475,0.72,19,354,6,14,5,0,0,0,0,facebook_ads,0
56,130163,604828,445,0.99,12,396,0,4,28,0,0,0,0,referral,0
57,38161,123800,684,0.75,15,365,0,5,27,0,0,0,0,google_ads,0
46,127800,419189,561,0.71,9,325,6,4,9,0,1,1,0,referral,1
42,27490,92310,830,0.8,7,53,6,10,7,1,1,0,0,facebook_ads,0
24,139547,658750,670,0.44,14,471,8,10,17,0,0,1,0,organic_search,1
51,127197,283971,496,0.89,19,133,1,7,27,0,0,1,0,organic_search,0
38,44502,254394,583,0.79,20,441,6,8,12,0,0,0,0,facebook_ads,0
58,55757,161142,601,0.5,16,603,1,12,28,1,0,1,0,organic_search,1
44,61111,366586,431,0.78,23,694,9,8,25,0,0,1,0,google_ads,1
43,118273,317692,419,0.76,24,804,9,3,11,0,1,0,0,referral,1
42,103245,525123,435,0.44,22,323,1,13,6,0,1,0,0,organic_search,0
22,78645,227571,828,0.56,4,272,4,5,27,1,0,0,0,organic_search,0
51,130218,302546,333,0.63,12,371,8,10,24,0,1,1,1,organic_search,1
31,79055,434781,831,0.55,18,883,8,8,25,0,0,1,0,facebook_ads,1
48,139815,759895,507,0.55,8,888,9,7,11,1,0,0,0,facebook_ads,1
52,28998,104806,598,0.74,17,662,0,14,11,0,0,0,0,organic_search,0
25,48906,235217,821,0.68,24,894,6,9,14,0,1,0,1,facebook_ads,1
58,121026,511729,393,0.8,3,202,9,13,16,0,0,0,0,referral,0
30,90192,488103,713,0.97,4,445,9,10,2,0,1,0,0,google_ads,1
44,70477,229770,670,0.8,10,132,2,7,2,0,1,0,0,referral,0
55,56901,232991,708,0.75,16,189,9,2,5,0,0,0,0,referral,0
43,111271,438573,682,0.91,20,286,9,4,14,1,0,0,0,google_ads,1
37,72021,245996,740,0.78,2,743,0,12,21,0,1,1,1,google_ads,1
21,49092,273237,746,0.5,12,586,1,14,28,0,0,0,0,referral,0
51,21242,56578,370,0.59,16,605,5,12,10,1,0,1,1,google_ads,0
51,126843,329542,383,0.84,10,225,9,8,10,1,0,0,0,referral,1
54,21831,94040,508,0.84,5,420,1,9,18,0,0,1,0,organic_search,0
29,70721,327436,558,0.99,12,99,1,7,26,0,1,1,0,facebook_ads,0
42,48511,134786,538,0.78,3,722,3,5,20,0,0,1,1,google_ads,0
33,92782,330570,601,0.94,12,872,2,1,9,1,0,0,0,organic_search,1
45,117003,677009,531,0.43,1,276,7,9,4,0,1,0,0,google_ads,0
38,38302,114387,581,0.74,2,358,7,12,17,0,0,0,0,facebook_ads,0
32,75568,353162,693,0.95,11,187,5,6,21,1,1,0,0,facebook_ads,1
37,23232,115244,717,0.57,12,727,3,2,2,0,1,1,1,facebook_ads,0
35,122062,462921,505,0.49,7,772,6,11,14,0,0,0,0,google_ads,0
35,124301,714743,563,0.61,1,614,8,10,22,0,0,0,0,referral,0
35,71507,353718,610,0.88,13,84,1,10,1,1,0,0,0,google_ads,0
59,144277,552825,378,0.45,13,515,5,2,23,1,0,1,1,google_ads,1
33,149999,641596,641,0.76,2,272,6,10,7,0,1,0,0,organic_search,1
37,96508,460386,394,0.48,10,843,0,1,4,0,0,0,0,organic_search,0
52,133672,583980,650,0.66,23,382,5,12,9,1,0,0,1,referral,1
29,120128,662480,361,0.98,1,439,7,4,3,1,0,0,0,facebook_ads,0
40,30683,105167,441,0.52,7,756,6,10,5,0,0,0,1,facebook_ads,0
46,43664,139704,410,0.42,13,44,1,11,21,0,0,1,0,google_ads,0
47,122364,349392,826,0.66,24,176,1,13,24,1,0,0,0,facebook_ads,1
41,140012,301184,456,0.75,2,519,3,2,10,0,0,1,0,referral,0
38,53172,115492,838,0.58,20,685,4,10,10,0,1,1,0,facebook_ads,1
33,103641,567975,308,0.73,7,54,4,11,4,0,0,0,0,organic_search,0
36,84340,397542,575,0.97,17,640,1,9,17,1,0,0,0,facebook_ads,1
29,107236,497803,526,0.59,22,720,6,2,27,0,0,1,0,google_ads,1
32,31017,138291,485,0.59,5,362,7,11,21,0,0,0,0,organic_search,0
58,56613,305533,515,0.69,11,203,1,9,17,1,0,1,0,referral,0
39,106130,416142,732,0.71,22,804,3,1,19,0,0,0,0,google_ads,0
27,96920,531280,655,0.4,24,319,2,14,6,0,1,0,0,google_ads,1
55,50348,173085,691,0.77,11,599,3,7,1,0,0,0,0,organic_search,0
38,36448,208002,574,1.0,11,875,4,6,26,0,0,1,1,google_ads,0
36,29491,141398,793,0.58,17,820,5,6,14,0,0,1,0,facebook_ads,0
59,98648,298776,750,0.78,19,174,1,2,13,0,0,1,0,facebook_ads,0
24,141070,600441,719,0.4,8,151,9,1,3,0,0,1,0,organic_search,0
45,116557,481627,463,0.76,20,56,5,10,23,0,0,1,0,facebook_ads,0
52,78759,200961,482,0.67,14,95,8,8,2,1,0,0,0,google_ads,0
33,64553,281772,609,0.72,10,130,7,8,22,1,0,1,0,organic_search,0
37,20968,68337,316,0.73,7,417,0,2,7,0,0,1,0,organic_search,0
57,20368,45000,745,0.51,2,123,8,4,28,1,0,0,0,referral,0
26,93960,544462,469,0.86,17,96,9,13,12,1,0,0,0,google_ads,1
39,55010,251173,579,0.73,1,279,1,13,2,0,0,1,0,google_ads,0
33,74154,408416,639,0.56,13,171,0,4,11,1,1,0,1,referral,0
46,55851,262735,818,0.96,19,296,5,2,16,0,0,0,1,referral,0
34,142761,489375,310,0.41,14,581,0,11,27,1,0,0,0,google_ads,1
51,45496,184293,823,0.84,18,244,5,9,5,1,1,0,0,referral,1
24,143568,675198,432,0.63,20,518,1,12,26,1,0,0,0,organic_search,1
59,147152,859516,447,0.71,14,525,6,14,28,0,0,0,0,organic_search,1
28,50936,153555,378,0.57,15,509,6,4,26,0,0,0,0,google_ads,0
45,98858,543709,645,0.59,14,672,3,4,17,0,0,0,0,organic_search,0
33,87005,495607,548,0.41,24,519,1,4,3,0,0,0,0,google_ads,0
52,57493,269162,841,0.84,5,30,6,5,14,0,0,1,0,referral,0
58,89795,514082,323,0.83,16,38,0,10,16,0,0,1,1,facebook_ads,0
58,56390,202525,770,0.79,5,870,1,12,17,1,0,0,1,organic_search,1
48,30292,176059,500,0.93,22,409,1,12,28,1,0,1,0,organic_search,1
50,112377,540660,430,0.94,13,873,0,8,19,1,1,1,0,referral,1
23,48365,104856,655,0.73,16,173,8,4,4,0,0,1,0,organic_search,0
48,37207,209382,449,0.81,15,891,5,3,28,0,1,0,0,google_ads,0
23,121735,479379,825,0.41,5,869,2,11,28,0,0,1,1,organic_search,1
54,42912,164838,603,0.91,21,331,5,1,21,0,1,1,1,referral,0
36,122455,522376,840,0.89,23,679,6,2,20,0,1,0,0,google_ads,1
42,122517,318242,349,0.41,6,446,2,4,20,0,0,0,0,organic_search,0
52,100771,390655,763,0.73,13,899,3,9,25,1,0,1,1,organic_search,1
58,76572,407708,539,0.94,16,838,9,14,25,1,0,1,1,organic_search,1
28,127293,262469,781,0.51,10,208,0,1,9,1,0,0,0,organic_search,0
28,119083,368165,754,0.61,2,307,5,6,11,0,1,1,0,facebook_ads,0
26,133655,268622,582,0.6,13,173,5,6,5,0,0,0,0,facebook_ads,0
34,129346,473774,634,0.61,17,368,8,10,11,1,0,0,0,referral,1
52,39276,192973,651,0.43,1,488,1,3,13,0,0,0,1,facebook_ads,0
55,117459,610209,626,0.57,4,731,4,10,21,0,0,0,0,referral,0
30,25534,147605,635,0.58,18,360,4,9,2,0,0,0,0,google_ads,0
23,112005,496632,380,0.92,6,299,6,14,22,1,0,0,0,facebook_ads,0
32,121610,367080,386,0.61,12,216,4,10,2,0,0,0,1,google_ads,0
51,55670,317129,557,0.67,24,695,9,3,10,0,1,0,0,facebook_ads,0
49,82147,419053,484,0.63,20,201,3,1,13,1,0,0,1,referral,0
25,118099,507555,422,0.47,13,433,9,2,5,0,1,0,0,google_ads,0
45,131695,629839,395,0.99,2,497,1,4,11,1,0,1,0,organic_search,1
51,56486,321815,814,0.9,17,276,7,4,29,0,0,1,0,organic_search,0
41,85557,414915,742,0.72,23,552,4,2,15,1,0,1,1,facebook_ads,1
40,54268,188499,813,0.69,10,588,3,10,28,0,1,0,0,google_ads,0
59,127338,617858,670,0.79,19,807,8,6,28,0,0,1,0,referral,1
42,101335,218996,604,0.6,22,858,1,6,5,1,0,0,0,referral,1
24,46336,164291,656,0.43,5,140,2,3,20,0,0,0,1,organic_search,0
33,23641,85705,447,0.64,21,842,7,1,5,0,0,0,0,organic_search,0
40,107132,285758,584,0.99,12,332,3,10,7,0,0,1,0,facebook_ads,0
33,52959,110808,561,0.51,18,502,8,9,10,0,0,0,0,referral,0
37,33306,84381,790,0.72,9,820,9,4,29,1,0,0,0,google_ads,0
56,66182,305660,330,0.41,11,321,9,9,2,0,0,1,0,organic_search,0
53,94123,490301,567,0.47,4,281,9,5,1,0,0,0,1,google_ads,0
21,76326,454354,311,0.75,10,617,9,7,20,0,0,0,0,referral,0
35,116895,395742,490,0.58,1,204,8,3,23,0,0,1,1,google_ads,0
33,41498,182488,699,0.94,2,138,9,3,1,0,0,1,0,referral,0
37,90198,518510,836,0.64,9,369,8,8,4,1,0,1,0,referral,1
44,122630,327197,390,0.52,23,877,0,1,15,0,0,0,0,google_ads,0
28,127369,620361,800,0.73,18,43,5,8,15,1,0,0,1,google_ads,1
47,47197,236924,600,0.88,16,722,9,8,6,1,0,1,0,google_ads,1
43,40719,95929,410,0.41,23,351,5,3,6,0,0,0,0,referral,0
28,110201,600044,379,0.7,14,813,7,1,1,1,1,0,0,facebook_ads,1
28,128775,676380,732,0.86,4,72,6,9,7,1,1,0,1,referral,1
46,45032,96080,716,0.46,2,490,6,4,5,1,0,0,1,referral,0
33,79624,188258,513,0.94,12,131,1,7,22,0,0,0,0,facebook_ads,0
59,98177,215646,746,0.56,20,654,3,9,17,0,1,1,0,organic_search,1
57,61964,206896,317,0.5,5,734,0,3,7,1,0,1,1,google_ads,0
48,50028,201970,353,0.75,4,38,6,5,4,1,1,0,1,google_ads,0
45,131030,541074,539,0.51,15,178,3,10,3,0,0,1,1,organic_search,0
36,74646,229213,717,0.81,3,367,8,11,12,1,0,1,1,google_ads,1
22,101187,571341,785,0.69,22,253,5,13,27,1,0,0,0,referral,1
38,28536,99106,743,0.47,17,139,5,3,29,0,0,0,1,organic_search,0
37,137399,299832,422,0.95,8,383,8,5,15,0,1,1,1,facebook_ads,1
50,76747,245660,719,0.8,12,113,7,11,20,0,0,0,1,referral,0
59,65712,271025,515,0.73,21,584,5,2,9,1,0,1,0,referral,1
33,26273,95446,719,0.62,8,95,5,4,21,0,0,0,0,referral,0
52,91820,284216,527,0.48,20,417,5,12,12,0,1,0,0,referral,1
49,145342,367031,536,0.82,20,650,3,2,5,1,0,0,1,google_ads,1
50,111228,586912,629,0.89,5,643,4,3,8,0,0,0,0,referral,0
38,94353,564663,768,0.48,21,164,2,5,15,0,0,1,0,google_ads,0
33,114491,379900,786,0.7,6,115,8,9,7,0,1,0,0,google_ads,0
41,112091,395287,848,0.69,5,113,1,3,19,0,0,1,0,google_ads,0
50,105914,473663,714,0.61,21,256,6,10,13,0,0,0,0,google_ads,0
41,70830,345208,518,0.87,8,289,0,6,1,0,0,1,0,facebook_ads,0
37,126718,452144,680,0.46,22,49,9,4,28,1,0,1,0,google_ads,1
39,37127,208643,386,0.52,18,64,6,4,11,0,0,1,1,google_ads,0
35,135150,573038,760,0.4,4,894,1,11,13,0,1,0,0,organic_search,1
29,103488,393415,710,0.62,4,784,4,13,2,1,1,1,1,facebook_ads,1
30,31539,144659,824,0.57,5,472,0,10,19,0,1,0,0,referral,0
51,66761,387962,746,0.92,15,299,4,10,11,0,0,0,1,google_ads,0
43,66219,342895,599,0.85,6,764,3,13,1,0,0,1,1,google_ads,0
50,34692,74936,707,0.45,21,435,0,5,1,0,0,1,1,facebook_ads,0
53,103656,345095,674,0.84,16,537,0,11,8,1,0,0,0,organic_search,1
29,33334,129408,532,0.81,14,333,6,7,13,1,1,1,0,referral,1
21,48615,158391,348,0.57,14,699,2,11,8,1,1,0,0,referral,1
55,27903,133955,485,0.41,16,314,9,14,2,1,1,0,0,facebook_ads,0
31,48527,257439,504,0.47,22,577,8,4,8,0,0,0,0,facebook_ads,0
54,35629,175486,377,0.55,24,839,8,8,27,0,0,0,0,organic_search,0
36,141690,844094,780,0.89,4,58,9,12,29,0,0,0,0,facebook_ads,0
29,78008,241059,685,0.68,11,420,8,13,14,0,1,0,0,organic_search,1
52,103276,568013,493,0.95,19,445,0,9,2,0,0,0,0,organic_search,0
35,119318,604523,402,0.87,19,796,3,9,13,0,0,1,0,google_ads,1
32,46708,161082,675,0.57,8,171,0,9,27,0,0,0,0,referral,0
53,30860,152340,586,0.91,10,675,0,2,5,0,1,0,0,referral,0
34,37438,90461,781,0.47,5,685,8,3,1,0,0,0,0,google_ads,0
28,87300,450235,549,0.42,16,838,4,5,9,0,0,1,0,referral,0
28,149263,616355,500,0.77,3,370,0,12,20,0,1,1,0,facebook_ads,1
47,91545,290120,835,0.61,10,274,2,1,10,0,0,1,0,google_ads,0
32,40842,188817,760,0.6,24,795,6,4,11,0,0,0,0,organic_search,0
21,80213,366291,599,0.81,13,34,1,11,18,0,0,0,1,organic_search,0
31,62372,177008,777,0.91,7,478,3,14,17,0,0,0,0,facebook_ads,0
59,134316,284963,382,0.59,12,295,1,14,6,0,0,0,0,referral,0
51,118971,444296,757,0.6,23,520,8,5,11,0,0,0,0,facebook_ads,1
37,88906,380344,597,0.72,14,268,8,9,24,1,0,0,0,google_ads,1
53,58744,323469,663,0.79,10,279,6,8,4,0,0,0,0,facebook_ads,0
52,136082,777418,339,0.52,9,320,6,1,1,1,0,1,0,facebook_ads,0
49,77442,318690,639,0.95,12,572,1,14,1,0,0,1,0,facebook_ads,0
41,149070,747617,815,0.79,24,661,9,13,22,0,1,0,0,organic_search,1
41,105990,398227,407,0.78,3,108,7,12,18,1,1,0,0,google_ads,1
43,141670,706129,615,0.94,13,550,0,3,5,0,0,1,1,referral,1
26,126917,357805,413,0.94,6,479,7,14,16,0,1,0,0,organic_search,1
42,123903,431710,466,0.48,6,585,4,14,2,0,0,1,0,organic_search,0
58,23650,107297,560,0.49,21,763,3,3,9,1,1,0,1,facebook_ads,1
57,65117,134963,523,0.86,19,173,9,11,2,0,0,0,0,organic_search,0
28,111244,543965,561,0.97,7,149,1,6,5,0,0,0,0,google_ads,0
55,128198,684851,550,0.8,4,594,2,4,20,1,1,1,0,google_ads,1
31,72772,261729,825,0.65,22,606,9,4,27,0,0,1,0,referral,1
44,23190,87931,425,0.81,5,205,1,1,17,0,0,0,0,google_ads,0
41,68113,368159,505,0.54,1,99,3,12,26,0,0,0,1,organic_search,0
22,28789,146899,439,1.0,18,843,2,10,25,0,1,0,0,referral,0
39,52125,164329,361,0.66,17,662,4,13,19,0,0,0,1,organic_search,0
59,118695,391207,582,0.96,9,232,6,12,10,0,0,1,1,organic_search,1
48,37459,176638,353,0.66,9,830,8,11,8,0,0,0,0,google_ads,0
37,55418,235681,645,0.96,21,209,4,4,20,0,1,1,0,google_ads,0
26,131904,349402,823,0.6,24,622,7,1,11,0,0,1,0,referral,1
39,67085,217336,435,0.86,10,596,1,5,13,1,0,0,1,google_ads,0
58,38768,217098,629,0.97,20,720,5,13,13,0,0,1,0,organic_search,1
48,69961,332503,443,0.79,17,639,7,3,9,0,0,0,1,referral,0
22,101099,600922,735,0.81,13,139,8,13,5,0,0,0,1,referral,0
58,142735,723388,581,0.46,4,453,3,10,18,0,0,0,0,referral,0
57,47885,276195,435,0.68,23,694,3,5,8,1,0,1,0,google_ads,1
24,107421,307734,788,0.93,18,532,6,14,29,0,0,0,0,referral,1
42,81082,412378,700,0.54,18,435,3,3,20,0,0,1,0,google_ads,0
46,26895,55965,748,0.87,22,666,4,5,14,0,1,1,0,facebook_ads,1
56,70311,329269,569,0.81,9,120,1,4,2,0,0,0,0,referral,0
33,109494,424522,316,0.53,3,323,1,9,22,1,0,0,0,organic_search,0
52,87067,294899,568,0.57,7,422,9,14,16,0,0,1,0,organic_search,0
37,91017,496007,781,0.66,15,66,4,6,1,0,0,1,0,referral,0
56,43932,237982,518,0.48,9,546,9,12,24,0,1,0,1,google_ads,0
39,41360,86409,618,0.95,9,879,9,14,25,0,1,0,0,facebook_ads,1
55,74847,332172,537,0.84,4,691,1,10,23,0,0,1,0,facebook_ads,0
48,129178,448419,844,0.62,18,345,5,2,29,1,1,0,0,google_ads,1
21,110365,404227,584,0.58,17,201,5,1,13,0,0,0,0,referral,0
38,105468,561950,336,0.81,22,435,7,1,25,1,0,1,0,facebook_ads,1
53,146065,473156,402,0.65,21,291,0,1,18,0,1,1,1,google_ads,1
32,58931,340161,729,0.54,6,513,6,9,27,0,0,0,0,organic_search,0
28,75823,206127,538,0.66,7,56,6,5,1,0,0,1,0,referral,0
44,58032,269900,424,0.92,10,524,8,14,7,1,1,0,0,facebook_ads,1
36,135919,637245,487,0.44,10,84,3,4,4,0,0,1,1,referral,0
24,101426,305168,555,0.62,6,861,6,10,10,0,1,0,1,referral,1
58,38807,128024,829,0.98,6,278,5,5,8,0,0,1,1,referral,0
47,31767,169610,691,0.41,19,302,3,9,3,1,0,0,1,referral,0
29,28071,141680,767,0.93,8,288,9,3,23,1,0,1,0,facebook_ads,0
36,73413,243465,552,0.62,9,807,7,3,7,0,0,1,0,facebook_ads,0
32,46149,190864,475,0.51,1,220,2,12,27,1,0,1,0,google_ads,0
51,35540,79848,765,0.41,16,604,7,2,26,0,0,0,1,organic_search,0
44,121212,343634,588,0.44,6,886,4,8,25,0,0,1,0,facebook_ads,0
34,90248,355873,349,0.5,23,475,3,7,16,0,0,0,0,organic_search,0
45,141443,331527,303,0.42,8,882,2,2,27,0,1,0,0,organic_search,0
54,111737,600399,799,0.6,15,531,9,4,20,1,1,0,0,facebook_ads,1
23,130494,635770,522,0.43,12,645,6,7,10,0,0,0,0,organic_search,0
44,138571,800183,561,0.82,10,422,6,1,13,0,1,0,1,google_ads,1
29,105435,503332,834,0.89,16,437,5,1,1,1,0,1,1,google_ads,1
46,39787,229236,675,0.93,15,829,2,8,7,0,0,1,0,google_ads,0
40,40982,172864,360,0.73,11,800,8,6,10,0,0,0,0,organic_search,0
30,139696,614784,655,0.97,24,702,1,2,12,0,0,0,0,referral,1
39,42606,251711,323,0.4,7,712,2,10,14,0,0,0,0,referral,0
23,147560,674130,592,0.48,8,138,0,10,22,0,1,1,0,google_ads,0
44,30150,64012,655,0.58,11,681,6,1,11,1,1,0,0,facebook_ads,0
25,105929,518544,328,0.87,9,634,1,3,17,0,0,0,0,organic_search,0
23,137423,772574,656,0.93,7,132,9,12,9,1,0,0,0,google_ads,1
47,122795,636363,664,0.77,15,255,7,4,26,0,0,0,1,referral,0
36,132223,573230,708,0.63,15,382,8,13,8,0,0,0,0,google_ads,1
35,66936,313609,565,0.8,16,189,1,5,10,0,0,0,1,google_ads,0
55,113286,675271,590,0.51,3,433,5,11,4,0,0,1,0,google_ads,0
32,28593,67555,452,0.67,16,736,0,10,5,1,0,1,0,referral,0
46,37358,174423,518,0.7,15,353,7,3,24,0,0,1,0,referral,0
54,102143,320074,472,0.46,1,174,4,13,18,0,0,0,0,facebook_ads,0
43,57381,261678,311,0.42,14,783,8,14,6,0,1,0,0,referral,0
51,141465,626759,815,0.85,24,494,2,5,10,1,0,0,0,google_ads,1
40,110347,288428,661,0.72,22,161,1,12,18,1,0,0,0,referral,1
32,48074,135904,776,0.6,11,122,6,7,28,0,0,0,0,facebook_ads,0
43,40595,182130,381,0.66,3,302,6,11,11,0,0,0,0,organic_search,0
24,64194,161314,639,0.97,9,733,9,9,24,0,0,1,0,facebook_ads,0
43,69377,212343,740,0.63,6,563,4,5,5,1,0,0,0,google_ads,0
21,46853,250241,525,0.46,23,223,6,4,28,1,1,0,0,google_ads,0
45,93719,310056,670,0.68,16,199,5,10,26,0,0,0,0,organic_search,0
22,40661,160702,327,0.79,11,489,8,11,3,1,0,0,0,facebook_ads,0
50,70493,406361,315,0.41,18,40,2,13,18,0,0,1,0,google_ads,0
23,138724,403492,576,0.6,17,210,3,9,4,1,0,0,0,facebook_ads,1
41,126705,450880,632,0.64,17,261,8,8,8,1,1,0,0,referral,1
45,56495,250037,782,0.68,3,58,9,5,17,1,1,0,1,referral,0
40,33703,169234,587,0.58,19,561,7,9,10,0,0,0,0,google_ads,0
42,73080,409731,413,0.8,24,34,9,11,19,0,0,0,0,organic_search,0
41,50815,287709,337,0.97,23,575,5,14,29,1,0,0,0,referral,1
53,49565,253106,753,0.95,15,169,2,9,1,0,0,0,0,facebook_ads,0
58,83321,242741,465,0.8,10,57,8,1,2,0,0,1,0,google_ads,0
35,137491,288626,504,0.7,8,127,8,12,26,1,1,0,1,organic_search,1
35,78453,277338,544,0.9,17,291,5,6,11,0,1,0,0,google_ads,0
45,108478,278375,632,0.9,4,787,1,11,15,0,0,0,0,google_ads,0
41,128522,622245,695,0.9,8,48,6,5,23,0,0,1,0,organic_search,0
44,53161,246907,806,0.49,2,41,8,6,1,0,0,1,0,facebook_ads,0
25,75991,165347,420,0.42,23,566,8,10,9,0,0,0,0,referral,0
26,134296,717996,558,0.99,8,554,2,3,8,0,1,1,0,facebook_ads,1
43,127339,381376,709,0.98,7,494,1,14,1,0,0,1,0,organic_search,1
24,29716,110808,609,0.74,9,617,4,3,10,0,0,1,0,organic_search,0
47,127099,593772,367,1.0,18,288,9,10,17,0,0,1,0,referral,1
38,53349,198334,413,0.86,17,53,6,5,18,1,0,0,0,referral,0
41,67098,252634,519,0.71,1,37,2,7,16,0,0,1,0,organic_search,0
48,128435,290585,519,0.63,12,257,3,4,2,1,0,1,1,organic_search,1
55,20132,72591,772,0.76,4,405,9,6,22,0,1,0,0,referral,0
42,71990,364225,685,0.71,17,152,1,5,17,1,1,1,0,referral,1
43,133288,754504,597,1.0,7,119,9,2,4,0,1,1,0,facebook_ads,1
23,88921,324916,552,0.69,24,842,1,13,7,0,0,1,0,organic_search,1
30,56538,208870,704,0.9,3,485,6,11,29,0,1,0,0,organic_search,0
45,120572,580012,791,0.89,1,253,1,12,29,1,0,0,0,facebook_ads,0
28,119279,688369,656,0.44,19,765,0,1,28,1,1,1,0,google_ads,1
31,125909,386319,727,0.45,2,286,3,6,9,1,0,0,0,referral,0
25,27213,102336,514,0.8,6,544,5,5,26,0,1,0,0,referral,0
57,144693,750073,679,0.56,11,862,9,9,3,0,0,0,0,google_ads,1
58,64223,285071,513,0.79,23,812,9,12,20,0,1,1,1,facebook_ads,1
49,111655,272700,397,0.49,21,847,3,7,21,0,0,0,1,facebook_ads,0
25,88371,398635,827,0.64,4,177,0,1,5,0,0,1,0,facebook_ads,0
29,88274,242487,827,0.46,1,416,0,13,18,0,0,1,0,facebook_ads,0
22,127853,516636,834,0.57,11,730,8,10,29,0,0,0,0,organic_search,1
21,24134,99345,848,0.45,16,728,0,6,21,1,0,0,0,organic_search,0
50,111428,613390,627,0.98,6,467,6,11,26,0,0,0,0,facebook_ads,0
31,59601,229462,464,0.64,11,729,6,7,17,0,0,0,0,referral,0
48,93889,292724,415,0.94,8,665,0,3,7,0,0,0,0,google_ads,0
32,35690,104352,449,0.98,20,66,0,14,14,1,1,0,0,google_ads,0
59,21909,120433,817,0.95,1,690,5,9,15,1,1,1,0,referral,1
46,111239,298570,331,0.67,14,135,7,11,21,0,0,1,0,facebook_ads,0
33,100032,370465,592,0.87,21,644,6,14,22,0,0,0,1,facebook_ads,1
28,32062,88128,476,0.49,21,261,5,14,14,0,0,1,1,google_ads,0
48,95386,485821,360,0.46,2,896,9,11,9,0,0,0,1,google_ads,0
50,113237,441340,715,0.93,6,175,2,2,16,0,0,1,1,organic_search,0
29,54731,186335,682,0.42,9,46,6,1,19,0,1,0,0,google_ads,0
59,25153,86636,306,0.98,14,188,5,10,1,0,0,0,0,google_ads,0
51,30481,164867,384,0.8,22,845,7,10,8,1,0,0,0,google_ads,1
41,119270,502734,697,0.65,8,311,3,12,18,0,0,0,0,google_ads,0
54,86425,421016,692,0.48,3,307,8,9,2,0,0,0,1,organic_search,0
51,83600,467169,346,0.83,10,154,0,7,26,0,1,0,0,organic_search,0
45,104981,588624,640,0.74,18,714,6,10,29,1,0,0,0,organic_search,1
32,91997,304881,797,0.83,20,449,8,13,4,0,0,0,1,referral,1
21,124470,723146,777,0.65,9,349,9,11,21,0,0,0,0,google_ads,0
42,48205,101206,725,0.44,9,704,0,1,1,1,0,0,0,organic_search,0
57,108887,381903,725,0.59,19,744,9,4,27,0,0,1,0,referral,1
21,101542,566928,814,0.59,13,511,2,10,19,0,0,0,0,referral,0
21,64149,198768,428,0.41,1,879,6,13,11,0,1,0,0,facebook_ads,0
41,69112,213716,548,0.41,17,696,8,3,24,1,0,0,1,organic_search,1
35,30940,99332,430,0.6,4,353,0,11,6,0,0,0,0,google_ads,0
37,79010,351535,622,0.84,4,424,5,7,19,0,0,0,0,google_ads,0
42,96794,363299,842,0.77,16,802,1,5,14,0,1,0,1,facebook_ads,1
58,44485,218285,365,0.54,16,215,4,9,28,0,1,0,0,referral,0
55,109299,609849,400,0.76,15,495,6,11,23,0,0,0,0,organic_search,0
36,144321,677846,330,0.79,6,86,6,3,27,0,0,1,0,facebook_ads,0
28,125584,353878,490,0.71,5,758,9,11,22,0,1,0,0,google_ads,1
37,21067,120729,714,0.71,22,487,6,6,21,0,0,0,0,referral,0
37,40607,124175,799,0.62,10,237,3,10,24,0,0,0,0,referral,0
46,129419,336434,345,0.47,7,743,5,2,24,0,0,0,0,organic_search,0
33,81597,192558,388,0.63,7,103,9,3,19,0,1,0,0,organic_search,0
37,146736,624146,674,0.61,10,513,5,4,24,1,1,0,1,organic_search,1
58,94554,232134,545,0.76,10,114,6,6,26,1,0,0,1,facebook_ads,0
37,68521,175078,556,0.91,15,661,8,11,25,0,1,0,0,google_ads,1
34,132482,423958,651,0.63,6,43,5,1,13,0,0,1,0,organic_search,0
26,35187,110016,404,0.83,24,869,9,6,12,0,0,1,1,facebook_ads,1
55,122911,542892,636,0.89,2,670,0,4,29,1,0,0,0,facebook_ads,0
34,23985,126328,825,0.53,8,823,7,8,10,1,1,0,0,organic_search,1
28,63052,318122,600,0.94,20,78,1,9,19,0,0,1,0,facebook_ads,0
35,39563,120664,376,0.44,15,455,2,8,11,1,0,1,1,google_ads,0
47,67322,200703,810,0.94,21,388,4,8,24,1,0,0,0,organic_search,1
33,122842,720243,529,0.5,21,271,5,13,24,1,0,1,1,facebook_ads,1
51,81245,165166,331,0.6,18,863,6,13,12,1,0,1,0,facebook_ads,1
55,71514,394677,357,0.76,5,82,3,2,7,1,0,1,0,organic_search,0
26,38608,108060,403,0.94,4,806,2,14,8,0,0,0,0,facebook_ads,0
25,124675,721760,611,0.55,10,98,8,10,17,0,0,0,0,google_ads,0
42,87262,294005,366,0.86,19,581,3,2,3,1,1,0,0,facebook_ads,1
43,112118,421721,673,0.83,14,725,8,6,6,0,0,0,0,referral,1
45,91327,440970,534,0.5,23,674,8,5,12,0,1,1,0,google_ads,1
54,77225,335980,411,0.69,24,85,2,6,15,0,0,1,0,organic_search,0
46,93994,307525,688,0.69,13,485,2,9,23,1,0,0,0,organic_search,1
25,141701,597315,707,0.58,10,284,7,12,7,0,0,0,1,facebook_ads,0
46,37221,183232,353,0.87,22,34,0,10,27,0,0,0,0,referral,0
40,68506,148612,538,0.96,6,610,5,7,6,0,1,1,0,google_ads,0
26,40968,83771,594,0.83,13,81,5,5,29,1,0,1,0,facebook_ads,0
26,147677,565937,411,0.98,21,358,8,10,12,0,0,0,0,google_ads,1
38,102606,259320,387,0.43,11,127,1,7,28,0,1,1,0,organic_search,0
24,47937,223260,775,0.42,22,190,7,8,12,0,1,0,0,organic_search,0
37,82435,235451,603,0.94,15,435,6,11,27,0,0,1,0,referral,1
34,69508,259362,604,0.94,2,812,1,12,4,0,0,0,0,organic_search,0
34,146695,409379,589,0.46,15,606,0,1,21,1,0,1,0,referral,1
33,61831,259315,507,0.61,19,356,3,10,9,1,0,0,0,organic_search,0
27,62933,155080,669,0.9,17,272,1,11,17,0,0,0,0,google_ads,0
35,67307,140835,519,0.48,20,533,2,11,2,0,0,0,0,google_ads,0
39,68340,150657,530,0.56,18,396,1,7,5,1,0,1,0,facebook_ads,0
55,122951,715210,648,0.81,6,803,8,4,21,0,0,0,0,facebook_ads,0
37,128306,329636,554,0.99,15,753,3,5,28,0,0,0,0,facebook_ads,0
55,106338,514028,751,0.88,17,471,0,13,23,1,0,0,1,facebook_ads,1
39,63601,144482,441,0.87,24,183,7,2,24,1,0,0,0,facebook_ads,0
40,95956,233426,368,0.61,22,263,3,10,10,1,0,0,0,facebook_ads,0
56,92178,371984,388,0.8,9,681,9,5,6,0,0,0,1,referral,0
55,105311,406446,435,0.47,12,362,7,9,6,1,0,1,0,referral,1
52,48754,283081,822,1.0,22,524,7,1,21,0,0,1,1,organic_search,1
44,63310,365890,741,0.69,23,144,8,3,5,0,0,0,0,referral,0
37,89893,460111,337,0.78,5,398,9,4,29,1,0,0,0,google_ads,0
27,106799,470813,507,0.93,14,362,6,9,27,0,0,1,0,referral,0
21,140007,534804,509,0.4,24,159,3,2,8,0,0,1,0,facebook_ads,0
55,68367,234137,812,0.99,8,207,1,7,21,1,0,1,0,referral,0
52,33201,192179,659,0.62,22,124,5,9,22,1,0,1,0,google_ads,0
56,22739,100316,300,0.6,17,346,3,12,3,0,0,0,0,organic_search,0
33,33231,143434,680,0.49,9,130,5,10,14,0,0,0,1,referral,0
26,145610,426288,836,0.91,3,225,7,4,5,1,0,0,0,google_ads,1
34,127814,279502,693,0.92,7,831,2,5,15,1,0,0,0,referral,1
57,62495,361268,349,0.41,12,237,0,12,9,1,0,0,0,organic_search,0
35,41168,133999,695,0.43,3,636,4,12,15,0,0,0,0,referral,0
24,52624,198411,331,0.95,9,502,2,12,19,0,0,1,0,google_ads,0
36,30635,75317,844,0.47,14,644,5,10,16,0,0,1,0,organic_search,0
48,29964,160238,533,0.77,23,37,2,4,8,0,1,0,0,organic_search,0
36,47785,100851,325,0.77,23,165,0,12,15,0,1,0,0,organic_search,0
24,115046,613881,733,0.92,23,639,8,7,11,0,0,0,0,organic_search,1
46,102797,263277,360,0.74,18,290,4,8,23,0,0,1,0,facebook_ads,0
48,104790,581192,740,0.66,11,176,1,8,4,0,0,1,0,facebook_ads,0
52,96928,476797,429,0.98,4,487,1,14,21,0,1,0,0,referral,0
22,32336,85971,653,0.54,8,726,8,14,24,0,0,0,1,referral,0
51,97475,415562,497,0.56,18,467,0,3,10,0,0,1,0,organic_search,0
23,47412,154118,670,0.45,13,442,9,2,23,0,1,0,0,google_ads,0
28,102212,277294,446,0.99,4,529,2,6,26,0,0,0,0,google_ads,0
44,95379,518549,797,0.82,10,261,9,12,10,0,0,0,0,facebook_ads,0
35,65591,237051,347,0.41,8,130,6,1,2,0,1,0,0,google_ads,0
51,81750,293823,471,0.82,12,176,0,12,8,1,1,0,0,organic_search,1
29,110648,296486,614,0.64,19,746,1,9,8,1,0,0,0,referral,1
59,116134,410215,675,0.98,12,536,5,7,9,0,0,1,0,referral,1
22,55454,304246,832,0.57,22,587,8,8,2,1,0,0,1,organic_search,1
28,118537,409250,719,0.83,2,133,8,7,14,0,0,0,1,google_ads,0
27,82672,480027,695,0.78,24,365,7,5,20,0,0,0,0,facebook_ads,0
59,47228,273225,821,0.41,8,475,2,5,2,1,0,1,0,facebook_ads,0
36,34429,88812,486,0.93,13,763,1,7,4,0,1,1,0,referral,0
55,104294,282557,332,0.48,1,473,0,7,3,0,1,1,0,google_ads,0
50,87808,478614,368,0.8,3,147,8,2,23,1,1,0,0,facebook_ads,0
30,102886,367410,490,0.87,2,546,4,2,14,1,1,1,0,google_ads,1
58,135577,273526,400,0.78,23,752,2,7,21,1,0,0,0,google_ads,1
38,73015,226017,784,0.46,23,596,9,5,16,1,0,0,0,facebook_ads,1
25,108074,474500,584,0.99,20,560,9,2,15,0,0,0,0,referral,1
49,88936,462206,689,0.54,8,117,4,1,7,0,0,0,0,google_ads,0
59,100907,255653,459,0.78,3,788,2,9,18,0,1,0,1,facebook_ads,0
54,77378,188969,346,0.88,21,658,8,11,20,0,0,0,1,organic_search,1
43,57310,326000,458,0.96,15,505,0,8,6,0,0,0,1,organic_search,0
25,121827,609694,745,0.76,2,711,0,2,28,1,0,1,0,referral,1
50,103683,451966,822,0.56,17,514,2,2,21,0,0,1,0,facebook_ads,0
26,88827,450952,454,0.9,24,691,5,3,16,0,0,0,0,google_ads,0
24,55256,205299,638,0.5,6,324,1,4,11,0,1,1,0,organic_search,0
49,96428,485401,664,0.41,1,749,0,9,2,0,0,0,0,google_ads,0
43,119862,417984,447,0.94,4,410,7,12,28,1,0,0,1,organic_search,1
26,122994,366076,443,0.75,19,312,9,6,23,0,0,0,0,facebook_ads,0
52,58889,289501,402,0.44,7,873,8,3,2,0,0,0,1,google_ads,0
38,71428,262761,392,0.75,23,715,9,14,14,0,1,0,0,referral,1
35,130502,773290,585,0.49,22,668,0,8,9,0,1,1,0,facebook_ads,1
52,57207,194385,723,0.42,14,185,2,6,23,0,0,0,0,google_ads,0
29,70255,399533,418,0.47,14,209,4,8,12,0,0,1,0,organic_search,0
57,125824,721204,328,0.87,10,116,6,10,3,0,0,0,1,facebook_ads,0
30,111531,330958,810,0.85,24,435,9,12,22,0,1,1,0,referral,1
40,25409,131946,329,0.76,7,865,3,2,5,1,0,0,0,organic_search,0
26,62438,233037,665,0.53,16,525,5,8,28,0,0,0,0,google_ads,0
23,130410,739437,437,0.84,4,296,0,11,9,0,0,0,0,google_ads,0
31,130238,494969,774,0.64,7,623,3,5,29,0,0,0,0,facebook_ads,0
37,115359,574166,691,0.71,15,93,7,10,3,0,0,0,0,referral,0
52,27869,107793,734,0.94,17,148,4,14,18,0,0,0,0,organic_search,0
24,121260,353012,533,0.67,3,370,7,14,2,1,1,0,0,facebook_ads,1
24,76862,215013,354,0.78,16,342,0,12,4,0,1,0,0,referral,0
37,107937,399553,591,0.98,2,192,9,4,13,0,0,0,1,organic_search,0
39,45958,230800,611,0.67,7,534,8,3,17,0,1,1,0,referral,0
25,96302,425682,847,0.74,16,322,3,12,9,1,0,1,0,referral,1
52,39768,189077,388,0.75,21,719,8,9,19,0,0,0,0,organic_search,0
42,116330,364032,511,0.54,9,406,7,10,14,0,0,1,1,google_ads,0
26,46145,181153,617,0.84,12,571,7,7,13,0,1,0,1,google_ads,0
55,95622,208224,764,0.84,24,430,1,7,5,1,1,1,0,referral,1
42,128739,678471,386,0.53,1,702,2,6,18,0,0,0,0,referral,0
21,46442,276774,708,0.41,14,429,9,9,24,0,1,0,0,facebook_ads,0
40,101948,369818,539,1.0,11,428,8,3,15,0,0,1,0,google_ads,0
42,143585,293466,356,0.75,18,516,2,14,27,1,1,1,1,google_ads,1
31,45596,122159,412,0.51,22,544,7,1,11,0,0,1,0,referral,0
33,95791,441606,369,0.57,5,53,4,7,19,0,1,0,0,facebook_ads,0
23,62406,277601,483,0.77,15,88,6,9,5,0,0,0,0,facebook_ads,0
29,60524,311786,575,0.48,7,778,3,6,7,1,0,0,1,facebook_ads,0
32,43332,130669,532,0.42,14,269,7,10,2,0,1,1,0,organic_search,0
43,130160,657897,353,0.88,20,340,3,2,19,0,1,0,0,organic_search,1
34,35764,169948,556,0.83,8,350,4,13,24,0,1,1,1,organic_search,0
53,47563,156542,389,0.59,4,701,0,8,16,1,1,1,0,facebook_ads,0
38,107675,450291,734,0.44,3,510,9,9,26,1,0,0,1,google_ads,1
29,56370,145947,707,0.69,12,601,7,10,24,0,1,1,0,organic_search,1
43,25062,95492,568,0.57,18,781,6,8,3,0,1,0,1,referral,0
30,64645,357150,665,0.64,24,443,4,9,29,0,0,0,0,referral,0
39,142759,526033,650,0.56,15,351,5,1,10,1,0,1,0,referral,1
25,27244,145980,598,0.51,11,431,0,3,12,0,1,0,0,google_ads,0
43,26372,115008,458,0.63,24,88,7,3,23,0,1,0,1,organic_search,0
50,125409,347070,786,0.98,11,82,8,14,27,0,0,0,0,google_ads,0
45,146248,632438,825,0.56,12,93,4,9,29,0,0,1,0,organic_search,1
48,105501,424528,654,0.6,19,662,9,3,2,0,1,0,0,referral,1
54,137450,494073,700,0.6,17,148,6,14,25,0,0,0,0,referral,1
45,84471,209363,704,0.69,6,315,9,10,29,0,1,0,1,google_ads,0
30,130533,478642,395,0.91,21,47,3,1,29,1,0,1,0,organic_search,1
34,36956,84668,691,0.64,8,34,5,3,8,1,0,0,1,referral,0
50,60473,144837,651,0.88,15,866,1,2,25,0,0,0,1,organic_search,0
45,33894,124176,587,0.47,22,421,3,9,9,0,0,0,0,organic_search,0
34,130584,420679,822,0.94,20,189,4,14,23,1,0,0,0,facebook_ads,1
55,118918,678091,461,0.51,10,171,8,1,20,0,0,0,0,organic_search,0
54,89586,313803,481,0.42,15,426,8,11,12,0,0,0,0,google_ads,0
30,36709,184698,848,0.5,12,47,7,2,28,0,0,0,0,referral,0
55,101258,417283,381,0.51,11,609,3,1,5,0,0,0,0,google_ads,0
31,138428,666716,823,0.71,18,143,5,9,23,0,1,1,0,organic_search,1
31,35210,107054,303,0.67,24,563,6,7,13,0,1,1,0,google_ads,0
41,69510,400907,794,0.83,5,561,0,14,5,0,0,0,1,referral,0
41,122081,503016,350,0.43,12,804,0,13,28,0,1,0,0,organic_search,1
42,58674,312456,560,0.7,24,490,3,1,26,0,1,1,0,google_ads,0
27,145251,502595,433,0.6,5,639,2,13,15,0,0,1,0,organic_search,1
37,120025,288161,661,0.78,22,646,9,13,24,1,0,0,0,organic_search,1
22,37733,177150,516,0.43,10,315,3,10,21,1,0,1,0,google_ads,0
32,40080,81404,367,0.42,14,34,8,12,5,0,1,1,0,organic_search,0
38,122200,476723,442,0.66,16,158,1,6,5,0,0,0,1,google_ads,0
31,73412,203439,645,0.89,5,700,3,5,4,1,0,0,0,referral,0
36,144476,651514,493,0.8,11,792,6,10,27,1,0,1,0,organic_search,1
38,78971,467325,545,0.41,19,528,1,14,28,1,0,0,1,google_ads,1
55,59709,230334,613,0.51,8,305,7,11,27,0,0,0,0,referral,0
46,79846,420787,683,0.54,19,112,9,5,28,0,0,0,0,facebook_ads,0
36,85480,344581,576,0.65,20,861,3,4,23,1,0,0,0,organic_search,1
26,131768,524879,371,0.75,22,147,8,3,16,0,0,0,0,referral,0
32,72960,417454,428,0.53,18,58,0,14,18,0,0,1,0,organic_search,0
33,123550,686921,657,0.63,23,387,6,13,10,0,0,1,0,organic_search,1
24,61152,314517,824,0.75,21,679,0,8,29,0,0,0,0,facebook_ads,0
59,47250,150492,519,0.63,12,186,9,7,20,0,0,0,1,referral,0
22,105765,442101,305,0.49,13,60,8,5,27,0,0,0,0,organic_search,0
46,137265,397463,527,0.69,21,872,9,12,3,1,1,0,1,referral,1
47,68137,257262,316,0.59,21,315,9,9,10,0,1,0,0,facebook_ads,0
47,102011,401602,311,0.92,18,694,0,12,13,0,0,1,0,referral,0
35,138922,739976,798,0.87,15,365,2,7,24,0,0,0,1,facebook_ads,0
28,143360,800538,801,0.51,15,599,6,10,23,0,0,0,0,referral,1
27,141280,516870,369,0.49,12,342,0,2,3,1,0,0,0,facebook_ads,0
32,66412,137527,407,0.61,9,628,4,7,4,0,1,0,0,referral,0
33,63876,347938,500,0.65,19,152,5,7,13,0,0,0,0,google_ads,0
37,114547,308946,351,0.96,12,732,2,4,14,0,0,0,1,google_ads,0
37,93664,420319,848,0.58,23,894,5,12,4,0,0,0,0,organic_search,1
56,70227,147468,558,0.92,5,400,3,12,12,0,1,1,1,facebook_ads,0
41,52450,188716,781,0.7,21,834,5,8,16,0,1,0,0,organic_search,1
28,104433,620733,563,0.93,20,343,5,4,10,0,0,1,0,google_ads,0
25,93704,225149,602,0.82,10,57,3,7,23,1,0,1,0,organic_search,0
46,26861,99245,424,0.83,22,184,0,4,24,0,0,0,1,referral,0
36,127294,410981,569,0.71,7,259,2,13,20,0,1,1,0,facebook_ads,1
56,81914,460385,779,0.9,23,578,9,8,24,0,0,0,0,facebook_ads,1
48,83888,459484,431,0.55,11,35,6,14,17,0,0,0,0,referral,0
49,99286,292972,301,0.94,8,502,1,14,29,0,1,1,0,facebook_ads,0
32,81293,188985,414,0.78,21,347,3,3,25,1,1,0,0,facebook_ads,1
57,102524,462234,780,0.66,7,254,5,2,7,0,0,0,0,organic_search,0
50,88515,296124,300,0.99,16,62,4,10,4,0,0,1,1,facebook_ads,0
43,43524,204055,630,0.92,16,118,5,6,24,0,1,0,0,google_ads,0
36,27065,57607,690,0.86,14,363,4,7,12,0,1,1,0,referral,0
34,57684,146148,442,0.56,15,69,8,7,10,0,1,0,0,facebook_ads,0
30,108720,515929,627,0.98,20,710,1,6,2,0,0,0,0,google_ads,0
27,53365,152062,676,0.85,9,404,3,11,14,0,1,0,0,referral,0
57,78876,428324,389,0.76,16,327,0,8,8,1,0,1,0,organic_search,0
49,43704,97650,341,0.95,16,422,6,12,10,0,0,0,0,organic_search,0
23,77857,222821,334,0.5,5,47,0,6,6,0,0,0,0,organic_search,0
35,25622,153584,793,0.48,3,556,5,6,23,0,0,0,0,organic_search,0
56,103797,387402,423,0.74,21,161,9,3,23,1,0,1,1,google_ads,1
39,130468,627794,356,0.43,13,319,9,12,2,0,0,0,0,google_ads,0
33,113955,311171,755,0.8,8,859,8,2,14,0,0,1,0,facebook_ads,1
41,120003,532750,534,0.54,17,835,1,7,11,0,0,0,0,facebook_ads,0
57,111141,545082,691,0.47,5,238,0,6,2,0,1,0,0,organic_search,0
47,114707,373704,791,0.65,6,356,9,1,4,1,0,1,0,referral,1
49,107700,572488,642,0.68,2,532,2,2,6,1,0,1,0,referral,0
40,135404,597628,475,0.5,22,308,5,2,4,1,0,1,0,organic_search,1
45,131733,468507,351,0.42,14,411,6,1,22,0,1,1,0,google_ads,0
26,99332,420230,849,0.65,4,817,7,3,5,0,0,0,0,google_ads,0
56,122390,527139,777,0.86,3,338,3,5,6,0,1,0,0,organic_search,0
22,116856,311087,788,0.92,9,306,7,4,9,0,0,0,0,organic_search,0
42,86201,311265,304,0.46,18,105,6,12,22,1,0,1,1,google_ads,1
52,52694,177774,508,0.71,12,327,7,2,22,1,1,0,0,google_ads,0
36,109766,395553,516,0.56,9,854,4,8,16,0,0,0,0,google_ads,0
38,42995,216885,835,0.62,18,407,9,9,11,0,0,0,0,organic_search,0
25,112320,441434,641,0.96,13,462,6,8,11,0,0,1,0,google_ads,1
56,100141,576938,700,0.61,14,888,3,7,24,1,1,0,0,referral,1
50,102999,326991,761,0.62,10,141,0,10,21,0,1,0,0,google_ads,0
39,28419,104093,510,0.53,3,807,2,2,21,1,0,0,0,facebook_ads,0
43,67952,349805,325,0.98,7,101,9,6,10,0,0,1,0,google_ads,0
54,143028,598443,551,0.67,18,346,8,11,29,1,1,0,0,facebook_ads,1
33,53837,225475,302,0.74,16,50,3,4,27,0,0,1,1,referral,0
49,90799,200970,301,0.67,17,217,4,5,1,1,0,1,1,facebook_ads,0
56,68877,247571,301,0.55,6,150,2,9,22,0,0,1,0,organic_search,0
42,126255,389235,449,0.89,12,371,5,13,17,0,0,0,0,organic_search,0
56,65687,393947,303,0.42,19,682,3,9,27,0,1,0,0,organic_search,0
29,119667,386933,796,0.81,3,333,4,4,8,0,1,1,0,referral,1
59,57276,317193,849,0.76,3,476,6,8,26,0,0,0,0,organic_search,0
39,54523,256527,767,0.49,18,745,6,11,16,0,0,1,0,google_ads,0
58,86055,289460,369,0.5,11,750,8,5,25,1,1,1,1,referral,1
26,74615,311453,500,0.8,6,525,1,9,6,1,0,1,0,referral,0
35,116642,625451,607,0.59,19,550,3,2,14,1,0,0,0,google_ads,1
40,130040,719572,551,0.56,5,214,7,4,25,1,0,0,1,google_ads,0
29,30514,80605,586,0.44,13,837,3,3,2,0,0,0,0,facebook_ads,0
52,67456,226536,591,0.86,5,361,2,7,9,0,0,1,1,organic_search,0
24,27233,90982,453,0.93,3,742,9,14,4,0,1,0,0,google_ads,0
38,21102,45752,432,0.89,19,605,5,2,19,1,1,0,0,referral,0
25,86133,378378,573,0.68,17,379,2,3,17,0,0,0,0,referral,0
40,66715,361547,808,0.72,22,867,1,9,1,0,0,1,0,google_ads,1
43,105193,370941,652,0.55,3,349,8,8,24,0,0,0,1,organic_search,0
31,130545,647521,304,0.5,15,566,2,2,2,0,0,1,0,facebook_ads,0
57,124085,559722,592,0.89,17,441,0,6,17,1,1,1,0,facebook_ads,1
42,129101,452188,659,0.88,13,185,8,14,2,0,0,0,1,organic_search,1
24,26256,67326,513,0.87,14,762,4,3,3,1,0,0,1,organic_search,0
49,141946,686634,705,0.68,16,833,6,12,4,0,0,0,0,referral,1
54,128684,697243,735,0.92,11,680,1,13,13,1,0,0,0,google_ads,1
33,84800,402241,314,0.96,17,562,0,6,27,1,1,0,0,facebook_ads,1
29,148900,308448,572,0.6,5,531,5,14,25,0,0,0,0,organic_search,0
51,114937,329286,344,0.53,21,515,4,5,23,0,0,0,1,referral,0
27,61548,140201,711,0.68,15,183,9,10,12,1,0,1,1,facebook_ads,1
24,92090,394287,486,0.51,18,97,5,4,21,0,0,0,0,referral,0
39,98200,493544,469,0.93,16,521,1,12,5,0,1,0,1,referral,1
50,62367,152319,700,0.6,14,70,6,7,14,0,1,0,0,facebook_ads,0
51,148845,796819,545,0.75,14,556,0,11,6,0,0,0,0,referral,0
55,133815,564971,342,0.76,13,820,7,10,1,0,0,1,0,google_ads,1
41,109922,523215,478,0.71,1,198,6,7,16,1,0,0,0,referral,0
51,90382,531952,756,0.49,6,675,6,4,6,1,0,1,1,google_ads,1
39,147602,344609,834,0.99,23,740,5,3,13,1,0,0,0,organic_search,1
51,146270,819828,543,0.5,11,779,9,4,13,1,1,1,1,facebook_ads,1
52,146320,366445,316,0.85,11,141,4,2,11,0,0,1,1,referral,0
22,46205,165036,411,0.87,16,492,8,4,16,0,0,0,0,google_ads,0
30,45570,246340,846,0.49,24,81,2,4,22,0,0,0,0,referral,0
22,50255,282685,329,0.96,3,678,8,12,14,1,0,0,0,referral,0
22,41182,165777,491,0.69,17,284,4,5,11,0,0,1,0,google_ads,0
44,59373,259841,736,0.78,22,656,7,1,5,0,1,1,0,referral,1
37,63019,304544,478,0.79,14,187,2,2,26,0,1,0,0,facebook_ads,0
52,82619,440444,773,0.7,2,329,6,8,25,1,0,0,1,facebook_ads,0
36,36043,89604,433,0.49,9,456,9,8,26,1,0,1,0,facebook_ads,0
36,65532,343405,611,0.85,8,805,3,8,10,1,0,0,1,facebook_ads,0
59,121290,476075,324,0.75,11,896,4,5,21,0,0,0,0,google_ads,0
51,85936,326771,670,0.47,7,336,3,8,25,0,0,0,0,referral,0
44,39239,145011,824,0.82,22,128,8,9,26,0,1,1,0,google_ads,1
21,30416,122784,618,0.82,2,150,6,14,15,0,0,1,0,referral,0
31,23412,135326,529,0.73,4,631,5,4,7,0,0,0,0,organic_search,0
41,101976,427566,401,0.45,23,59,5,4,3,0,0,0,0,referral,0
24,44406,258119,749,0.61,14,259,9,7,11,0,0,0,0,referral,0
27,21875,59525,677,0.43,13,680,6,5,9,1,0,0,1,facebook_ads,0
46,139231,681750,502,0.69,22,283,4,11,10,1,1,0,0,referral,1
32,57066,299537,566,0.94,13,433,9,10,23,0,0,0,0,organic_search,0
51,122072,575754,761,0.4,13,523,2,1,4,1,0,1,0,google_ads,1
37,25752,114021,664,0.56,5,60,2,8,28,0,1,0,1,facebook_ads,0
53,106753,454687,403,0.88,12,191,6,4,25,0,0,0,0,organic_search,0
31,98025,533620,410,0.41,6,461,9,8,22,0,1,0,0,organic_search,0
48,21353,112884,727,0.41,22,185,0,2,25,1,0,0,0,organic_search,0
52,46986,116955,768,0.77,14,352,3,12,20,0,0,0,1,google_ads,0
21,106907,576693,549,0.87,8,658,9,12,26,1,0,0,0,google_ads,1
48,124901,456672,781,0.87,24,220,7,4,18,0,1,0,0,organic_search,1
27,34691,104585,630,0.87,22,205,3,2,29,1,1,0,0,google_ads,0
22,89847,492278,500,0.62,8,546,0,5,14,0,0,0,0,referral,0
44,68075,253790,753,0.93,7,874,4,10,9,1,0,0,0,referral,1
24,30794,161159,803,0.41,17,553,0,10,26,1,0,0,0,google_ads,0
39,88470,270153,845,0.59,21,600,8,14,28,1,0,0,0,organic_search,1
46,36406,73384,410,0.6,11,862,7,8,20,1,0,0,0,organic_search,0
31,95930,381977,843,0.5,10,849,6,11,16,0,0,0,0,facebook_ads,0
31,135897,326276,508,0.6,13,840,4,7,27,0,0,1,0,organic_search,1
23,46872,235180,332,0.75,10,791,3,11,2,1,1,0,0,facebook_ads,0
32,61708,191560,406,0.71,21,368,6,5,23,0,0,0,0,facebook_ads,0
23,135492,511425,564,0.59,14,634,2,11,7,1,1,1,0,organic_search,1
47,126629,297341,525,0.85,9,348,7,7,5,0,0,0,0,google_ads,0
22,40800,128382,786,0.83,7,140,4,5,21,0,0,0,0,facebook_ads,0
36,63397,324970,478,0.57,7,847,4,7,24,0,0,0,1,facebook_ads,0
22,143313,373524,521,0.59,18,836,0,4,22,0,0,0,0,facebook_ads,0
50,57909,265723,669,0.57,16,502,9,4,17,0,0,0,0,google_ads,0
40,41352,234453,466,0.48,8,877,7,10,11,0,0,1,0,google_ads,0
58,121975,575642,599,0.85,16,46,6,4,28,0,0,1,0,facebook_ads,0
48,113848,597028,680,0.43,19,249,0,11,4,1,1,1,0,google_ads,1
45,125596,305937,334,0.49,15,516,3,8,17,0,0,0,1,facebook_ads,0
52,35438,106417,706,0.46,15,840,3,1,21,1,0,0,0,facebook_ads,0
30,108921,607578,801,0.9,6,334,8,10,5,0,0,0,0,referral,0
53,64999,315922,613,0.43,9,546,9,5,4,1,1,0,0,google_ads,1
33,38482,175409,400,0.8,15,158,1,12,25,0,1,0,0,referral,0
57,52471,244256,514,0.43,7,864,3,10,24,0,1,1,0,referral,0
36,67279,246025,361,0.87,8,653,9,2,10,0,0,1,0,organic_search,0
42,129413,281890,668,0.95,18,53,2,10,3,0,0,1,0,facebook_ads,0
40,126748,651201,667,0.69,21,570,9,4,21,1,0,0,0,facebook_ads,1
47,74213,349903,393,0.88,16,161,4,5,6,1,0,0,0,facebook_ads,0
36,133909,521069,768,0.82,15,585,6,8,21,0,0,0,0,facebook_ads,1
54,33026,184913,325,0.88,3,350,4,2,8,1,0,1,1,referral,0
52,127625,426859,734,0.86,1,526,4,2,5,0,1,0,0,referral,0
46,105184,334199,420,0.52,13,748,3,2,8,1,0,0,0,referral,0
45,25435,139668,349,0.7,22,411,8,14,10,0,0,0,0,referral,0
22,28493,147820,335,0.98,12,245,5,8,26,0,0,1,0,facebook_ads,0
32,92227,374434,709,0.61,9,785,9,12,19,0,0,1,0,google_ads,1
29,79321,200122,588,0.98,2,572,5,14,21,1,0,1,0,google_ads,1
32,22763,65108,678,0.75,9,807,5,3,4,0,0,1,0,facebook_ads,0
46,40389,186795,399,0.68,8,40,5,5,29,0,1,0,1,google_ads,0
29,51498,182311,623,0.79,5,111,0,2,27,0,1,1,0,organic_search,0
30,83755,447745,628,0.89,13,185,5,6,6,0,0,0,1,organic_search,0
52,121545,704939,520,0.64,2,195,3,10,3,0,1,0,0,google_ads,0
54,55825,291548,409,0.42,10,237,1,6,28,0,1,0,0,google_ads,0
40,36934,129645,448,0.83,6,53,5,2,26,1,0,0,0,referral,0
59,25574,131827,705,0.97,7,836,0,4,4,1,0,1,1,facebook_ads,0
22,58179,198144,709,0.77,3,720,0,11,27,1,1,0,1,facebook_ads,1
21,21587,57602,428,0.51,14,361,4,2,4,0,0,1,0,organic_search,0
56,62782,133949,783,0.55,16,591,5,14,5,0,1,1,1,google_ads,1
44,124224,440109,407,0.95,6,548,1,10,27,0,0,0,0,google_ads,0
47,74412,417766,688,0.41,22,540,9,4,15,0,0,0,1,organic_search,0
22,80561,238133,724,0.73,8,641,7,13,16,1,0,0,0,organic_search,1
51,97224,274760,746,0.5,1,622,3,13,6,1,1,0,0,referral,1
34,24409,143507,367,0.57,20,270,3,11,18,0,0,0,0,referral,0
22,147159,309036,365,0.58,15,865,9,7,26,1,0,1,0,google_ads,1
49,91319,469665,803,0.53,17,210,4,5,12,1,0,0,0,organic_search,1
35,119016,391024,803,0.88,24,322,9,10,24,1,1,0,0,google_ads,1
32,46751,100512,620,0.6,18,112,3,4,20,0,0,0,0,organic_search,0
57,58174,329916,746,0.61,24,595,4,10,7,0,1,1,0,organic_search,1
48,142678,365051,509,0.67,3,119,9,10,23,0,0,0,0,organic_search,0
40,76572,322147,669,0.94,24,468,2,3,12,1,0,1,0,facebook_ads,1
59,81416,252081,757,0.81,6,744,7,13,14,1,0,0,1,facebook_ads,1
44,32041,72437,462,0.44,17,572,5,13,13,0,0,0,0,facebook_ads,0
41,43227,95085,631,0.42,23,222,7,13,26,0,0,0,0,referral,0
30,55201,135917,649,0.74,13,517,4,6,11,1,0,1,0,referral,1
34,56069,128143,767,0.93,23,641,6,2,11,0,1,0,0,organic_search,1
57,102190,515265,725,0.59,22,378,9,4,2,0,0,1,0,facebook_ads,1
38,46370,182802,626,0.55,17,118,6,12,14,0,0,1,1,organic_search,0
44,115018,387791,405,0.85,21,152,5,8,15,0,0,0,1,facebook_ads,0
34,145342,533910,554,0.76,16,403,9,2,23,0,0,0,0,referral,0
54,147173,841209,657,0.74,17,76,3,9,28,0,0,1,0,referral,1
32,31586,178240,743,0.49,1,462,5,2,1,1,0,1,0,google_ads,0
42,70231,341512,412,0.51,16,175,8,8,12,0,1,0,1,organic_search,0
26,145758,807314,329,0.57,6,32,3,8,14,1,0,0,0,referral,0
56,25322,83020,823,0.52,8,559,5,7,18,0,0,0,0,facebook_ads,0
56,85294,300613,345,0.98,1,343,5,14,21,1,0,1,1,referral,1
42,99468,443114,470,0.41,2,356,2,13,24,0,0,0,0,facebook_ads,0
34,49299,221574,429,0.78,15,110,3,10,28,0,0,1,0,organic_search,0
36,110715,434755,652,0.71,5,182,2,6,23,0,1,0,0,organic_search,0
56,90793,327093,502,0.59,24,431,2,1,3,0,0,0,0,organic_search,0
45,66501,395329,525,0.93,20,849,9,2,29,0,0,0,1,referral,1
52,77134,407614,379,0.8,15,517,3,7,26,0,0,1,0,referral,0
53,131672,492442,609,1.0,21,840,3,13,25,0,0,1,0,organic_search,1
56,29777,146180,334,0.5,10,96,5,11,12,0,0,1,0,referral,0
40,31249,96192,460,0.45,5,118,3,4,29,1,0,1,0,organic_search,0
38,140902,338260,734,0.48,3,164,5,9,5,0,0,1,0,organic_search,0
58,41390,141128,837,0.56,6,231,1,3,3,0,0,1,0,organic_search,0
23,40369,145808,524,0.65,21,457,3,4,7,0,1,0,1,google_ads,0
43,32881,67937,745,0.92,15,208,1,3,16,1,0,0,0,facebook_ads,0
52,29587,155603,616,0.57,18,368,7,7,20,1,0,1,0,google_ads,0
36,113800,391104,713,0.95,14,108,8,2,17,0,0,1,0,organic_search,0
25,94327,407650,394,0.68,10,626,6,10,21,0,0,0,1,referral,0
24,127009,291593,524,0.79,4,562,5,12,27,1,0,0,0,referral,1
41,107911,291358,365,0.56,11,407,7,12,8,1,0,1,0,google_ads,1
34,108147,601164,696,0.49,20,194,3,2,15,0,1,0,0,organic_search,0
